departamentocodigo,departamentonombre,municipiocodigo,municipionombre,agente,bandera,direccion,producto,precio,estado,fecharegistro
76,valle del cauca,76109,BUENAVENTURA,CI COMBUSTIBLES DEL MAR SAS,BIOMAX,FLOTANTE APROXIMADAMENTE 100 MTS AL SUROCCIDENTE DEL MUELLE TURISTICO DE BUENAVENTURA,BIODIESEL EXTRA,8255,1,2015-01-05T00:00:00.000
76,valle del cauca,76109,BUENAVENTURA,CI COMBUSTIBLES DEL MAR SAS,BIOMAX,FLOTANTE APROXIMADAMENTE 100 MTS AL SUROCCIDENTE DEL MUELLE TURISTICO DE BUENAVENTURA,GASOLINA CORRIENTE OXIGENADA,8439,1,2015-01-05T00:00:00.000
76,valle del cauca,76109,BUENAVENTURA,CI COMBUSTIBLES DEL MAR SAS,BIOMAX,FLOTANTE APROXIMADAMENTE 100 MTS AL SUROCCIDENTE DEL MUELLE TURISTICO DE BUENAVENTURA,GASOLINA CORRIENTE,8439,1,2015-01-05T00:00:00.000
76,valle del cauca,76109,BUENAVENTURA,ESTACION DE SERVICIO COMBUSTIBLES Y LUBRICANTES DEL PACíFICO,TEXACO,Carrera. 21 Calle 9 No. 6-186 La Palera,BIODIESEL EXTRA,10300,1,2015-02-10T00:00:00.000
76,valle del cauca,76109,BUENAVENTURA,ESTACION DE SERVICIO COMBUSTIBLES Y LUBRICANTES DEL PACíFICO,TEXACO,Carrera. 21 Calle 9 No. 6-186 La Palera,GASOLINA EXTRA OXIGENADA,8250,1,2015-02-10T00:00:00.000
76,valle del cauca,76109,BUENAVENTURA,ESTACION DE SERVICIO COMBUSTIBLES Y LUBRICANTES DEL PACíFICO,TEXACO,Carrera. 21 Calle 9 No. 6-186 La Palera,GASOLINA CORRIENTE OXIGENADA,8393,1,2015-02-10T00:00:00.000
76,valle del cauca,76001,SANTIAGO DE CALI,ESTACION DE SERVICIO VILLANUEVA BELEN,MOBIL,CARRERA 29 No. 46A-50,BIODIESEL EXTRA,7868,1,2015-05-07T00:00:00.000
5,antioquia,5250,EL BAGRE,GASOLINERA NORLEIVA,TEXACO,BARRIO LA VICTORIA- DIAGONAL POLIDEPORTIVO,GASOLINA CORRIENTE OXIGENADA,8575,1,2015-07-07T00:00:00.000
5,antioquia,5250,EL BAGRE,GASOLINERA NORLEIVA,TEXACO,BARRIO LA VICTORIA- DIAGONAL POLIDEPORTIVO,BIODIESEL CORRIENTE,8480,1,2015-07-07T00:00:00.000
5,antioquia,5250,EL BAGRE,ESTACION DE SERVICIO MINEROS,TEXACO,CARRERA 46 No. 46-01,GASOLINA CORRIENTE OXIGENADA,8598,1,2015-08-14T00:00:00.000
5,antioquia,5147,CAREPA,ESTACION DE SERVICIO PARADOR EL JHONSON,ZAPATA Y VELASQUEZ,Zungo Embarcader,GASOLINA CORRIENTE OXIGENADA,7379,1,2016-02-29T00:00:00.000
5,antioquia,5120,CACERES,ESTACION DE SERVICIO CANDILEJAS,ZEUSS,BARRIO VILLA DEL RIO VIA AL TIGRE,GASOLINA CORRIENTE OXIGENADA,7990,1,2016-03-01T00:00:00.000
5,antioquia,5120,CACERES,ESTACION DE SERVICIO CANDILEJAS,ZEUSS,BARRIO VILLA DEL RIO VIA AL TIGRE,BIODIESEL EXTRA,7390,1,2016-03-01T00:00:00.000
76,valle del cauca,76834,TULUA,ESTACION DE SERVICIO TEXACO 22 PUENTE NEGRO,TEXACO,CALLE 34 No. 27A-31,GASOLINA EXTRA OXIGENADA,10180,1,2016-04-07T00:00:00.000
76,valle del cauca,76834,TULUA,ESTACION DE SERVICIO TEXACO 22 PUENTE NEGRO,TEXACO,CALLE 34 No. 27A-31,GASOLINA CORRIENTE OXIGENADA,7750,1,2016-04-07T00:00:00.000
76,valle del cauca,76834,TULUA,ESTACION DE SERVICIO TEXACO 22 PUENTE NEGRO,TEXACO,CALLE 34 No. 27A-31,BIODIESEL EXTRA,7410,1,2016-04-07T00:00:00.000
5,antioquia,5129,CALDAS,ESTACION DE SERVICIO PRIMAVERA,ZEUSS,VARIANTE CALDAS KM 0,BIODIESEL EXTRA,8000,1,2016-05-03T00:00:00.000
5,antioquia,5129,CALDAS,ESTACION DE SERVICIO PRIMAVERA,ZEUSS,VARIANTE CALDAS KM 0,GASOLINA EXTRA OXIGENADA,9100,1,2016-05-03T00:00:00.000
5,antioquia,5129,CALDAS,ESTACION DE SERVICIO PRIMAVERA,ZEUSS,VARIANTE CALDAS KM 0,GASOLINA CORRIENTE OXIGENADA,8100,1,2016-05-03T00:00:00.000
5,antioquia,5001,MEDELLIN,MOBIL GUAYABAL,MOBIL,Carrera 50 FF 8 sur 93,GASOLINA CORRIENTE OXIGENADA,7820,1,2016-07-02T00:00:00.000
5,antioquia,5001,MEDELLIN,MOBIL GUAYABAL,MOBIL,Carrera 50 FF 8 sur 93,BIODIESEL EXTRA,7910,1,2016-07-02T00:00:00.000
5,antioquia,5001,MEDELLIN,MOBIL GUAYABAL,MOBIL,Carrera 50 FF 8 sur 93,GASOLINA EXTRA OXIGENADA,10890,1,2016-07-02T00:00:00.000
76,valle del cauca,76892,YUMBO,ESTACION DE SERVICIO ENVIA COLVANES ACOPI,TEXACO,Carrera 35B N 15-155 Acopi,BIODIESEL EXTRA,6483,1,2016-08-01T00:00:00.000
5,antioquia,5154,CAUCASIA,ESTACION DE SERVICIO AUTOMOTRIZ LA MAGNETICA,TEXACO,calle la virgen cuturo,BIODIESEL EXTRA,8580,1,2016-09-08T00:00:00.000
5,antioquia,5154,CAUCASIA,ESTACION DE SERVICIO AUTOMOTRIZ LA MAGNETICA,TEXACO,calle la virgen cuturo,GASOLINA CORRIENTE OXIGENADA,8700,1,2016-09-08T00:00:00.000
5,antioquia,5579,PUERTO BERRIO,SERVICENTRO SAN JUDAS,TERPEL,CRA 1 #53 - 20,GASOLINA CORRIENTE OXIGENADA,7770,1,2016-09-23T00:00:00.000
5,antioquia,5579,PUERTO BERRIO,SERVICENTRO SAN JUDAS,TERPEL,CRA 1 #53 - 20,BIODIESEL EXTRA,7260,1,2016-09-23T00:00:00.000
76,valle del cauca,76147,CARTAGO,MASGAS CARTAGO,BIOMAX,CARRERA 22 No.  9-234,BIODIESEL EXTRA,7544,1,2016-10-03T00:00:00.000
76,valle del cauca,76147,CARTAGO,MASGAS CARTAGO,BIOMAX,CARRERA 22 No.  9-234,GASOLINA CORRIENTE OXIGENADA,7885,1,2016-10-03T00:00:00.000
76,valle del cauca,76001,SANTIAGO DE CALI,ESTACION DE SERVICIO SERVICENTRO MAZ - AUTOS,MOBIL,CALLE 5 No. 66B-66,BIODIESEL EXTRA,7390,1,2016-10-10T00:00:00.000
76,valle del cauca,76001,SANTIAGO DE CALI,ESTACION DE SERVICIO SERVICENTRO MAZ - AUTOS,MOBIL,CALLE 5 No. 66B-66,GASOLINA CORRIENTE OXIGENADA,7390,1,2016-10-10T00:00:00.000
76,valle del cauca,76001,SANTIAGO DE CALI,ESTACION DE SERVICIO SERVICENTRO MAZ - AUTOS,MOBIL,CALLE 5 No. 66B-66,GASOLINA EXTRA OXIGENADA,10160,1,2016-10-10T00:00:00.000
5,antioquia,5250,EL BAGRE,GASOLINERA LA BOYA EFRAIN,TEXACO,AVENIDA RODRIGO MIRA,GASOLINA CORRIENTE OXIGENADA,8400,1,2016-11-01T00:00:00.000
5,antioquia,5250,EL BAGRE,GASOLINERA LA BOYA EFRAIN,TEXACO,AVENIDA RODRIGO MIRA,BIODIESEL EXTRA,8200,1,2016-11-01T00:00:00.000
5,antioquia,5631,SABANETA,ENVIA COLVANES SABANETA,TERPEL,CARRERA 49 No. 57 SUR-18,BIODIESEL EXTRA,6655,1,2016-11-18T00:00:00.000
76,valle del cauca,76036,ANDALUCIA,ESTACION DE SERVICIO AUTOMOTRIZ ANDALUCIA I,TERPEL,CALLE 20 No. 4-83,BIODIESEL EXTRA,7461,1,2017-01-02T00:00:00.000
76,valle del cauca,76036,ANDALUCIA,ESTACION DE SERVICIO AUTOMOTRIZ ANDALUCIA I,TERPEL,CALLE 20 No. 4-83,GASOLINA CORRIENTE OXIGENADA,7909,1,2017-01-02T00:00:00.000
76,valle del cauca,76520,PALMIRA,ESTACION DE SERVICIO PRIVADOS DE COMBUSTIBLES LIQUIDOS REALPES,TERPEL,KILOMETRO 3 VIA ROZO CERRITO,BIODIESEL EXTRA,7034,1,2017-03-02T00:00:00.000
5,antioquia,5040,ANORI,ESTACION DE SERVICIO ANORI,TEXACO,CARRERA 35 Nº 31-189,GASOLINA CORRIENTE OXIGENADA,9050,1,2017-03-07T00:00:00.000
5,antioquia,5040,ANORI,ESTACION DE SERVICIO ANORI,TEXACO,CARRERA 35 Nº 31-189,BIODIESEL EXTRA,8050,1,2017-03-07T00:00:00.000
5,antioquia,5854,VALDIVIA,ESTACION DE SERVICIO LA COPOSA,TERPEL,VEREDA LA COPOSA,KEROSENE,9200,1,2017-04-03T00:00:00.000
5,antioquia,5854,VALDIVIA,ESTACION DE SERVICIO LA COPOSA,TERPEL,VEREDA LA COPOSA,BIODIESEL EXTRA,8310,1,2017-04-03T00:00:00.000
5,antioquia,5854,VALDIVIA,ESTACION DE SERVICIO LA COPOSA,TERPEL,VEREDA LA COPOSA,GASOLINA CORRIENTE OXIGENADA,8910,1,2017-04-03T00:00:00.000
5,antioquia,5837,TURBO,EDS LAS GARZAS,PETROMIL,VEREDA LAS GARZAS KILOMETRO 1,BIODIESEL EXTRA,7730,1,2017-05-02T00:00:00.000
5,antioquia,5837,TURBO,EDS LAS GARZAS,PETROMIL,VEREDA LAS GARZAS KILOMETRO 1,GASOLINA CORRIENTE OXIGENADA,8610,1,2017-05-02T00:00:00.000
5,antioquia,5001,MEDELLIN,ESTACION DE SERVICIO LA 65 CON CALLE SAN JUAN,TERPEL,CARRERA 65 No. 45-85,GASOLINA CORRIENTE OXIGENADA,8270,1,2017-06-01T00:00:00.000
5,antioquia,5001,MEDELLIN,ESTACION DE SERVICIO LA 65 CON CALLE SAN JUAN,TERPEL,CARRERA 65 No. 45-85,GASOLINA EXTRA OXIGENADA,10840,1,2017-06-01T00:00:00.000
76,valle del cauca,76126,CALIMA (DARIEN),ESTACION DE SERVICIO CALIMA 2,TERPEL,VIA JIGUALES CRUCERO LA UNION DE CALIMA DARIEN,GASOLINA CORRIENTE OXIGENADA,8481,1,2017-07-07T00:00:00.000
76,valle del cauca,76126,CALIMA (DARIEN),ESTACION DE SERVICIO CALIMA 2,TERPEL,VIA JIGUALES CRUCERO LA UNION DE CALIMA DARIEN,BIODIESEL EXTRA,8006,1,2017-07-07T00:00:00.000
76,valle del cauca,76892,YUMBO,ESTACION DE SERVICIO SAN AGUSTIN,BIOMAX,CALLE 14 No. 3-24,GASOLINA CORRIENTE OXIGENADA,8390,1,2017-08-03T00:00:00.000
76,valle del cauca,76892,YUMBO,ESTACION DE SERVICIO SAN AGUSTIN,BIOMAX,CALLE 14 No. 3-24,BIODIESEL EXTRA,7750,1,2017-08-03T00:00:00.000
76,valle del cauca,76834,TULUA,ESTACION DE SERVICIO SAN CRISTOBAL,TERPEL,Carrera 28 No 29- 16,GASOLINA CORRIENTE OXIGENADA,8770,1,2017-09-06T00:00:00.000
76,valle del cauca,76834,TULUA,ESTACION DE SERVICIO SAN CRISTOBAL,TERPEL,Carrera 28 No 29- 16,BIODIESEL EXTRA,8110,1,2017-09-06T00:00:00.000
76,valle del cauca,76520,PALMIRA,ESTACION DE SERVICIO SAN FLORIAN SAS,BIOMAX,CARRERA 27 No. 32-60,BIODIESEL EXTRA,7780,1,2017-10-03T00:00:00.000
76,valle del cauca,76520,PALMIRA,ESTACION DE SERVICIO SAN FLORIAN SAS,BIOMAX,CARRERA 27 No. 32-60,GASOLINA CORRIENTE OXIGENADA,8599,1,2017-10-03T00:00:00.000
5,antioquia,5490,NECOCLI,ESTACION DE SERVICIO EL REMANSO,ZAPATA Y VELASQUEZ,CORREGIMIENTO PUEBLO NUEVO,BIODIESEL EXTRA,8800,1,2017-10-17T00:00:00.000
5,antioquia,5490,NECOCLI,ESTACION DE SERVICIO EL REMANSO,ZAPATA Y VELASQUEZ,CORREGIMIENTO PUEBLO NUEVO,GASOLINA CORRIENTE OXIGENADA,9200,1,2017-10-17T00:00:00.000
76,valle del cauca,76109,BUENAVENTURA,EDS DISTRACOM COOMOBUEN,TEXACO,Calle 6 No. 34 - 22 Buenaventura Valle del Cauca,BIODIESEL EXTRA,7960,1,2017-12-01T00:00:00.000
76,valle del cauca,76109,BUENAVENTURA,EDS DISTRACOM COOMOBUEN,TEXACO,Calle 6 No. 34 - 22 Buenaventura Valle del Cauca,GASOLINA CORRIENTE OXIGENADA,8470,1,2017-12-01T00:00:00.000
5,antioquia,5001,MEDELLIN,COOPERATIVA NORTEÑA DE TRANSPORTADORES LTDA,TEXACO,CALLE 39 No. 48-46,BIODIESEL EXTRA,8170,1,2017-12-07T00:00:00.000
76,valle del cauca,76109,BUENAVENTURA,ESTACION DE SERVICIO COMBUSTIBLES JUAN 23,BIOMAX,Carrera 38 No 1 sur 68,GASOLINA CORRIENTE OXIGENADA,8650,1,2017-12-07T00:00:00.000
76,valle del cauca,76109,BUENAVENTURA,ESTACION DE SERVICIO COMBUSTIBLES JUAN 23,BIOMAX,Carrera 38 No 1 sur 68,BIODIESEL EXTRA,8168,1,2017-12-07T00:00:00.000
76,valle del cauca,76109,BUENAVENTURA,ESTACION DE SERVICIO FLUVIAL Y MARITIMA EL PUERTO,PETROMIL,CARRERA 6 No. 21-31,BIODIESEL EXTRA,9150,1,2017-12-09T00:00:00.000
76,valle del cauca,76109,BUENAVENTURA,ESTACION DE SERVICIO FLUVIAL Y MARITIMA EL PUERTO,PETROMIL,CARRERA 6 No. 21-31,GASOLINA CORRIENTE OXIGENADA,9669,1,2017-12-09T00:00:00.000
76,valle del cauca,76109,BUENAVENTURA,ESTACION DE SERVICIO AVE FENIS,BIOMAX,CARRERA 62 BIS CON CALLE 18 B VIA INTERNA ALTERNA GAMBOA,GASOLINA CORRIENTE OXIGENADA,8710,1,2017-12-14T00:00:00.000
76,valle del cauca,76109,BUENAVENTURA,ESTACION DE SERVICIO AVE FENIS,BIOMAX,CARRERA 62 BIS CON CALLE 18 B VIA INTERNA ALTERNA GAMBOA,GASOLINA EXTRA OXIGENADA,10780,1,2017-12-14T00:00:00.000
76,valle del cauca,76109,BUENAVENTURA,ESTACION DE SERVICIO AVE FENIS,BIOMAX,CARRERA 62 BIS CON CALLE 18 B VIA INTERNA ALTERNA GAMBOA,BIODIESEL EXTRA,8055,1,2017-12-14T00:00:00.000
5,antioquia,5790,TARAZA,ESTACION DE SERVICIOS CAUCANA,TERPEL,CORREGIMIENTO LA CAUCANA,GASOLINA CORRIENTE OXIGENADA,8610,1,2017-12-22T00:00:00.000
5,antioquia,5790,TARAZA,ESTACION DE SERVICIOS CAUCANA,TERPEL,CORREGIMIENTO LA CAUCANA,BIODIESEL EXTRA,8299,1,2017-12-22T00:00:00.000
76,valle del cauca,76130,CANDELARIA,ESTACION DE SERVICIO ESSO JUANCHITO,MOBIL,CARRERA 8 No. 94-33,BIODIESEL EXTRA,8284,1,2018-01-19T00:00:00.000
76,valle del cauca,76130,CANDELARIA,ESTACION DE SERVICIO ESSO JUANCHITO,MOBIL,CARRERA 8 No. 94-33,GASOLINA CORRIENTE OXIGENADA,8886,1,2018-01-19T00:00:00.000
76,valle del cauca,76130,CANDELARIA,ESTACION DE SERVICIO ESSO JUANCHITO,MOBIL,CARRERA 8 No. 94-33,GASOLINA EXTRA OXIGENADA,9500,1,2018-01-19T00:00:00.000
5,antioquia,5030,AMAGA,ESTACION DE SERVICIO CAMILOCE,ZEUSS,Vereda Camiloce,GASOLINA EXTRA OXIGENADA,11740,1,2018-02-01T00:00:00.000
76,valle del cauca,76892,YUMBO,COORDINADORA MERCANTIL SA,MOBIL,"Carrera 36 No 13 - 290,",BIODIESEL EXTRA,7611,1,2018-02-01T00:00:00.000
5,antioquia,5030,AMAGA,ESTACION DE SERVICIO CAMILOCE,ZEUSS,Vereda Camiloce,GASOLINA CORRIENTE OXIGENADA,8970,1,2018-02-01T00:00:00.000
5,antioquia,5030,AMAGA,ESTACION DE SERVICIO CAMILOCE,ZEUSS,Vereda Camiloce,BIODIESEL EXTRA,8350,1,2018-02-01T00:00:00.000
76,valle del cauca,76001,SANTIAGO DE CALI,ESTACION DE SERVICIO CEMEX PLANTA CALI NORTE,MOBIL,Transversal 1 Calle 1 Recta Cali-Palmira,BIODIESEL EXTRA,10000,1,2018-02-08T00:00:00.000
76,valle del cauca,76109,BUENAVENTURA,EDS BIOMAX AVE FENIX III,BIOMAX,CARRERA 66 No 6-22,GASOLINA CORRIENTE OXIGENADA,8810,1,2018-03-01T00:00:00.000
76,valle del cauca,76109,BUENAVENTURA,EDS BIOMAX AVE FENIX III,BIOMAX,CARRERA 66 No 6-22,BIODIESEL EXTRA,8230,1,2018-03-01T00:00:00.000
76,valle del cauca,76147,CARTAGO,ESTACION DE SERVICIO LIDER,BIOMAX,CARRERA 3 No 2-56 E,GASOLINA CORRIENTE OXIGENADA,8948,1,2018-03-01T00:00:00.000
5,antioquia,5652,SAN FRANCISCO,ESTACION DE SERVICIO RIO CLARO,TERPEL,Kilómetro 154.5 Autopista Medellín - Bogotá Rio Claro,BIODIESEL EXTRA,8395,1,2018-03-01T00:00:00.000
5,antioquia,5652,SAN FRANCISCO,ESTACION DE SERVICIO RIO CLARO,TERPEL,Kilómetro 154.5 Autopista Medellín - Bogotá Rio Claro,GASOLINA EXTRA OXIGENADA,12000,1,2018-03-01T00:00:00.000
5,antioquia,5652,SAN FRANCISCO,ESTACION DE SERVICIO RIO CLARO,TERPEL,Kilómetro 154.5 Autopista Medellín - Bogotá Rio Claro,GASOLINA CORRIENTE OXIGENADA,9210,1,2018-03-01T00:00:00.000
76,valle del cauca,76147,CARTAGO,ESTACION DE SERVICIO LIDER,BIOMAX,CARRERA 3 No 2-56 E,BIODIESEL EXTRA,8129,1,2018-03-01T00:00:00.000
76,valle del cauca,76895,ZARZAL,ESTACION DE SERVICIO BIOMAX LOS LAGOS,BIOMAX,CALLE 5 No. 7-07,GASOLINA CORRIENTE OXIGENADA,8885,1,2018-03-05T00:00:00.000
76,valle del cauca,76895,ZARZAL,ESTACION DE SERVICIO BIOMAX LOS LAGOS,BIOMAX,CALLE 5 No. 7-07,BIODIESEL EXTRA,8385,1,2018-03-05T00:00:00.000
5,antioquia,5873,VIGIA DEL FUERTE,EDS BIOCOMBUSTIBLES VIGIA DEL FUENTE,ZAPATA Y VELASQUEZ,CARRERA 1 No. 22-130 LOTE,GASOLINA CORRIENTE OXIGENADA,8800,1,2018-03-23T00:00:00.000
5,antioquia,5873,VIGIA DEL FUERTE,EDS BIOCOMBUSTIBLES VIGIA DEL FUENTE,ZAPATA Y VELASQUEZ,CARRERA 1 No. 22-130 LOTE,BIODIESEL EXTRA,8600,1,2018-03-23T00:00:00.000
5,antioquia,5190,CISNEROS,ESTACION DE SERVICIO LA CRISTALINA,ZEUSS,BARRIO LA CRISTALINA,GASOLINA EXTRA OXIGENADA,11900,1,2018-04-01T00:00:00.000
5,antioquia,5190,CISNEROS,ESTACION DE SERVICIO LA CRISTALINA,ZEUSS,BARRIO LA CRISTALINA,GASOLINA CORRIENTE OXIGENADA,9150,1,2018-04-01T00:00:00.000
5,antioquia,5190,CISNEROS,ESTACION DE SERVICIO LA CRISTALINA,ZEUSS,BARRIO LA CRISTALINA,BIODIESEL EXTRA,8510,1,2018-04-01T00:00:00.000
76,valle del cauca,76147,CARTAGO,ESTACION DE SERVICIO EL SAMAN ZARAGOZA,TERPEL,CALLE 10 No. 55-108,BIODIESEL EXTRA,8060,1,2018-04-02T00:00:00.000
5,antioquia,5360,ITAGUI,TEXACO MAXIMO DEL SUR,TEXACO,Carrera 50a No 38  30,GASOLINA CORRIENTE OXIGENADA,8770,1,2018-04-02T00:00:00.000
5,antioquia,5360,ITAGUI,ESTACION DE SERVICIO ITAGUI CON CALLE 50,TERPEL,CALLE 50 No. 52-21,BIODIESEL EXTRA,8210,1,2018-04-02T00:00:00.000
5,antioquia,5360,ITAGUI,TEXACO MAXIMO DEL SUR,TEXACO,Carrera 50a No 38  30,GASOLINA EXTRA OXIGENADA,11250,1,2018-04-02T00:00:00.000
5,antioquia,5360,ITAGUI,ESTACION DE SERVICIO ITAGUI CON CALLE 50,TERPEL,CALLE 50 No. 52-21,GASOLINA EXTRA OXIGENADA,10700,1,2018-04-02T00:00:00.000
76,valle del cauca,76147,CARTAGO,ESTACION DE SERVICIO EL SAMAN ZARAGOZA,TERPEL,CALLE 10 No. 55-108,GASOLINA CORRIENTE OXIGENADA,8660,1,2018-04-02T00:00:00.000
5,antioquia,5360,ITAGUI,TEXACO MAXIMO DEL SUR,TEXACO,Carrera 50a No 38  30,BIODIESEL EXTRA,8130,1,2018-04-02T00:00:00.000
5,antioquia,5483,NARIÑO,ESTACION DE SERVICIO POCITOS,ZEUSS,CARRERA 10 No. 13A-02-06,BIODIESEL EXTRA,8740,1,2018-04-02T00:00:00.000
5,antioquia,5360,ITAGUI,ESTACION DE SERVICIO ITAGUI CON CALLE 50,TERPEL,CALLE 50 No. 52-21,GASOLINA CORRIENTE OXIGENADA,8670,1,2018-04-02T00:00:00.000
5,antioquia,5483,NARIÑO,ESTACION DE SERVICIO POCITOS,ZEUSS,CARRERA 10 No. 13A-02-06,GASOLINA CORRIENTE OXIGENADA,9420,1,2018-04-02T00:00:00.000
5,antioquia,5250,EL BAGRE,ESTACION DE SERVICIO DISTRACOM SARDINA LA Y,TEXACO,VEREDA LA SARDINA SECTOR LA Y,BIODIESEL EXTRA,8340,1,2018-04-03T00:00:00.000
76,valle del cauca,76001,SANTIAGO DE CALI,ESTACION DE SERVICIO LA VIGA,MOBIL,Calle 36 No. 154 - 105 Vereda Cascajal - Corregimiento El Hormiguero Vía Jamundí,BIODIESEL EXTRA,8380,1,2018-04-03T00:00:00.000
76,valle del cauca,76001,SANTIAGO DE CALI,ESTACION DE SERVICIO LA VIGA,MOBIL,Calle 36 No. 154 - 105 Vereda Cascajal - Corregimiento El Hormiguero Vía Jamundí,GASOLINA CORRIENTE OXIGENADA,8990,1,2018-04-03T00:00:00.000
76,valle del cauca,76113,BUGALAGRANDE,ESTACION DE SERVICIO BUGALAGRANDE,BIOMAX,CARRERA 1 No. 6- 50,GASOLINA CORRIENTE OXIGENADA,9060,1,2018-04-03T00:00:00.000
76,valle del cauca,76113,BUGALAGRANDE,ESTACION DE SERVICIO BUGALAGRANDE,BIOMAX,CARRERA 1 No. 6- 50,BIODIESEL EXTRA,8150,1,2018-04-03T00:00:00.000
76,valle del cauca,76001,SANTIAGO DE CALI,ESTACION DE SERVICIO LA VIGA,MOBIL,Calle 36 No. 154 - 105 Vereda Cascajal - Corregimiento El Hormiguero Vía Jamundí,GASOLINA EXTRA OXIGENADA,11580,1,2018-04-03T00:00:00.000
5,antioquia,5240,EBEJICO,ESTACION DE SERVICIO LA ALDEA DE SEVILLA,TERPEL,CALLE 17 No. 5-241 CORREGIMIENTO DE SEVILLA,BIODIESEL EXTRA,8145,1,2018-04-03T00:00:00.000
5,antioquia,5240,EBEJICO,ESTACION DE SERVICIO LA ALDEA DE SEVILLA,TERPEL,CALLE 17 No. 5-241 CORREGIMIENTO DE SEVILLA,GASOLINA CORRIENTE OXIGENADA,7604,1,2018-04-03T00:00:00.000
76,valle del cauca,76520,PALMIRA,ESTACION DE SERVICIO FATIMA PALMIRA,TERPEL,Calle 42 No 29-31,GASOLINA CORRIENTE OXIGENADA,8760,1,2018-04-03T00:00:00.000
5,antioquia,5250,EL BAGRE,ESTACION DE SERVICIO DISTRACOM SARDINA LA Y,TEXACO,VEREDA LA SARDINA SECTOR LA Y,GASOLINA CORRIENTE OXIGENADA,9200,1,2018-04-03T00:00:00.000
76,valle del cauca,76520,PALMIRA,ESTACION DE SERVICIO FATIMA PALMIRA,TERPEL,Calle 42 No 29-31,BIODIESEL EXTRA,8210,1,2018-04-03T00:00:00.000
5,antioquia,5664,SAN PEDRO DE LOS MILAGROS,ESTACION DE SERVICIO DISTRACOM LA PERLA,MOBIL,KILOMETRO 1 VIA SAN PEDRO,BIODIESEL EXTRA,8300,1,2018-04-04T00:00:00.000
76,valle del cauca,76377,LA CUMBRE,ESTACION DE SERVICIO ARBOLEDAS,PETROMIL,CORREGIMIENTO DE ARBOLEDAS VIA PAVAS DE LA CUMBRE,GASOLINA CORRIENTE OXIGENADA,8650,1,2018-04-04T00:00:00.000
76,valle del cauca,76109,BUENAVENTURA,ESTACION DE SERVICIO AUTOMOTRIZ CENTRO DE ABASTO ALFA Y OMEGA,BIOMAX,SAN FRANCISCO RIO NAYA,BIODIESEL EXTRA,10510,1,2018-04-04T00:00:00.000
5,antioquia,5664,SAN PEDRO DE LOS MILAGROS,ESTACION DE SERVICIO DISTRACOM LA PERLA,MOBIL,KILOMETRO 1 VIA SAN PEDRO,GASOLINA EXTRA OXIGENADA,11470,1,2018-04-04T00:00:00.000
5,antioquia,5664,SAN PEDRO DE LOS MILAGROS,ESTACION DE SERVICIO DISTRACOM LA PERLA,MOBIL,KILOMETRO 1 VIA SAN PEDRO,GASOLINA CORRIENTE OXIGENADA,8910,1,2018-04-04T00:00:00.000
76,valle del cauca,76109,BUENAVENTURA,ESTACION DE SERVICIO AUTOMOTRIZ CENTRO DE ABASTO ALFA Y OMEGA,BIOMAX,SAN FRANCISCO RIO NAYA,GASOLINA EXTRA OXIGENADA,7742,1,2018-04-04T00:00:00.000
76,valle del cauca,76377,LA CUMBRE,ESTACION DE SERVICIO ARBOLEDAS,PETROMIL,CORREGIMIENTO DE ARBOLEDAS VIA PAVAS DE LA CUMBRE,BIODIESEL EXTRA,8450,1,2018-04-04T00:00:00.000
76,valle del cauca,76109,BUENAVENTURA,ESTACION DE SERVICIO AUTOMOTRIZ CENTRO DE ABASTO ALFA Y OMEGA,BIOMAX,SAN FRANCISCO RIO NAYA,GASOLINA CORRIENTE OXIGENADA,8287,1,2018-04-04T00:00:00.000
76,valle del cauca,76736,SEVILLA,ESTACION DE SERVICIO CODI,BIOMAX,CALLE 58 No. 50-11,BIODIESEL EXTRA,8880,1,2018-04-05T00:00:00.000
76,valle del cauca,76736,SEVILLA,ESTACION DE SERVICIO CODI,BIOMAX,CALLE 58 No. 50-11,GASOLINA CORRIENTE OXIGENADA,9160,1,2018-04-05T00:00:00.000
76,valle del cauca,76001,SANTIAGO DE CALI,EMPRESA DE TRANSPORTES CANAVERAL,TERPEL,CARRERA 94 No. 1 OESTE No. 2 A BIS - 06,BIODIESEL EXTRA,7708,1,2018-04-07T00:00:00.000
5,antioquia,5154,CAUCASIA,ESTACION DE SERVICIO R Y R,TEXACO,CALLE DEL PUERTO CORREGIMIENTO CUTURU,GASOLINA CORRIENTE OXIGENADA,8830,1,2018-04-08T00:00:00.000
5,antioquia,5154,CAUCASIA,ESTACION DE SERVICIO R Y R,TEXACO,CALLE DEL PUERTO CORREGIMIENTO CUTURU,BIODIESEL EXTRA,8630,1,2018-04-08T00:00:00.000
5,antioquia,5665,SAN PEDRO DE URABA,EDS BIOCOMBUSTIBLES SAN PEDRO DE URABA,ZAPATA Y VELASQUEZ,CALLE 50 N° 30-31,BIODIESEL EXTRA,8400,1,2018-04-19T00:00:00.000
5,antioquia,5665,SAN PEDRO DE URABA,EDS BIOCOMBUSTIBLES SAN PEDRO DE URABA,ZAPATA Y VELASQUEZ,CALLE 50 N° 30-31,GASOLINA CORRIENTE OXIGENADA,8800,1,2018-04-19T00:00:00.000
5,antioquia,5756,SONSON,ESTACION DE SERVICIO Y LUBRICANTES SAN MIGUEL,BIOMAX,CALLE 1 No. 29-62 CORREGIMIENTO SAN MIGUEL,BIODIESEL EXTRA,8000,1,2018-04-23T00:00:00.000
5,antioquia,5756,SONSON,ESTACION DE SERVICIO Y LUBRICANTES SAN MIGUEL,BIOMAX,CALLE 1 No. 29-62 CORREGIMIENTO SAN MIGUEL,GASOLINA CORRIENTE OXIGENADA,9000,1,2018-04-23T00:00:00.000
76,valle del cauca,76246,EL CAIRO,ESTACION DE SERVICIO LOS PACHOS,BIOMAX,CALLE 5 No. 5-30,GASOLINA CORRIENTE OXIGENADA,9717,1,2018-04-24T00:00:00.000
76,valle del cauca,76246,EL CAIRO,ESTACION DE SERVICIO LOS PACHOS,BIOMAX,CALLE 5 No. 5-30,BIODIESEL EXTRA,9000,1,2018-04-24T00:00:00.000
5,antioquia,5240,EBEJICO,ESTACION DE SERVICIO LOS BUCAROS EBEJICO,ZAPATA Y VELASQUEZ,Carrera 20 No. 15-30,BIODIESEL EXTRA,9220,1,2018-04-26T00:00:00.000
5,antioquia,5240,EBEJICO,ESTACION DE SERVICIO LOS BUCAROS EBEJICO,ZAPATA Y VELASQUEZ,Carrera 20 No. 15-30,GASOLINA CORRIENTE OXIGENADA,9730,1,2018-04-26T00:00:00.000
5,antioquia,5040,ANORI,ESTACION DE SERVICIO BOMBA CRUCES,ZAPATA Y VELASQUEZ,VEREDA CRUCES,GASOLINA CORRIENTE OXIGENADA,8155,1,2018-04-27T00:00:00.000
5,antioquia,5040,ANORI,ESTACION DE SERVICIO BOMBA CRUCES,ZAPATA Y VELASQUEZ,VEREDA CRUCES,BIODIESEL EXTRA,7600,1,2018-04-27T00:00:00.000
5,antioquia,5665,SAN PEDRO DE URABA,ESTACION DE GASOLINA SITIO ROJO,ZAPATA Y VELASQUEZ,CORREGIMIENTO SANTA CATALINA,BIODIESEL EXTRA,9000,1,2018-04-30T00:00:00.000
5,antioquia,5665,SAN PEDRO DE URABA,ESTACION DE GASOLINA SITIO ROJO,ZAPATA Y VELASQUEZ,CORREGIMIENTO SANTA CATALINA,GASOLINA CORRIENTE OXIGENADA,9990,1,2018-04-30T00:00:00.000
76,valle del cauca,76520,PALMIRA,ESTACION DE SERVICIO SERVIBERNA,MOBIL,CARRERA 32 # 11-20,GASOLINA CORRIENTE OXIGENADA,8811,1,2018-05-01T00:00:00.000
76,valle del cauca,76377,LA CUMBRE,ESTACION DE SERVICIO BIOCUMBRE,BIOMAX,CARRERA 8 SN No. 4-11,GASOLINA CORRIENTE OXIGENADA,8932,1,2018-05-01T00:00:00.000
76,valle del cauca,76520,PALMIRA,ESTACION DE SERVICIO SERVIBERNA,MOBIL,CARRERA 32 # 11-20,BIODIESEL EXTRA,8291,1,2018-05-01T00:00:00.000
76,valle del cauca,76520,PALMIRA,ESTACION DE SERVICIO PLAZA MADERO,MOBIL,Palmira Vía Glorieta Intersección Desnivel Calzada Derecha Km. 12 900,GASOLINA EXTRA OXIGENADA,12350,1,2018-05-01T00:00:00.000
5,antioquia,5138,CAÑASGORDAS,LAS HELICONIAS,ZEUSS,PARAJE IMANTAGO,GASOLINA CORRIENTE OXIGENADA,9060,1,2018-05-01T00:00:00.000
76,valle del cauca,76001,SANTIAGO DE CALI,ESTACION DE SERVICIO SUR AUTOPISTA,MOBIL,CARRERA 46 No. 10-15,GASOLINA EXTRA OXIGENADA,11600,1,2018-05-01T00:00:00.000
76,valle del cauca,76109,BUENAVENTURA,SERVICENTRO ESSO NO 134,MOBIL,Calle 3 No. 2 - 18,BIODIESEL EXTRA,8398,1,2018-05-01T00:00:00.000
5,antioquia,5315,GUADALUPE,BOMBA LOS PINOS,ZEUSS,CALLE 51 A No 45-03   17,BIODIESEL EXTRA,8810,1,2018-05-01T00:00:00.000
5,antioquia,5480,MUTATA,DISTRICOMBUSTIBLES,TERPEL,CALLE 10 No. 10-13,GASOLINA EXTRA OXIGENADA,9500,1,2018-05-01T00:00:00.000
76,valle del cauca,76001,SANTIAGO DE CALI,ESTACION DE SERVICIO VEHICULOS Y PROPIEDADES COMPAÑIA SAS,MOBIL,Calle 70 No.26M-03,BIODIESEL EXTRA,8400,1,2018-05-01T00:00:00.000
5,antioquia,5001,MEDELLIN,ESTACION DE SERVICIO ZULY,TERPEL,Transversal 51 A No.67B - 246,GASOLINA EXTRA OXIGENADA,11340,1,2018-05-01T00:00:00.000
76,valle del cauca,76147,CARTAGO,LA PRINCIPAL ESTACION DE SERVICIO CARTAGO,TERPEL,CALLE 1 DIAGONAL 3,GASOLINA CORRIENTE OXIGENADA,8850,1,2018-05-01T00:00:00.000
5,antioquia,5887,YARUMAL,ESTACION DE SERVICIO ANA MARIA,TEXACO,LA VARIANTE KILOMETRO 2 FINCA LOS PICADORES,BIODIESEL EXTRA,8600,1,2018-05-01T00:00:00.000
76,valle del cauca,76001,SANTIAGO DE CALI,EDS TERPEL EL LIMONAR,TERPEL,CALLE 14 No. 70-06,GASOLINA CORRIENTE OXIGENADA,8630,1,2018-05-01T00:00:00.000
5,antioquia,5664,SAN PEDRO DE LOS MILAGROS,FUENTES DE SAN JOSE,ZEUSS,Carrera 52 No 44 A - 01  SAN PEDRO DE LOS MILAGROS,GASOLINA CORRIENTE OXIGENADA,9153,1,2018-05-01T00:00:00.000
76,valle del cauca,76001,SANTIAGO DE CALI,INTEGRAL DE SERVICIOS AUTOMOVILISTICOS,BIOMAX,CALLE 13 No. 31-42,GASOLINA CORRIENTE OXIGENADA,8740,1,2018-05-01T00:00:00.000
5,antioquia,5001,MEDELLIN,ESTACION DE SERVICIO ROBLEDO,MOBIL,DIAGONAL 80 No. 76-95,GASOLINA EXTRA OXIGENADA,11750,1,2018-05-01T00:00:00.000
5,antioquia,5001,MEDELLIN,ESTACION DE SERVICIO TERPEL LA 65,TERPEL,CARRERA 65 No. 78-190,GASOLINA EXTRA OXIGENADA,12140,1,2018-05-01T00:00:00.000
5,antioquia,5854,VALDIVIA,ESTACION DE SERVICIOS LA CASCADA,TERPEL,CALLE LA ARROCERA,BIODIESEL EXTRA,8350,1,2018-05-01T00:00:00.000
5,antioquia,5001,MEDELLIN,SERVICENTRO ESSO 34 EL POBLADO,MOBIL,Carrera 43 A No 11 - 19,BIODIESEL EXTRA,9260,1,2018-05-01T00:00:00.000
76,valle del cauca,76111,GUADALAJARA DE BUGA,ESTACION DE SERVICIO LA GLORIETA NO2,MOBIL,CARRERA 24A No. 1BN-04 KILOMETRO 0 MAS 100 METROS CARRETERA VARIANTE BUGA - TULUA,BIODIESEL EXTRA,8330,1,2018-05-01T00:00:00.000
76,valle del cauca,76823,TORO,ESTACION DE SERVICIO TORO,BIOMAX,Carrera 1 No 18 - 30,BIODIESEL EXTRA,8506,1,2018-05-01T00:00:00.000
76,valle del cauca,76001,SANTIAGO DE CALI,ESTACION DE SERVICIO SUR AUTOPISTA,MOBIL,CARRERA 46 No. 10-15,GASOLINA CORRIENTE OXIGENADA,8590,1,2018-05-01T00:00:00.000
5,antioquia,5887,YARUMAL,SERVICENTRO LOS YARUMOS,TERPEL,"Carretera troncal Kilómetro 1 Yarumal, Antioquia",BIODIESEL EXTRA,8520,1,2018-05-01T00:00:00.000
76,valle del cauca,76054,ARGELIA,ESTACION DE SERVICIO VILLA NUBIA,PETROMIL,Carrera 6 No. 1 B-70,GASOLINA CORRIENTE OXIGENADA,9113,1,2018-05-01T00:00:00.000
76,valle del cauca,76147,CARTAGO,LA PRINCIPAL ESTACION DE SERVICIO CARTAGO,TERPEL,CALLE 1 DIAGONAL 3,BIODIESEL EXTRA,8190,1,2018-05-01T00:00:00.000
5,antioquia,5890,YOLOMBO,ESTACION VILLA NUEVA,TERPEL,VIA AMALFI KILOMETRO 68 VEREDA VILLA NUEVA,BIODIESEL EXTRA,9077,1,2018-05-01T00:00:00.000
76,valle del cauca,76233,DAGUA,SERVI K 30,BIOMAX,KILOMETRO 30 VIA AL CARMEN,GASOLINA CORRIENTE OXIGENADA,9152,1,2018-05-01T00:00:00.000
5,antioquia,5858,VEGACHI,ESTACION DE SERVICIO  EL TRAPICHE,ZEUSS,CARRERA 50 No. 60A-82,BIODIESEL EXTRA,8360,1,2018-05-01T00:00:00.000
5,antioquia,5858,VEGACHI,ESTACION DE SERVICIO LA BOMBA,ZEUSS,CARRERA 50 No. 47 - 180,BIODIESEL EXTRA,8360,1,2018-05-01T00:00:00.000
76,valle del cauca,76001,SANTIAGO DE CALI,ESTACION DE SERVICIO SERVICIOS GUADALUPE,MOBIL,Calle 10 No 52 - 50,GASOLINA EXTRA OXIGENADA,11672,1,2018-05-01T00:00:00.000
5,antioquia,5154,CAUCASIA,ESTACION DE SERVICIO SAN RAFAEL DEL ORIENTE,PETROMIL,CARRERA 20 No 2 -177,GASOLINA CORRIENTE OXIGENADA,9220,1,2018-05-01T00:00:00.000
76,valle del cauca,76233,DAGUA,SERVI K 30,BIOMAX,KILOMETRO 30 VIA AL CARMEN,BIODIESEL EXTRA,8553,1,2018-05-01T00:00:00.000
76,valle del cauca,76111,GUADALAJARA DE BUGA,ESTACION DE SERVICIO TERPEL IMPERIAL,TERPEL,CALLE 16 CRUCE CON CARRETERA CENTRAL DEL VALLE LOTE DE TERRENO NO 3,GASOLINA EXTRA OXIGENADA,11070,1,2018-05-01T00:00:00.000
5,antioquia,5664,SAN PEDRO DE LOS MILAGROS,FUENTES DE SAN JOSE,ZEUSS,Carrera 52 No 44 A - 01  SAN PEDRO DE LOS MILAGROS,BIODIESEL EXTRA,8480,1,2018-05-01T00:00:00.000
76,valle del cauca,76001,SANTIAGO DE CALI,COMERCIALIZADORA ARO SAS,TEXACO,CALLE 27 No. 33B-25,BIODIESEL EXTRA,8317,1,2018-05-01T00:00:00.000
5,antioquia,5284,FRONTINO,EDS MURRI,ZEUSS,CALLE 13 NO. 10-04 NUTIBARA,BIODIESEL EXTRA,9140,1,2018-05-01T00:00:00.000
5,antioquia,5001,MEDELLIN,SERVICENTRO ESSO 34 EL POBLADO,MOBIL,Carrera 43 A No 11 - 19,GASOLINA EXTRA OXIGENADA,11900,1,2018-05-01T00:00:00.000
5,antioquia,5854,VALDIVIA,ESTACION DE SERVICIO MONTERREY DE VALDIVIA,TERPEL,CARRERA 11 TRONCAL VIA A A LA COSTA,GASOLINA EXTRA OXIGENADA,11410,1,2018-05-01T00:00:00.000
5,antioquia,5212,COPACABANA,TRONCAL DEL NORTE,MOBIL,Autopista Norte Km. 16,BIODIESEL EXTRA,8386,1,2018-05-01T00:00:00.000
76,valle del cauca,76001,SANTIAGO DE CALI,COMERCIALIZADORA ARO SAS,TEXACO,CALLE 27 No. 33B-25,GASOLINA EXTRA OXIGENADA,11910,1,2018-05-01T00:00:00.000
76,valle del cauca,76364,JAMUNDI,ESTACION DE SERVICIO C Y C,TERPEL,AVENIDA CIRCURVALAR CARRERA 4 No. 6-90,BIODIESEL EXTRA,8338,1,2018-05-01T00:00:00.000
5,antioquia,5861,VENECIA,ESTACION DE SERVICIO ZEUSS BOLOMBOLO,ZEUSS,CALLE PRINCIPAL BOLOMBOLO,GASOLINA CORRIENTE OXIGENADA,9330,1,2018-05-01T00:00:00.000
5,antioquia,5093,BETULIA,ESTACION DE SERVICIO BOMBA VILLA LUZ,TERPEL,Carrera 21 Calle 15 212,BIODIESEL EXTRA,9290,1,2018-05-01T00:00:00.000
76,valle del cauca,76001,SANTIAGO DE CALI,ESTACION DE SERVICIO EL PORTON - SANTIAGO DE CALI,BIOMAX,CALLE 70 No. 1-65,GASOLINA EXTRA OXIGENADA,10980,1,2018-05-01T00:00:00.000
5,antioquia,5212,COPACABANA,TRONCAL DEL NORTE,MOBIL,Autopista Norte Km. 16,GASOLINA CORRIENTE OXIGENADA,8739,1,2018-05-01T00:00:00.000
76,valle del cauca,76001,SANTIAGO DE CALI,INTEGRAL DE SERVICIOS AUTOMOVILISTICOS,BIOMAX,CALLE 13 No. 31-42,GASOLINA EXTRA OXIGENADA,11590,1,2018-05-01T00:00:00.000
5,antioquia,5154,CAUCASIA,ESTACION DE SERVICIO SAN RAFAEL DEL ORIENTE,PETROMIL,CARRERA 20 No 2 -177,BIODIESEL EXTRA,8640,1,2018-05-01T00:00:00.000
5,antioquia,5670,SAN ROQUE,AUTOCENTRO LAS PALMERAS,TERPEL,CARRERA 17 N 24 A 107,BIODIESEL EXTRA,8120,1,2018-05-01T00:00:00.000
5,antioquia,5837,TURBO,ESTACION DE SERVICIO GRAN PARADA DE URABA,PETROMIL,CARRERA 30 No. 25-75 CORREGIMIENTO EL TRES,GASOLINA CORRIENTE OXIGENADA,9200,1,2018-05-01T00:00:00.000
5,antioquia,5425,MACEO,ESTACION DE SERVICIO SERVICENTRO PUERTO NUS,ZEUSS,Autopista Cisneros - Puerto Berrío Km 35-800,GASOLINA EXTRA OXIGENADA,11400,1,2018-05-01T00:00:00.000
76,valle del cauca,76892,YUMBO,ESTACION DE SERVICIO COEXITO,MOBIL,CALLE 10 No. 35-231 ACOPI DE YUMBO,GASOLINA CORRIENTE OXIGENADA,8590,1,2018-05-01T00:00:00.000
5,antioquia,5001,MEDELLIN,SERVICENTRO ESSO NO43,MOBIL,Carrera 70 No.53-21,GASOLINA EXTRA OXIGENADA,11790,1,2018-05-01T00:00:00.000
5,antioquia,5631,SABANETA,ESTACION DE SERVICIO EXITO VARIANTE CALDAS,MOBIL,CALLE 84 SUR No. 29-175,BIODIESEL EXTRA,7990,1,2018-05-01T00:00:00.000
76,valle del cauca,76306,GINEBRA,ESTACION DE SERVICIO CERRITO VALLE,MOBIL,Ginebra Vía Palmira-Buga Km. 21-250 m,GASOLINA EXTRA OXIGENADA,11650,1,2018-05-01T00:00:00.000
5,antioquia,5101,CIUDAD BOLIVAR,EDS MULTISERVICIOS LIBARDO RINCON BOLIVAR,MOBIL,CALLE 49 No. 41-35,GASOLINA CORRIENTE OXIGENADA,9300,1,2018-05-01T00:00:00.000
5,antioquia,5001,MEDELLIN,ESTACION DE SERVICIO MÓBIL LOS ALMENDROS,MOBIL,AVENIDA 33 No. 75C-145,BIODIESEL EXTRA,8520,1,2018-05-01T00:00:00.000
5,antioquia,5837,TURBO,ESTACION DE SERVICIO GRAN PARADA DE URABA,PETROMIL,CARRERA 30 No. 25-75 CORREGIMIENTO EL TRES,BIODIESEL EXTRA,8490,1,2018-05-01T00:00:00.000
76,valle del cauca,76892,YUMBO,ESTACION DE SERVICIO COEXITO,MOBIL,CALLE 10 No. 35-231 ACOPI DE YUMBO,GASOLINA EXTRA OXIGENADA,11550,1,2018-05-01T00:00:00.000
5,antioquia,5101,CIUDAD BOLIVAR,EDS MULTISERVICIOS LIBARDO RINCON BOLIVAR,MOBIL,CALLE 49 No. 41-35,GASOLINA EXTRA OXIGENADA,11700,1,2018-05-01T00:00:00.000
5,antioquia,5861,VENECIA,ESTACION DE SERVICIO ZEUSS BOLOMBOLO,ZEUSS,CALLE PRINCIPAL BOLOMBOLO,BIODIESEL EXTRA,8730,1,2018-05-01T00:00:00.000
5,antioquia,5607,EL RETIRO,ESTACION DE SERVICIO EXITO EL RETIRO,MOBIL,Vereda Los Salados El Retiro,GASOLINA EXTRA OXIGENADA,11550,1,2018-05-01T00:00:00.000
76,valle del cauca,76001,SANTIAGO DE CALI,ESTACION DE SERVICIO SUR AUTOPISTA,MOBIL,CARRERA 46 No. 10-15,BIODIESEL EXTRA,9070,1,2018-05-01T00:00:00.000
76,valle del cauca,76306,GINEBRA,ESTACION DE SERVICIO CERRITO VALLE,MOBIL,Ginebra Vía Palmira-Buga Km. 21-250 m,GASOLINA CORRIENTE OXIGENADA,8850,1,2018-05-01T00:00:00.000
76,valle del cauca,76054,ARGELIA,ESTACION DE SERVICIO VILLA NUBIA,PETROMIL,Carrera 6 No. 1 B-70,BIODIESEL EXTRA,8485,1,2018-05-01T00:00:00.000
5,antioquia,5607,EL RETIRO,LA FE,TEXACO,centro comercial la fe,GASOLINA EXTRA OXIGENADA,11600,1,2018-05-01T00:00:00.000
5,antioquia,5631,SABANETA,ESTACION DE SERVICIO EXITO VARIANTE CALDAS,MOBIL,CALLE 84 SUR No. 29-175,GASOLINA EXTRA OXIGENADA,11540,1,2018-05-01T00:00:00.000
76,valle del cauca,76364,JAMUNDI,ESTACION DE SERVICIO LA YET DEL VALLE,TERPEL,Carrera 3 No.1-32 Corregimiento Timba,BIODIESEL EXTRA,8684,1,2018-05-01T00:00:00.000
5,antioquia,5736,SEGOVIA,ESTACION DE SERVICIO SERVICENTRO EL CENTENARIO,ZEUSS,CALLE 47 No.56 - 25,GASOLINA CORRIENTE OXIGENADA,9040,1,2018-05-01T00:00:00.000
76,valle del cauca,76377,LA CUMBRE,ESTACION EL MIRADOR,BIOMAX,CALLE 5 A No. 10-52,GASOLINA CORRIENTE OXIGENADA,8932,1,2018-05-01T00:00:00.000
5,antioquia,5250,EL BAGRE,ESTACION DE SERVICIO AUTOMOTRIZ TEXACO PUERTO LOPEZ,PETROMIL,Corregimiento de Puerto López,GASOLINA CORRIENTE OXIGENADA,9590,1,2018-05-01T00:00:00.000
5,antioquia,5001,MEDELLIN,ESTACION DE SERVICIO ROBLEDO,MOBIL,DIAGONAL 80 No. 76-95,BIODIESEL EXTRA,8325,1,2018-05-01T00:00:00.000
76,valle del cauca,76001,SANTIAGO DE CALI,ESTACION DE SERVICIO TERPEL CARRERA PRIMERA,TERPEL,CARRERA 1 No.47-58,GASOLINA CORRIENTE OXIGENADA,8630,1,2018-05-01T00:00:00.000
76,valle del cauca,76130,CANDELARIA,EDS EL CARRETERO JUANCHITO,ESSO,CARRERA 8 No. 94 - 19,GASOLINA CORRIENTE OXIGENADA,9130,1,2018-05-01T00:00:00.000
76,valle del cauca,76892,YUMBO,ESTACION DE SERVICIO COEXITO,MOBIL,CALLE 10 No. 35-231 ACOPI DE YUMBO,BIODIESEL EXTRA,8360,1,2018-05-01T00:00:00.000
76,valle del cauca,76001,SANTIAGO DE CALI,ESTACION DE SERVICIO VEHICULOS Y PROPIEDADES COMPAÑIA SAS,MOBIL,Calle 70 No.26M-03,GASOLINA EXTRA OXIGENADA,11220,1,2018-05-01T00:00:00.000
5,antioquia,5034,ANDES,ESTACION DE SERVICIO LA CHAPARRALA,ZEUSS,AVENIDA RAFAEL ARANGO TORO,GASOLINA EXTRA OXIGENADA,11930,1,2018-05-01T00:00:00.000
5,antioquia,5490,NECOCLI,COMBUSTIBLES DE URABA,PETROMIL,CALLE 50 No. 43-12,GASOLINA CORRIENTE OXIGENADA,9890,1,2018-05-01T00:00:00.000
76,valle del cauca,76111,GUADALAJARA DE BUGA,ESTACION DE SERVICIO TERPEL IMPERIAL,TERPEL,CALLE 16 CRUCE CON CARRETERA CENTRAL DEL VALLE LOTE DE TERRENO NO 3,BIODIESEL EXTRA,8070,1,2018-05-01T00:00:00.000
5,antioquia,5001,MEDELLIN,ESTACION DE SERVICIO ESSO NO 18,MOBIL,Carrera 49 No 83 - 142,GASOLINA CORRIENTE OXIGENADA,9000,1,2018-05-01T00:00:00.000
5,antioquia,5038,ANGOSTURA,ESTACION TERPEL TIPO B,TERPEL,CARRERA 10 NO 17-87,BIODIESEL EXTRA,8878,1,2018-05-01T00:00:00.000
76,valle del cauca,76520,PALMIRA,ESTACION DE SERVICIO PALMASECA AEROPUERTO,PETROBRAS,GLORIETA AEROPUERTO ALFONSO BONILLA ARAGON,GASOLINA EXTRA OXIGENADA,12290,1,2018-05-01T00:00:00.000
5,antioquia,5361,ITUANGO,ESTACION DE SERVICIO ITUANGO,ZEUSS,Calle Santa Bárbara con Carrera Córdoba,GASOLINA CORRIENTE OXIGENADA,10400,1,2018-05-01T00:00:00.000
76,valle del cauca,76823,TORO,ESTACION DE SERVICIO TORO,BIOMAX,Carrera 1 No 18 - 30,GASOLINA CORRIENTE OXIGENADA,9103,1,2018-05-01T00:00:00.000
76,valle del cauca,76400,LA UNION,ESTACION DE SERVICIO COOPERATIVA DE TRANSPORTADORES LA ANDINA,MOBIL,TRANSVERSAL 15 No. 21-32,GASOLINA CORRIENTE OXIGENADA,8987,1,2018-05-01T00:00:00.000
5,antioquia,5615,CANON DE RIO CLARO,SERVICENTRO ESSO LLANOGRANDE,MOBIL,K 8 VIA LLANOGRANDE RIONEGRO,GASOLINA EXTRA OXIGENADA,11590,1,2018-05-01T00:00:00.000
5,antioquia,5172,CHIGORODO,ESTACION DE SERVICIO BARRANQUILLITA,ZAPATA Y VELASQUEZ,VIA PANAMERICANA KILOMETRO 9.3,BIODIESEL EXTRA,8640,1,2018-05-01T00:00:00.000
5,antioquia,5361,ITUANGO,ESTACION DE SERVICIO ITUANGO,ZEUSS,Calle Santa Bárbara con Carrera Córdoba,BIODIESEL EXTRA,10390,1,2018-05-01T00:00:00.000
5,antioquia,5001,MEDELLIN,ESTACION DE SERVICIO TERPEL LA 65,TERPEL,CARRERA 65 No. 78-190,GASOLINA CORRIENTE OXIGENADA,9030,1,2018-05-01T00:00:00.000
5,antioquia,5887,YARUMAL,ESTACION DE SERVICIO ANA MARIA,TEXACO,LA VARIANTE KILOMETRO 2 FINCA LOS PICADORES,GASOLINA CORRIENTE OXIGENADA,9200,1,2018-05-01T00:00:00.000
5,antioquia,5034,ANDES,ESTACION DE SERVICIO LA CHAPARRALA,ZEUSS,AVENIDA RAFAEL ARANGO TORO,GASOLINA CORRIENTE OXIGENADA,9780,1,2018-05-01T00:00:00.000
5,antioquia,5847,URRAO,SERVICENTRO BUENOS AIRES,TERPEL,CARRERA 31 No. 15 A-41,GASOLINA CORRIENTE OXIGENADA,9815,1,2018-05-01T00:00:00.000
5,antioquia,5425,MACEO,ESTACION DE SERVICIO SERVICENTRO PUERTO NUS,ZEUSS,Autopista Cisneros - Puerto Berrío Km 35-800,GASOLINA CORRIENTE OXIGENADA,9200,1,2018-05-01T00:00:00.000
5,antioquia,5847,URRAO,SERVICENTRO BUENOS AIRES,TERPEL,CARRERA 31 No. 15 A-41,BIODIESEL EXTRA,9211,1,2018-05-01T00:00:00.000
5,antioquia,5101,CIUDAD BOLIVAR,EDS MULTISERVICIOS LIBARDO RINCON BOLIVAR,MOBIL,CALLE 49 No. 41-35,BIODIESEL EXTRA,8700,1,2018-05-01T00:00:00.000
76,valle del cauca,76233,DAGUA,ESTACION DE SERVICIO LA BOMBA,MOBIL,Calle 8A No 19-83,GASOLINA CORRIENTE OXIGENADA,9152,1,2018-05-01T00:00:00.000
76,valle del cauca,76001,SANTIAGO DE CALI,ESTACION DE SERVICIO GLOBOLLANTAS LTDA,MOBIL,Calle 10 No. 40-52,GASOLINA CORRIENTE OXIGENADA,9150,1,2018-05-01T00:00:00.000
5,antioquia,5607,EL RETIRO,ESTACION DE SERVICIO EXITO EL RETIRO,MOBIL,Vereda Los Salados El Retiro,BIODIESEL EXTRA,8390,1,2018-05-01T00:00:00.000
76,valle del cauca,76001,SANTIAGO DE CALI,EDS TERPEL EL LIMONAR,TERPEL,CALLE 14 No. 70-06,BIODIESEL EXTRA,8410,1,2018-05-01T00:00:00.000
5,antioquia,5842,URAMITA,BOMBA DE GASOLINA EL PORVENIR,TERPEL,CALLE 20 No. 20-05,GASOLINA CORRIENTE OXIGENADA,9130,1,2018-05-01T00:00:00.000
5,antioquia,5315,GUADALUPE,BOMBA LOS PINOS,ZEUSS,CALLE 51 A No 45-03   17,GASOLINA CORRIENTE OXIGENADA,9435,1,2018-05-01T00:00:00.000
76,valle del cauca,76111,GUADALAJARA DE BUGA,ESTACION DE SERVICIO TERPEL IMPERIAL,TERPEL,CALLE 16 CRUCE CON CARRETERA CENTRAL DEL VALLE LOTE DE TERRENO NO 3,GASOLINA CORRIENTE OXIGENADA,8810,1,2018-05-01T00:00:00.000
76,valle del cauca,76520,PALMIRA,ESTACION DE SERVICIO PLAZA MADERO,MOBIL,Palmira Vía Glorieta Intersección Desnivel Calzada Derecha Km. 12 900,BIODIESEL EXTRA,8300,1,2018-05-01T00:00:00.000
76,valle del cauca,76001,SANTIAGO DE CALI,ESTACION DE SERVICIO GLOBOLLANTAS LTDA,MOBIL,Calle 10 No. 40-52,BIODIESEL EXTRA,8550,1,2018-05-01T00:00:00.000
5,antioquia,5001,MEDELLIN,ESTACION DE SERVICIO MÓBIL LOS ALMENDROS,MOBIL,AVENIDA 33 No. 75C-145,GASOLINA EXTRA OXIGENADA,12140,1,2018-05-01T00:00:00.000
5,antioquia,5001,MEDELLIN,SERVICENTRO ESSO 34 EL POBLADO,MOBIL,Carrera 43 A No 11 - 19,GASOLINA CORRIENTE OXIGENADA,9130,1,2018-05-01T00:00:00.000
76,valle del cauca,76001,SANTIAGO DE CALI,ESTACION DE SERVICIO VEHICULOS Y PROPIEDADES COMPAÑIA SAS,MOBIL,Calle 70 No.26M-03,GASOLINA CORRIENTE OXIGENADA,8770,1,2018-05-01T00:00:00.000
5,antioquia,5490,NECOCLI,COMBUSTIBLES DE URABA,PETROMIL,CALLE 50 No. 43-12,BIODIESEL EXTRA,8990,1,2018-05-01T00:00:00.000
5,antioquia,5172,CHIGORODO,ESTACION DE SERVICIO BARRANQUILLITA,ZAPATA Y VELASQUEZ,VIA PANAMERICANA KILOMETRO 9.3,GASOLINA CORRIENTE OXIGENADA,9390,1,2018-05-01T00:00:00.000
76,valle del cauca,76001,SANTIAGO DE CALI,ESTACION DE SERVICIO SERVICIOS GUADALUPE,MOBIL,Calle 10 No 52 - 50,GASOLINA CORRIENTE OXIGENADA,8620,1,2018-05-01T00:00:00.000
5,antioquia,5480,MUTATA,DISTRICOMBUSTIBLES,TERPEL,CALLE 10 No. 10-13,BIODIESEL EXTRA,8430,1,2018-05-01T00:00:00.000
76,valle del cauca,76233,DAGUA,ESTACION DE SERVICIO LA BOMBA,MOBIL,Calle 8A No 19-83,BIODIESEL EXTRA,8544,1,2018-05-01T00:00:00.000
76,valle del cauca,76130,CANDELARIA,EDS EL CARRETERO JUANCHITO,ESSO,CARRERA 8 No. 94 - 19,GASOLINA EXTRA OXIGENADA,10100,1,2018-05-01T00:00:00.000
76,valle del cauca,76001,SANTIAGO DE CALI,INTEGRAL DE SERVICIOS AUTOMOVILISTICOS,BIOMAX,CALLE 13 No. 31-42,BIODIESEL EXTRA,8560,1,2018-05-01T00:00:00.000
5,antioquia,5604,REMEDIOS,ESTACION LA CRUZADA,TERPEL,CALLE 10 No. 8-35,BIODIESEL EXTRA,8750,1,2018-05-01T00:00:00.000
76,valle del cauca,76001,SANTIAGO DE CALI,ESTACION DE SERVICIO TERPEL CARRERA PRIMERA,TERPEL,CARRERA 1 No.47-58,BIODIESEL EXTRA,8390,1,2018-05-01T00:00:00.000
5,antioquia,5649,SAN CARLOS,BOMBA LOS MANGOS,ZEUSS,MANZANA 999 PMZ EN LA CALLE 16 DEL CORREGIMIENTO EL JORDAN,BIODIESEL EXTRA,8400,1,2018-05-01T00:00:00.000
76,valle del cauca,76520,PALMIRA,ESTACION DE SERVICIO PALMASECA AEROPUERTO,PETROBRAS,GLORIETA AEROPUERTO ALFONSO BONILLA ARAGON,BIODIESEL EXTRA,8510,1,2018-05-01T00:00:00.000
5,antioquia,5607,EL RETIRO,LA FE,TEXACO,centro comercial la fe,BIODIESEL EXTRA,8540,1,2018-05-01T00:00:00.000
76,valle del cauca,76001,SANTIAGO DE CALI,COMERCIALIZADORA ARO SAS,TEXACO,CALLE 27 No. 33B-25,GASOLINA CORRIENTE OXIGENADA,8948,1,2018-05-01T00:00:00.000
76,valle del cauca,76001,SANTIAGO DE CALI,ESTACION DE SERVICIO SERVICIOS GUADALUPE,MOBIL,Calle 10 No 52 - 50,BIODIESEL EXTRA,9199,1,2018-05-01T00:00:00.000
5,antioquia,5607,EL RETIRO,LA FE,TEXACO,centro comercial la fe,GASOLINA CORRIENTE OXIGENADA,9050,1,2018-05-01T00:00:00.000
5,antioquia,5425,MACEO,ESTACION DE SERVICIO SERVICENTRO PUERTO NUS,ZEUSS,Autopista Cisneros - Puerto Berrío Km 35-800,BIODIESEL EXTRA,8700,1,2018-05-01T00:00:00.000
5,antioquia,5858,VEGACHI,ESTACION DE SERVICIO LA BOMBA,ZEUSS,CARRERA 50 No. 47 - 180,GASOLINA CORRIENTE OXIGENADA,8990,1,2018-05-01T00:00:00.000
76,valle del cauca,76520,PALMIRA,ESTACION DE SERVICIO PLAZA MADERO,MOBIL,Palmira Vía Glorieta Intersección Desnivel Calzada Derecha Km. 12 900,GASOLINA CORRIENTE OXIGENADA,8780,1,2018-05-01T00:00:00.000
76,valle del cauca,76400,LA UNION,SERVICENTRO LA ERMITA,MOBIL,Calle 14 No. 2 - 76,GASOLINA CORRIENTE OXIGENADA,9030,1,2018-05-01T00:00:00.000
5,antioquia,5604,REMEDIOS,ESTACION LA CRUZADA,TERPEL,CALLE 10 No. 8-35,GASOLINA CORRIENTE OXIGENADA,9190,1,2018-05-01T00:00:00.000
5,antioquia,5045,APARTADO,ESTACION DE SERVICIO ESTRELLA DE URABA,TEXACO,Carrera 100 No. 73a-12,GASOLINA CORRIENTE OXIGENADA,9290,1,2018-05-01T00:00:00.000
76,valle del cauca,76834,TULUA,ESTACION DE SERVICIO ESTAMBUL,MOBIL,Carrera 40 No. 13-21,GASOLINA CORRIENTE OXIGENADA,8900,1,2018-05-01T00:00:00.000
5,antioquia,5138,CAÑASGORDAS,LAS HELICONIAS,ZEUSS,PARAJE IMANTAGO,BIODIESEL EXTRA,8240,1,2018-05-01T00:00:00.000
5,antioquia,5368,JERICO,LA LAGUNA ESTACION DE SERVICIO,ZEUSS,CARRERA 7A No. 4N-193,GASOLINA CORRIENTE OXIGENADA,9500,1,2018-05-01T00:00:00.000
5,antioquia,5154,CAUCASIA,ESTACION DE SERVICIO SAN RAFAEL DEL ORIENTE,PETROMIL,CARRERA 20 No 2 -177,GASOLINA EXTRA OXIGENADA,11950,1,2018-05-01T00:00:00.000
76,valle del cauca,76130,CANDELARIA,EDS EL CARRETERO JUANCHITO,ESSO,CARRERA 8 No. 94 - 19,BIODIESEL EXTRA,8480,1,2018-05-01T00:00:00.000
76,valle del cauca,76400,LA UNION,SERVICENTRO LA ERMITA,MOBIL,Calle 14 No. 2 - 76,GASOLINA EXTRA OXIGENADA,11850,1,2018-05-01T00:00:00.000
5,antioquia,5480,MUTATA,DISTRICOMBUSTIBLES,TERPEL,CALLE 10 No. 10-13,GASOLINA CORRIENTE OXIGENADA,9300,1,2018-05-01T00:00:00.000
5,antioquia,5284,FRONTINO,EDS MURRI,ZEUSS,CALLE 13 NO. 10-04 NUTIBARA,GASOLINA CORRIENTE OXIGENADA,9920,1,2018-05-01T00:00:00.000
5,antioquia,5631,SABANETA,ESTACION DE SERVICIO EXITO VARIANTE CALDAS,MOBIL,CALLE 84 SUR No. 29-175,GASOLINA CORRIENTE OXIGENADA,8690,1,2018-05-01T00:00:00.000
76,valle del cauca,76364,JAMUNDI,ESTACION DE SERVICIO C Y C,TERPEL,AVENIDA CIRCURVALAR CARRERA 4 No. 6-90,GASOLINA CORRIENTE OXIGENADA,8894,1,2018-05-01T00:00:00.000
5,antioquia,5093,BETULIA,ESTACION DE SERVICIO BOMBA VILLA LUZ,TERPEL,Carrera 21 Calle 15 212,GASOLINA CORRIENTE OXIGENADA,9990,1,2018-05-01T00:00:00.000
5,antioquia,5001,MEDELLIN,ESTACION DE SERVICIO ESSO NO 18,MOBIL,Carrera 49 No 83 - 142,BIODIESEL EXTRA,8460,1,2018-05-01T00:00:00.000
76,valle del cauca,76147,CARTAGO,LA PRINCIPAL ESTACION DE SERVICIO CARTAGO,TERPEL,CALLE 1 DIAGONAL 3,GASOLINA EXTRA OXIGENADA,11170,1,2018-05-01T00:00:00.000
5,antioquia,5045,APARTADO,ESTACION DE SERVICIO ESTRELLA DE URABA,TEXACO,Carrera 100 No. 73a-12,BIODIESEL EXTRA,8590,1,2018-05-01T00:00:00.000
5,antioquia,5736,SEGOVIA,ESTACION DE SERVICIO SERVICENTRO EL CENTENARIO,ZEUSS,CALLE 47 No.56 - 25,GASOLINA EXTRA OXIGENADA,11650,1,2018-05-01T00:00:00.000
76,valle del cauca,76001,SANTIAGO DE CALI,ESTACION DE SERVICIO GLOBOLLANTAS LTDA,MOBIL,Calle 10 No. 40-52,GASOLINA EXTRA OXIGENADA,11190,1,2018-05-01T00:00:00.000
76,valle del cauca,76001,SANTIAGO DE CALI,ESTACION DE SERVICIO EL PORTON - SANTIAGO DE CALI,BIOMAX,CALLE 70 No. 1-65,BIODIESEL EXTRA,8300,1,2018-05-01T00:00:00.000
5,antioquia,5001,MEDELLIN,SERVICENTRO ESSO NO43,MOBIL,Carrera 70 No.53-21,GASOLINA CORRIENTE OXIGENADA,8980,1,2018-05-01T00:00:00.000
5,antioquia,5368,JERICO,LA LAGUNA ESTACION DE SERVICIO,ZEUSS,CARRERA 7A No. 4N-193,BIODIESEL EXTRA,8680,1,2018-05-01T00:00:00.000
5,antioquia,5887,YARUMAL,SERVICENTRO LOS YARUMOS,TERPEL,"Carretera troncal Kilómetro 1 Yarumal, Antioquia",GASOLINA EXTRA OXIGENADA,11400,1,2018-05-01T00:00:00.000
5,antioquia,5887,YARUMAL,ESTACION DE SERVICIO ANA MARIA,TEXACO,LA VARIANTE KILOMETRO 2 FINCA LOS PICADORES,GASOLINA EXTRA OXIGENADA,11600,1,2018-05-01T00:00:00.000
5,antioquia,5001,MEDELLIN,ESTACION DE SERVICIO ESSO NO 18,MOBIL,Carrera 49 No 83 - 142,GASOLINA EXTRA OXIGENADA,11910,1,2018-05-01T00:00:00.000
5,antioquia,5615,CANON DE RIO CLARO,SERVICENTRO ESSO LLANOGRANDE,MOBIL,K 8 VIA LLANOGRANDE RIONEGRO,GASOLINA CORRIENTE OXIGENADA,9130,1,2018-05-01T00:00:00.000
5,antioquia,5887,YARUMAL,SERVICENTRO LOS YARUMOS,TERPEL,"Carretera troncal Kilómetro 1 Yarumal, Antioquia",GASOLINA CORRIENTE OXIGENADA,9140,1,2018-05-01T00:00:00.000
5,antioquia,5368,JERICO,LA LAGUNA ESTACION DE SERVICIO,ZEUSS,CARRERA 7A No. 4N-193,GASOLINA EXTRA OXIGENADA,11900,1,2018-05-01T00:00:00.000
5,antioquia,5607,EL RETIRO,ESTACION DE SERVICIO EXITO EL RETIRO,MOBIL,Vereda Los Salados El Retiro,GASOLINA CORRIENTE OXIGENADA,8900,1,2018-05-01T00:00:00.000
76,valle del cauca,76001,SANTIAGO DE CALI,ESTACION DE SERVICIO EL PORTON - SANTIAGO DE CALI,BIOMAX,CALLE 70 No. 1-65,GASOLINA CORRIENTE OXIGENADA,8630,1,2018-05-01T00:00:00.000
76,valle del cauca,76001,SANTIAGO DE CALI,EDS FULL GAS LA FLORESTA DE CALI,BIOMAX,Transversal 29 D No. 18 -106,GASOLINA CORRIENTE OXIGENADA,8890,1,2018-05-01T00:00:00.000
5,antioquia,5001,MEDELLIN,SERVICENTRO ESSO NO43,MOBIL,Carrera 70 No.53-21,BIODIESEL EXTRA,8370,1,2018-05-01T00:00:00.000
5,antioquia,5842,URAMITA,BOMBA DE GASOLINA EL PORVENIR,TERPEL,CALLE 20 No. 20-05,BIODIESEL EXTRA,8670,1,2018-05-01T00:00:00.000
76,valle del cauca,76377,LA CUMBRE,ESTACION DE SERVICIO BIOCUMBRE,BIOMAX,CARRERA 8 SN No. 4-11,BIODIESEL EXTRA,8363,1,2018-05-01T00:00:00.000
76,valle del cauca,76306,GINEBRA,ESTACION DE SERVICIO CERRITO VALLE,MOBIL,Ginebra Vía Palmira-Buga Km. 21-250 m,BIODIESEL EXTRA,8250,1,2018-05-01T00:00:00.000
5,antioquia,5854,VALDIVIA,ESTACION DE SERVICIOS LA CASCADA,TERPEL,CALLE LA ARROCERA,GASOLINA CORRIENTE OXIGENADA,9200,1,2018-05-01T00:00:00.000
5,antioquia,5001,MEDELLIN,ESTACION DE SERVICIO ROBLEDO,MOBIL,DIAGONAL 80 No. 76-95,GASOLINA CORRIENTE OXIGENADA,8915,1,2018-05-01T00:00:00.000
76,valle del cauca,76400,LA UNION,SERVICENTRO LA ERMITA,MOBIL,Calle 14 No. 2 - 76,BIODIESEL EXTRA,8355,1,2018-05-01T00:00:00.000
76,valle del cauca,76834,TULUA,ESTACION DE SERVICIO ESTAMBUL,MOBIL,Carrera 40 No. 13-21,BIODIESEL EXTRA,8250,1,2018-05-01T00:00:00.000
76,valle del cauca,76520,PALMIRA,ESTACION DE SERVICIO PALMASECA AEROPUERTO,PETROBRAS,GLORIETA AEROPUERTO ALFONSO BONILLA ARAGON,GASOLINA CORRIENTE OXIGENADA,8960,1,2018-05-01T00:00:00.000
5,antioquia,5664,SAN PEDRO DE LOS MILAGROS,FUENTES DE SAN JOSE,ZEUSS,Carrera 52 No 44 A - 01  SAN PEDRO DE LOS MILAGROS,GASOLINA EXTRA OXIGENADA,11662,1,2018-05-01T00:00:00.000
5,antioquia,5890,YOLOMBO,ESTACION VILLA NUEVA,TERPEL,VIA AMALFI KILOMETRO 68 VEREDA VILLA NUEVA,GASOLINA CORRIENTE OXIGENADA,9424,1,2018-05-01T00:00:00.000
5,antioquia,5490,NECOCLI,COMBUSTIBLES DE URABA,PETROMIL,CALLE 50 No. 43-12,GASOLINA EXTRA OXIGENADA,11990,1,2018-05-01T00:00:00.000
5,antioquia,5034,ANDES,ESTACION DE SERVICIO LA CHAPARRALA,ZEUSS,AVENIDA RAFAEL ARANGO TORO,BIODIESEL EXTRA,8830,1,2018-05-01T00:00:00.000
76,valle del cauca,76111,GUADALAJARA DE BUGA,ESTACION DE SERVICIO LA GLORIETA NO2,MOBIL,CARRERA 24A No. 1BN-04 KILOMETRO 0 MAS 100 METROS CARRETERA VARIANTE BUGA - TULUA,GASOLINA CORRIENTE OXIGENADA,8960,1,2018-05-01T00:00:00.000
5,antioquia,5001,MEDELLIN,ESTACION DE SERVICIO ZULY,TERPEL,Transversal 51 A No.67B - 246,BIODIESEL EXTRA,8145,1,2018-05-01T00:00:00.000
5,antioquia,5858,VEGACHI,ESTACION DE SERVICIO  EL TRAPICHE,ZEUSS,CARRERA 50 No. 60A-82,GASOLINA CORRIENTE OXIGENADA,8990,1,2018-05-01T00:00:00.000
5,antioquia,5031,AMALFI,SERVICIOS VILLA LIGIA,TERPEL,CALLE 20 BOLIVAR No. 14-073,GASOLINA CORRIENTE OXIGENADA,9325,1,2018-05-01T00:00:00.000
5,antioquia,5250,EL BAGRE,ESTACION DE SERVICIO AUTOMOTRIZ TEXACO PUERTO LOPEZ,PETROMIL,Corregimiento de Puerto López,BIODIESEL EXTRA,8690,1,2018-05-01T00:00:00.000
5,antioquia,5649,SAN CARLOS,BOMBA LOS MANGOS,ZEUSS,MANZANA 999 PMZ EN LA CALLE 16 DEL CORREGIMIENTO EL JORDAN,GASOLINA CORRIENTE OXIGENADA,8640,1,2018-05-01T00:00:00.000
76,valle del cauca,76001,SANTIAGO DE CALI,ESTACION DE SERVICIO TERPEL CARRERA PRIMERA,TERPEL,CARRERA 1 No.47-58,GASOLINA EXTRA OXIGENADA,11270,1,2018-05-01T00:00:00.000
5,antioquia,5001,MEDELLIN,ESTACION DE SERVICIO MÓBIL LOS ALMENDROS,MOBIL,AVENIDA 33 No. 75C-145,GASOLINA CORRIENTE OXIGENADA,8990,1,2018-05-01T00:00:00.000
5,antioquia,5038,ANGOSTURA,ESTACION TERPEL TIPO B,TERPEL,CARRERA 10 NO 17-87,GASOLINA CORRIENTE OXIGENADA,9535,1,2018-05-01T00:00:00.000
76,valle del cauca,76400,LA UNION,ESTACION DE SERVICIO COOPERATIVA DE TRANSPORTADORES LA ANDINA,MOBIL,TRANSVERSAL 15 No. 21-32,BIODIESEL EXTRA,8316,1,2018-05-01T00:00:00.000
5,antioquia,5736,SEGOVIA,ESTACION DE SERVICIO SERVICENTRO EL CENTENARIO,ZEUSS,CALLE 47 No.56 - 25,BIODIESEL EXTRA,8470,1,2018-05-01T00:00:00.000
5,antioquia,5861,VENECIA,ESTACION DE SERVICIO ZEUSS BOLOMBOLO,ZEUSS,CALLE PRINCIPAL BOLOMBOLO,GASOLINA EXTRA OXIGENADA,12130,1,2018-05-01T00:00:00.000
76,valle del cauca,76109,BUENAVENTURA,SERVICENTRO ESSO NO 134,MOBIL,Calle 3 No. 2 - 18,GASOLINA CORRIENTE OXIGENADA,8869,1,2018-05-01T00:00:00.000
76,valle del cauca,76001,SANTIAGO DE CALI,EDS TERPEL EL LIMONAR,TERPEL,CALLE 14 No. 70-06,GASOLINA EXTRA OXIGENADA,11270,1,2018-05-01T00:00:00.000
5,antioquia,5615,CANON DE RIO CLARO,SERVICENTRO ESSO LLANOGRANDE,MOBIL,K 8 VIA LLANOGRANDE RIONEGRO,BIODIESEL EXTRA,8580,1,2018-05-01T00:00:00.000
5,antioquia,5854,VALDIVIA,ESTACION DE SERVICIO MONTERREY DE VALDIVIA,TERPEL,CARRERA 11 TRONCAL VIA A A LA COSTA,BIODIESEL EXTRA,8190,1,2018-05-01T00:00:00.000
5,antioquia,5854,VALDIVIA,ESTACION DE SERVICIO MONTERREY DE VALDIVIA,TERPEL,CARRERA 11 TRONCAL VIA A A LA COSTA,GASOLINA CORRIENTE OXIGENADA,9024,1,2018-05-01T00:00:00.000
5,antioquia,5001,MEDELLIN,ESTACION DE SERVICIO TERPEL LA 65,TERPEL,CARRERA 65 No. 78-190,BIODIESEL EXTRA,8470,1,2018-05-01T00:00:00.000
76,valle del cauca,76364,JAMUNDI,ESTACION DE SERVICIO LA YET DEL VALLE,TERPEL,Carrera 3 No.1-32 Corregimiento Timba,GASOLINA CORRIENTE OXIGENADA,9084,1,2018-05-01T00:00:00.000
5,antioquia,5001,MEDELLIN,ESTACION DE SERVICIO ZULY,TERPEL,Transversal 51 A No.67B - 246,GASOLINA CORRIENTE OXIGENADA,8665,1,2018-05-01T00:00:00.000
5,antioquia,5031,AMALFI,SERVICIOS VILLA LIGIA,TERPEL,CALLE 20 BOLIVAR No. 14-073,BIODIESEL EXTRA,8575,1,2018-05-01T00:00:00.000
5,antioquia,5045,APARTADO,ESTACION DE SERVICIO ESTRELLA DE URABA,TEXACO,Carrera 100 No. 73a-12,GASOLINA EXTRA OXIGENADA,11990,1,2018-05-01T00:00:00.000
76,valle del cauca,76377,LA CUMBRE,ESTACION EL MIRADOR,BIOMAX,CALLE 5 A No. 10-52,BIODIESEL EXTRA,8363,1,2018-05-01T00:00:00.000
5,antioquia,5670,SAN ROQUE,AUTOCENTRO LAS PALMERAS,TERPEL,CARRERA 17 N 24 A 107,GASOLINA CORRIENTE OXIGENADA,8640,1,2018-05-01T00:00:00.000
76,valle del cauca,76109,BUENAVENTURA,ESTACION DE SERVICIO REINA SOFIA,TERPEL,CALLE 6 BARRIO BELLAVISTA AUTOPISTA,GASOLINA CORRIENTE OXIGENADA,8960,1,2018-05-02T00:00:00.000
76,valle del cauca,76622,ROLDANILLO,ESTACION DE SERVICIO LAS PALMAS ROLDANILLO,BIOMAX,KILOMETRO 1 VIA ROLDANILLO - ZARZAL LAS PALMAS,GASOLINA CORRIENTE OXIGENADA,9040,1,2018-05-02T00:00:00.000
76,valle del cauca,76622,ROLDANILLO,SERVINORTE,TERPEL,CLL 9 2-02,BIODIESEL EXTRA,8940,1,2018-05-02T00:00:00.000
76,valle del cauca,76001,SANTIAGO DE CALI,ESTACION DE SERVICIO GREEN EDS NORUEGA,MOBIL,CALLE 13 No. 30-85,GASOLINA EXTRA OXIGENADA,12410,1,2018-05-02T00:00:00.000
5,antioquia,5854,VALDIVIA,ESTACION DE SERVICIO EL 15,TEXACO,CARRETERA TRONCAL PUERTO VALDIVIA,BIODIESEL EXTRA,8269,1,2018-05-02T00:00:00.000
76,valle del cauca,76147,CARTAGO,EDS DISTRIBUCIONES LA 20 CARTAGO,TERPEL,Carrera 4 No. 19-83,BIODIESEL EXTRA,8030,1,2018-05-02T00:00:00.000
5,antioquia,5266,ENVIGADO,ESTACION DE SERVICIOS PREMIUM LA SEBASTIANA,TEXACO,CARRERA 27 No. 36 SUR-199,GASOLINA EXTRA OXIGENADA,11540,1,2018-05-02T00:00:00.000
76,valle del cauca,76001,SANTIAGO DE CALI,ESTACION DE SERVICIOS TERPEL LA UNION,TERPEL,Calle 36 No. 42-03,BIODIESEL EXTRA,8370,1,2018-05-02T00:00:00.000
5,antioquia,5615,CANON DE RIO CLARO,ESTACION DE SERVICIO SAN ANTONIO,TERPEL,CALLE 38 No. 62A-31,GASOLINA EXTRA OXIGENADA,11600,1,2018-05-02T00:00:00.000
5,antioquia,5001,MEDELLIN,ESTACION DE SERVICIO LOS MANGOS,MOBIL,CARRERA 64C No. 72-107,BIODIESEL EXTRA,8470,1,2018-05-02T00:00:00.000
76,valle del cauca,76892,YUMBO,SERVICENTRO PLAZA BOLIVAR,MOBIL,CALLE 14 ESQUINA CARRERA 4,BIODIESEL EXTRA,8189,1,2018-05-02T00:00:00.000
76,valle del cauca,76020,ALCALA,ESTACION DE SERVICIO EL SAMAN DE ALCALA,BIOMAX,CALLE 5 CARRERA 15 ESQUINA,BIODIESEL EXTRA,8246,1,2018-05-02T00:00:00.000
5,antioquia,5353,HISPANIA,SERVICENTRO EL CAMINO DEL CAFE,TERPEL,Salida Hispania,GASOLINA EXTRA OXIGENADA,11700,1,2018-05-02T00:00:00.000
5,antioquia,5001,MEDELLIN,ESTACION DE SERVICIO TERPEL NORTE,TERPEL,CARRERA 64C No. 103 GG- 75,GASOLINA CORRIENTE OXIGENADA,8620,1,2018-05-02T00:00:00.000
5,antioquia,5234,DABEIBA,ESTACION DE SERVICIO LAS GUADUAS,TERPEL,Carrera 10 No. 13-526,BIODIESEL EXTRA,8450,1,2018-05-02T00:00:00.000
5,antioquia,5129,CALDAS,ESTACION DE SERVICIOS LA MIEL,MOBIL,Carrera 45 No 125 sur - 201,GASOLINA EXTRA OXIGENADA,11499,1,2018-05-02T00:00:00.000
5,antioquia,5318,GUARNE,ESTACION DE SERVICIOS SANTA LUCIA,TERPEL,Carrera 53 No. 38-484,BIODIESEL EXTRA,8398,1,2018-05-02T00:00:00.000
5,antioquia,5001,MEDELLIN,ESTACION DE SERVICIO ESSO LOS ALAMOS NO 9,MOBIL,Carrera 52 No. 65 - 07,BIODIESEL EXTRA,9210,1,2018-05-02T00:00:00.000
5,antioquia,5656,SAN JERONIMO,ESTACION PREMIUM LA PLAYA SAN JERONIMO,TEXACO,BARRIO FERTIL LA PLAYA,GASOLINA CORRIENTE OXIGENADA,9280,1,2018-05-02T00:00:00.000
76,valle del cauca,76892,YUMBO,ESTACION DE SERVICIO GREEN EDS PLAZA AUTOPISTA,MOBIL,CALLE 15 No. 35-147,GASOLINA CORRIENTE OXIGENADA,8790,1,2018-05-02T00:00:00.000
76,valle del cauca,76001,SANTIAGO DE CALI,ESTACION DE SERVICIO GREEN EDS NORUEGA,MOBIL,CALLE 13 No. 30-85,BIODIESEL EXTRA,9250,1,2018-05-02T00:00:00.000
5,antioquia,5088,BELLO,ESTACION DE SERVICIO AUTOMOTRIZ EDS ESSO BELLO MADERA,MOBIL,CARRERA 50 No. 25B-15,BIODIESEL EXTRA,8390,1,2018-05-02T00:00:00.000
76,valle del cauca,76520,PALMIRA,EDS TERPEL PALMIRA,TERPEL,CALLE 42 CARRERA 43 ESQUINA,GASOLINA EXTRA OXIGENADA,11294,1,2018-05-02T00:00:00.000
5,antioquia,5576,PUEBLORRICO,SERVICENTRO JM,TEXACO,Carrera 26 No. 31-29,BIODIESEL EXTRA,8686,1,2018-05-02T00:00:00.000
76,valle del cauca,76001,SANTIAGO DE CALI,ESTACION DE SERVICIO TERPEL QUINTA NORTE,TERPEL,CARRERA 5N No. 48-39 Y 48N-27,GASOLINA CORRIENTE OXIGENADA,8730,1,2018-05-02T00:00:00.000
5,antioquia,5088,BELLO,ESTACION DE SERVICIO TERPEL LA PALOMA,TERPEL,DIAGONAL 52 No.10-269,GASOLINA CORRIENTE OXIGENADA,8750,1,2018-05-02T00:00:00.000
5,antioquia,5001,MEDELLIN,ESTACION DE SERVICIO TERPEL LAS MERCEDES,TERPEL,CALLE 65 No 56-35,GASOLINA CORRIENTE OXIGENADA,8600,1,2018-05-02T00:00:00.000
76,valle del cauca,76001,SANTIAGO DE CALI,ESTACION DE SERVICIO LA MILAGROSA,PETROBRAS,CALLE 22 No. 1-17,BIODIESEL EXTRA,8190,1,2018-05-02T00:00:00.000
5,antioquia,5837,TURBO,LA MANUELA,TERPEL,Vía al Mar Currulao,GASOLINA EXTRA OXIGENADA,11930,1,2018-05-02T00:00:00.000
76,valle del cauca,76520,PALMIRA,CERON ZAPATA Y CIA LTDA,MOBIL,Calle 42 No 31 - 71,GASOLINA CORRIENTE OXIGENADA,8580,1,2018-05-02T00:00:00.000
5,antioquia,5001,MEDELLIN,TEXACO NUEVAS PALMAS,TEXACO,Carrera 38 No 26 - 259,BIODIESEL EXTRA,8550,1,2018-05-02T00:00:00.000
5,antioquia,5001,MEDELLIN,ESTACION DE SERVICIO TERPEL LAS MERCEDES,TERPEL,CALLE 65 No 56-35,GASOLINA EXTRA OXIGENADA,11070,1,2018-05-02T00:00:00.000
5,antioquia,5686,SANTA ROSA DE OSOS,ESTACION DE SERVICIO BRISAS DEL NORTE EN SANTA ROSA DE OSOS,TERPEL,KILOMETRO 72 VIA YARUMAL VEREDA LA CIRCASIA,BIODIESEL EXTRA,8440,1,2018-05-02T00:00:00.000
76,valle del cauca,76364,JAMUNDI,EDS TERPEL BONANZA,TERPEL,CALLE 11A N° 52 SUR-40 VIA PANAMERICANA,BIODIESEL EXTRA,8260,1,2018-05-02T00:00:00.000
5,antioquia,5353,HISPANIA,SERVICENTRO EL CAMINO DEL CAFE,TERPEL,Salida Hispania,BIODIESEL EXTRA,8780,1,2018-05-02T00:00:00.000
5,antioquia,5001,MEDELLIN,TEXACO NUEVAS PALMAS,TEXACO,Carrera 38 No 26 - 259,GASOLINA EXTRA OXIGENADA,11700,1,2018-05-02T00:00:00.000
76,valle del cauca,76001,SANTIAGO DE CALI,ESTACION DE SERVICIO LAS PILAS,TEXACO,CALLE 13 No. 53-44,GASOLINA CORRIENTE OXIGENADA,8590,1,2018-05-02T00:00:00.000
76,valle del cauca,76001,SANTIAGO DE CALI,SESCO,TERPEL,Calle 34 No. 2BN - 87 Cali,GASOLINA EXTRA OXIGENADA,10600,1,2018-05-02T00:00:00.000
76,valle del cauca,76001,SANTIAGO DE CALI,ESTACION DE SERVICIO TERPEL CARRERA 8A,TERPEL,CALLE 33 No. 7-14,GASOLINA EXTRA OXIGENADA,11270,1,2018-05-02T00:00:00.000
76,valle del cauca,76001,SANTIAGO DE CALI,ESTACION DE SERVICIO LA NUEVA AUTOPISTA,TEXACO,Diagonal 23 No. 18 E - 120,GASOLINA EXTRA OXIGENADA,11960,1,2018-05-02T00:00:00.000
5,antioquia,5154,CAUCASIA,ESTACION FLUVIAL EL PARAISO,TERPEL,CARRERA 1 CALLE 22 Y 23 No. 22-28,BIODIESEL EXTRA,8470,1,2018-05-02T00:00:00.000
5,antioquia,5001,MEDELLIN,ESTACION DE SERVICIO DISTRACOM PARQUE NORTE,MOBIL,CARRERA 52 No. 81-30,BIODIESEL EXTRA,8390,1,2018-05-02T00:00:00.000
5,antioquia,5615,CANON DE RIO CLARO,ESTACION DE SERVICIO TERPEL RIONEGRO,TERPEL,CARRERA 50 No. 44B-15,GASOLINA EXTRA OXIGENADA,11750,1,2018-05-02T00:00:00.000
5,antioquia,5318,GUARNE,ESTACION DE SERVICIO AUTOMOTRIZ EL RETORNO,TERPEL,KM 29 150 MT AUT MEDELLIN-BOGOTA,GASOLINA EXTRA OXIGENADA,11700,1,2018-05-02T00:00:00.000
5,antioquia,5790,TARAZA,EXPENDIO DE COMBUSTIBLE AGRANEL BARRO BLANCO  DE TARAZA,TEXACO,CARRERA 5 No. 8-9 CORREGIMIENTO BARRO BLANCO,BIODIESEL EXTRA,9075,1,2018-05-02T00:00:00.000
5,antioquia,5212,COPACABANA,ESTACION DE SERVICIO FUNDADORES EL RANCHO DE LUIS S.A.S,ZEUSS,CALLE 50 NO. 28-50,BIODIESEL EXTRA,8460,1,2018-05-02T00:00:00.000
5,antioquia,5360,ITAGUI,ESTACION DE SERVICIO TEXACO FLA,TEXACO,CARRERA 50C No. 12 SUR - 4,BIODIESEL EXTRA,8290,1,2018-05-02T00:00:00.000
76,valle del cauca,76306,GINEBRA,ESTACION DE SERVICIOS EL LEON,TERPEL,Carrera 4 No. 2-02,GASOLINA CORRIENTE OXIGENADA,9098,1,2018-05-02T00:00:00.000
76,valle del cauca,76001,SANTIAGO DE CALI,ESTACION DE SERVICIO TERPEL CAÑAVERALEJO,TERPEL,CALLE 5 No. 53A-75,BIODIESEL EXTRA,8430,1,2018-05-02T00:00:00.000
76,valle del cauca,76248,EL CERRITO,EDS LOS TOBOGANES,PETROBRAS,CARRERA 11 No. 10-92 CABAL MOLINA,GASOLINA CORRIENTE OXIGENADA,9186,1,2018-05-02T00:00:00.000
76,valle del cauca,76001,SANTIAGO DE CALI,ESTACION DE SERVICIO AUTOMOTRIZ GREEN EDS PASOANCHO,MOBIL,AVENIDA PASOANCHO No. 77-25,GASOLINA CORRIENTE OXIGENADA,8630,1,2018-05-02T00:00:00.000
76,valle del cauca,76111,GUADALAJARA DE BUGA,ESTACION DE SERVICIO PRESIDENTE,TERPEL,SD A TULUA KILOMETRO 3 - GUADALAJARA DE BUGA,GASOLINA EXTRA OXIGENADA,11060,1,2018-05-02T00:00:00.000
76,valle del cauca,76246,EL CAIRO,ESTACION DE SERVICIO ALBAN,BIOMAX,CORREGIMIENTO ALBAN CARRERA 2 No.. 2-15,GASOLINA CORRIENTE OXIGENADA,8800,1,2018-05-02T00:00:00.000
76,valle del cauca,76001,SANTIAGO DE CALI,ESTACION DE SERVIICO LIBIA SAS LA 29,BIOMAX,TRANSVERSAL 29 No.17BIS-19,BIODIESEL EXTRA,8412,1,2018-05-02T00:00:00.000
5,antioquia,5854,VALDIVIA,ESTACION DE SERVICIO EL 15,TEXACO,CARRETERA TRONCAL PUERTO VALDIVIA,GASOLINA CORRIENTE OXIGENADA,9348,1,2018-05-02T00:00:00.000
5,antioquia,5308,GIRARDOTA,ESTACION DE SERVICIO EL TRAPICHE,TEXACO,VEREDA SAN ANDRES PEAJE EL TRAPICHE,BIODIESEL EXTRA,8417,1,2018-05-02T00:00:00.000
76,valle del cauca,76001,SANTIAGO DE CALI,ESTACION DE SERVICIO CARMILENIO -GASO,MOBIL,Carrera 39 No. 13C - 02,GASOLINA CORRIENTE OXIGENADA,8480,1,2018-05-02T00:00:00.000
5,antioquia,5266,ENVIGADO,ESTACION DE SERVICIO AUTOMOTRIZ CEDI VEGAS,MOBIL,CARRERA 43 SUR NO.48-127,BIODIESEL EXTRA,8190,1,2018-05-02T00:00:00.000
76,valle del cauca,76895,ZARZAL,MEGA HORIZONTE SA,PETROBRAS,KILOMETRO 11 VIA LA PAILA ARMENIA,GASOLINA CORRIENTE OXIGENADA,8690,1,2018-05-02T00:00:00.000
5,antioquia,5318,GUARNE,ESTACION DE SERVICIO TEXACO VIRGEN DE LA SIERRA,TEXACO,AUTOPISTA MEDELLIN BOGOTA KILOMETRO 16 MAS 800,BIODIESEL EXTRA,8120,1,2018-05-02T00:00:00.000
5,antioquia,5001,MEDELLIN,ESTACION DE GASOLINA CRIVASI ESSO EL BOSQUE,MOBIL,Carrera 52 No. 78-20,BIODIESEL EXTRA,8480,1,2018-05-02T00:00:00.000
5,antioquia,5686,SANTA ROSA DE OSOS,ESTACION DEL RIO,ZEUSS,AVENIDA 38 No. 27-449,GASOLINA EXTRA OXIGENADA,11800,1,2018-05-02T00:00:00.000
76,valle del cauca,76122,CAICEDONIA,ESTACION DE SERVICIO EL CINCEL,TERPEL,Calle 13 No 16 -31,GASOLINA CORRIENTE OXIGENADA,9240,1,2018-05-02T00:00:00.000
76,valle del cauca,76001,SANTIAGO DE CALI,SERVICENTRO ESSO #10 EL TRONCAL,MOBIL,CRA 8 no 35-55 SERVICENTRO ESSO,GASOLINA EXTRA OXIGENADA,11600,1,2018-05-02T00:00:00.000
5,antioquia,5250,EL BAGRE,LA ESTACION DE SERVICIO AUTOMOTRIZ GASOLINERA LA ESPERANZA,TERPEL,BARRIO PLAYA RICA CALLE 58 No. 49-01,BIODIESEL EXTRA,9004,1,2018-05-02T00:00:00.000
5,antioquia,5001,MEDELLIN,ESTACION DE SERVICIO SANTA ELENA,ZEUSS,KILOMETRO 17 MAS 400 METROS VIA SANTA ELENA,GASOLINA CORRIENTE OXIGENADA,9271,1,2018-05-02T00:00:00.000
5,antioquia,5120,CACERES,ESTACION DE SERVICIO EL LAGO,TERPEL,JARDIN CACERES,GASOLINA CORRIENTE OXIGENADA,8965,1,2018-05-02T00:00:00.000
76,valle del cauca,76109,BUENAVENTURA,SERVICENTRO CALIMAR,MOBIL,CALLE 6 No. 19B-60,GASOLINA EXTRA OXIGENADA,11530,1,2018-05-02T00:00:00.000
76,valle del cauca,76001,SANTIAGO DE CALI,ESTACION DE SERVIICO LIBIA SAS LA 29,BIOMAX,TRANSVERSAL 29 No.17BIS-19,GASOLINA CORRIENTE OXIGENADA,8885,1,2018-05-02T00:00:00.000
5,antioquia,5376,LA CEJA,ESTACION DE SERVICIO EL ENCIERRO,TERPEL,PR INICIAL K 4 MAS 186 MARGEN IZQUIERDA DE LA VIA LA CEJA-RIONEGRO RUTA 56AN03,GASOLINA CORRIENTE OXIGENADA,9084,1,2018-05-02T00:00:00.000
76,valle del cauca,76001,SANTIAGO DE CALI,ESTACION DE SERVICIO SAN LORENZO GROUP,TEXACO,CALLE 5 No. 82-15,GASOLINA CORRIENTE OXIGENADA,9080,1,2018-05-02T00:00:00.000
76,valle del cauca,76892,YUMBO,ESTACION DE SERVICIO GREEN EDS PLAZA AUTOPISTA,MOBIL,CALLE 15 No. 35-147,BIODIESEL EXTRA,8380,1,2018-05-02T00:00:00.000
5,antioquia,5615,CANON DE RIO CLARO,ESTACION DE SERVICIO BARRO BLANCO INVERSIONES DE ORIENTE,ZEUSS,Kilometro 4 Vereda Barro Blanco Vía Aeropuerto José María Córdoba,GASOLINA CORRIENTE OXIGENADA,9100,1,2018-05-02T00:00:00.000
5,antioquia,5001,MEDELLIN,SERVICENTRO EL PORVENIR,TERPEL,CARRERA 52 No. 29-49,BIODIESEL EXTRA,8420,1,2018-05-02T00:00:00.000
5,antioquia,5250,EL BAGRE,EDS EL CARMEN EL BAGRE,TERPEL,CARRERA 41 No. 33-60,BIODIESEL EXTRA,8570,1,2018-05-02T00:00:00.000
5,antioquia,5030,AMAGA,ESTACION DE SERVICIO TERPEL AMAGA,TERPEL,CARRERA 54 No. 45-07 TRONCAL DEL CAFÉ,GASOLINA CORRIENTE OXIGENADA,9092,1,2018-05-02T00:00:00.000
5,antioquia,5001,MEDELLIN,ESTACION DE SERVICIO TERPEL LA RAYA,TERPEL,CARRERA 52 No. 14 SUR-04,GASOLINA EXTRA OXIGENADA,10070,1,2018-05-02T00:00:00.000
5,antioquia,5615,CANON DE RIO CLARO,ESTACION DE SERVICIO TERPEL RIONEGRO,TERPEL,CARRERA 50 No. 44B-15,GASOLINA CORRIENTE OXIGENADA,9110,1,2018-05-02T00:00:00.000
5,antioquia,5088,BELLO,ESTACION DE SERVICIO MADEROS,MOBIL,Diagonal 52 No 12 - 233,BIODIESEL EXTRA,8870,1,2018-05-02T00:00:00.000
76,valle del cauca,76520,PALMIRA,EDS TERPEL SAN AGUSTIN,TERPEL,VIA RECTA CALI-PALMIRA KILOMETRO 12 CORREGIMIENTO PALMASECA,BIODIESEL EXTRA,8335,1,2018-05-02T00:00:00.000
5,antioquia,5615,CANON DE RIO CLARO,ESTACION DE SERVICIO SAN ANTONIO,TERPEL,CALLE 38 No. 62A-31,GASOLINA CORRIENTE OXIGENADA,9140,1,2018-05-02T00:00:00.000
5,antioquia,5001,MEDELLIN,SERVIAMIGOS,MOBIL,Calle 12 Sur No.50E-56,GASOLINA CORRIENTE OXIGENADA,8790,1,2018-05-02T00:00:00.000
5,antioquia,5038,ANGOSTURA,ESTACION DE SERVICIO INVERSIONES LA LETICIA,ZEUSS,CORREGIMIENTO LLANOS DE CUIVA,GASOLINA CORRIENTE OXIGENADA,9069,1,2018-05-02T00:00:00.000
76,valle del cauca,76622,ROLDANILLO,ESTACION DE SERVICIO LAS PALMAS ROLDANILLO,BIOMAX,KILOMETRO 1 VIA ROLDANILLO - ZARZAL LAS PALMAS,BIODIESEL EXTRA,8490,1,2018-05-02T00:00:00.000
5,antioquia,5837,TURBO,ESTACION DE SERVICIO AUTOMOTRIZ PALMA DE MAYORCA,PETROMIL,KILOMETRO 2 VIA TURBO - NECOCLI,BIODIESEL EXTRA,8400,1,2018-05-02T00:00:00.000
76,valle del cauca,76113,BUGALAGRANDE,ESTACION DE SERVICIO ESSO LA BASCULA,MOBIL,KILÓMETRO 7 VÍA BUGA - BUENAVENTURA MEDIACANOA DE YOTOCO,BIODIESEL EXTRA,7980,1,2018-05-02T00:00:00.000
76,valle del cauca,76001,SANTIAGO DE CALI,EDS COLON LA CATORCE,MOBIL,CALLE 14 No. 33A-85,GASOLINA CORRIENTE OXIGENADA,8810,1,2018-05-02T00:00:00.000
76,valle del cauca,76892,YUMBO,GREEN EDS PANORAMA,MOBIL,CALLE 15 No. 35-390 KILOMETRO VIA YUMBO,GASOLINA EXTRA OXIGENADA,12410,1,2018-05-02T00:00:00.000
76,valle del cauca,76001,SANTIAGO DE CALI,ESTACION DE SERVICIO VITELLO,MOBIL,Carrera 48 A No.26-49,GASOLINA CORRIENTE OXIGENADA,8877,1,2018-05-02T00:00:00.000
5,antioquia,5001,MEDELLIN,EDS MOBIL SUR,MOBIL,CARRERA 51 No. 32-40,BIODIESEL EXTRA,8450,1,2018-05-02T00:00:00.000
5,antioquia,5579,PUERTO BERRIO,SERVISHELL,TERPEL,CALLE 42 No. 6-28 PASO NIVEL,GASOLINA CORRIENTE OXIGENADA,8870,1,2018-05-02T00:00:00.000
5,antioquia,5368,JERICO,EDS PUENTE IGLESIAS,TEXACO,VEREDA PUENTE IGLESIAS,BIODIESEL EXTRA,8548,1,2018-05-02T00:00:00.000
76,valle del cauca,76001,SANTIAGO DE CALI,ESTACION DE SERVICIO ESSO FARALLONES,MOBIL,CARRERA 15 No. 11 - 15,GASOLINA EXTRA OXIGENADA,11900,1,2018-05-02T00:00:00.000
76,valle del cauca,76041,ANSERMANUEVO,SERVIVALLE AYG,BIOMAX,Carrera 4 No. 02-15,GASOLINA CORRIENTE OXIGENADA,8899,1,2018-05-02T00:00:00.000
5,antioquia,5440,MARINILLA,ESTACION DE SERVICIO EL FARO DE LA MARINILLA,TERPEL,CALLE 22 No 47 - 46,GASOLINA EXTRA OXIGENADA,11515,1,2018-05-02T00:00:00.000
76,valle del cauca,76001,SANTIAGO DE CALI,EDS PLAZAS VERDES,TERPEL,Carrera 1 No. 62A - 50,GASOLINA CORRIENTE OXIGENADA,8700,1,2018-05-02T00:00:00.000
5,antioquia,5376,LA CEJA,ESTACION DE SERVICIOS LOS CEDROS,TERPEL,Carrera 20 Calle 22-44,GASOLINA EXTRA OXIGENADA,11430,1,2018-05-02T00:00:00.000
5,antioquia,5030,AMAGA,ESTACION DE SERVICIO TERPEL AMAGA,TERPEL,CARRERA 54 No. 45-07 TRONCAL DEL CAFÉ,BIODIESEL EXTRA,8556,1,2018-05-02T00:00:00.000
76,valle del cauca,76246,EL CAIRO,ESTACION DE SERVICIO ALBAN,BIOMAX,CORREGIMIENTO ALBAN CARRERA 2 No.. 2-15,BIODIESEL EXTRA,8350,1,2018-05-02T00:00:00.000
5,antioquia,5697,SANTUARIO,ESTACION PREMIUM LA MARIA,TEXACO,CALLE 45 CARRERA 51-31,BIODIESEL EXTRA,8350,1,2018-05-02T00:00:00.000
5,antioquia,5266,ENVIGADO,ESTACION DE SERVICIO LA 43 - ENVIGADO,BIOMAX,CARRERA 43A No. 46 SUR-20,GASOLINA EXTRA OXIGENADA,11540,1,2018-05-02T00:00:00.000
76,valle del cauca,76606,RESTREPO,ESTACION DE SERVICIO RESTREPO V,TERPEL,Calle 10 No 13-06,BIODIESEL EXTRA,8420,1,2018-05-02T00:00:00.000
76,valle del cauca,76520,PALMIRA,EDS EL PALMAR,PETROBRAS,CALLE 42 No 34 A - 16,BIODIESEL EXTRA,8130,1,2018-05-02T00:00:00.000
76,valle del cauca,76834,TULUA,EDS ENTRE RIOS,TERPEL,CARRERA 30 No. 16-03,GASOLINA CORRIENTE OXIGENADA,9230,1,2018-05-02T00:00:00.000
76,valle del cauca,76001,SANTIAGO DE CALI,ESTACION DE SERVICIO FERROCARRIL - GASO,MOBIL,CALLE 26 No. 4B-15,BIODIESEL EXTRA,8100,1,2018-05-02T00:00:00.000
76,valle del cauca,76736,SEVILLA,EL SURTIDOR,TERPEL,"Carrera. 48 No. 53-01,",GASOLINA CORRIENTE OXIGENADA,9250,1,2018-05-02T00:00:00.000
76,valle del cauca,76520,PALMIRA,ESTACION DE SERVICIO Y SERVITECA LA PRIMERA,TERPEL,Carrera 1E No. 33D-18,GASOLINA CORRIENTE OXIGENADA,9060,1,2018-05-02T00:00:00.000
5,antioquia,5318,GUARNE,ESTACION DE SERVICIO TERPEL LA GAROTA,TERPEL,KILOMETRO 19 AUTOPISTA MEDELLIN BOGOTA VEREDA 25 EL ZANGO,GASOLINA EXTRA OXIGENADA,11070,1,2018-05-02T00:00:00.000
76,valle del cauca,76001,SANTIAGO DE CALI,ESTACION DE SERVICIO LA MILAGROSA,PETROBRAS,CALLE 22 No. 1-17,GASOLINA EXTRA OXIGENADA,12200,1,2018-05-02T00:00:00.000
76,valle del cauca,76109,BUENAVENTURA,EDS SERVICENTRO PASCUAL ANDAGOYA,ZEUSS,CALLE 6 No. 21C-70,BIODIESEL EXTRA,8200,1,2018-05-02T00:00:00.000
76,valle del cauca,76111,GUADALAJARA DE BUGA,EDS AURES,ESSO,CARRERA 24A No. 1 DN-11,BIODIESEL EXTRA,7999,1,2018-05-02T00:00:00.000
5,antioquia,5001,MEDELLIN,ESTACION DE SERVICIO UNIVERSIDAD S.A,TEXACO,Carrera 52 No 67 A - 91,GASOLINA EXTRA OXIGENADA,11700,1,2018-05-02T00:00:00.000
76,valle del cauca,76147,CARTAGO,ESTACION DE SERVICIO EL CARMEN,MOBIL,CARRERA 4 No. 15-140,GASOLINA CORRIENTE OXIGENADA,9220,1,2018-05-02T00:00:00.000
76,valle del cauca,76606,RESTREPO,ESTACION DE SERVICIO RESTREPO V,TERPEL,Calle 10 No 13-06,GASOLINA CORRIENTE OXIGENADA,9050,1,2018-05-02T00:00:00.000
76,valle del cauca,76001,SANTIAGO DE CALI,ESTACION DE SERVICIO MOBIL AMERICAS,MOBIL,Avenida 3 NORTE No 20 N 85,GASOLINA CORRIENTE OXIGENADA,8690,1,2018-05-02T00:00:00.000
76,valle del cauca,76670,SAN PEDRO,ESTACION DE SERVICIO TERPEL EL RECREO,TERPEL,SECTOR EL RECREO LOTE A CRR DE GUAYABAL JURISDICCION DE SAN PEDRO,BIODIESEL EXTRA,8060,1,2018-05-02T00:00:00.000
5,antioquia,5837,TURBO,LA MANUELA,TERPEL,Vía al Mar Currulao,BIODIESEL EXTRA,8540,1,2018-05-02T00:00:00.000
5,antioquia,5148,EL CARMEN DE VIBORAL,ESTACION DE SERVICIOS TERPEL EL CARMEN,TERPEL,CARRERA 31 CL 41-25,GASOLINA CORRIENTE OXIGENADA,9010,1,2018-05-02T00:00:00.000
76,valle del cauca,76001,SANTIAGO DE CALI,ESTACION DE SERVICIO TERPEL CAÑAVERALEJO,TERPEL,CALLE 5 No. 53A-75,GASOLINA CORRIENTE OXIGENADA,8980,1,2018-05-02T00:00:00.000
76,valle del cauca,76001,SANTIAGO DE CALI,ESTACION DE SERVICIO SERCOMAS 11 DE CALI,TEXACO,CARRERA 15 No. 19-01,GASOLINA CORRIENTE OXIGENADA,9150,1,2018-05-02T00:00:00.000
76,valle del cauca,76736,SEVILLA,EL SURTIDOR,TERPEL,"Carrera. 48 No. 53-01,",BIODIESEL EXTRA,8950,1,2018-05-02T00:00:00.000
76,valle del cauca,76001,SANTIAGO DE CALI,EDS PLAZAS VERDES,TERPEL,Carrera 1 No. 62A - 50,BIODIESEL EXTRA,8340,1,2018-05-02T00:00:00.000
5,antioquia,5001,MEDELLIN,ESSO REGIONAL,MOBIL,CARRERA 48 No. 20-115,GASOLINA CORRIENTE OXIGENADA,9090,1,2018-05-02T00:00:00.000
5,antioquia,5380,LA ESTRELLA,ESTACION DE SERVICIO TERPEL LA ISLA,TERPEL,CARRERA 50 No. 96 SUR - 48,GASOLINA CORRIENTE OXIGENADA,8680,1,2018-05-02T00:00:00.000
5,antioquia,5591,PUERTO TRIUNFO,ESTACION DORADAL,MOBIL,CALLE 20 No. 17 - 102 CORREGIMIENTO DORADAL,GASOLINA EXTRA OXIGENADA,12250,1,2018-05-02T00:00:00.000
5,antioquia,5264,ENTRERRIOS,EDS SAN FRANCISCO,ZEUSS,KILOMETRO 1 VIA ENTRERRIOS - SANTA ROSA,GASOLINA CORRIENTE OXIGENADA,9144,1,2018-05-02T00:00:00.000
5,antioquia,5001,MEDELLIN,ESTACION DE TERPEL SERVICIO TERPEL LA AMERICA,TERPEL,CALLE 44 No. 86A-55,GASOLINA EXTRA OXIGENADA,11070,1,2018-05-02T00:00:00.000
5,antioquia,5576,PUEBLORRICO,SERVICENTRO JM,TEXACO,Carrera 26 No. 31-29,GASOLINA CORRIENTE OXIGENADA,9693,1,2018-05-02T00:00:00.000
76,valle del cauca,76001,SANTIAGO DE CALI,ESTACION DE SERVICIO GREEN EDS LA 70,MOBIL,CALLE 70 No. 5-20,GASOLINA EXTRA OXIGENADA,12410,1,2018-05-02T00:00:00.000
76,valle del cauca,76122,CAICEDONIA,ESTACION DE SERVICIO BUENAVISTA,TERPEL,Carrera 11 No 5 ? 65,BIODIESEL EXTRA,8830,1,2018-05-02T00:00:00.000
76,valle del cauca,76892,YUMBO,EDS TERPEL MENGA,TERPEL,CALLE 10 No. 36 A - 160,GASOLINA EXTRA OXIGENADA,11280,1,2018-05-02T00:00:00.000
76,valle del cauca,76109,BUENAVENTURA,ESTACION DE SERVICIO DISTRACOM LITORAL,MOBIL,CALLE 6 A No. 57-58,GASOLINA CORRIENTE OXIGENADA,8960,1,2018-05-02T00:00:00.000
76,valle del cauca,76001,SANTIAGO DE CALI,EDS PALERMO CENTRO,PETROBRAS,CARRERA 8 NO. 20-91,GASOLINA CORRIENTE OXIGENADA,8690,1,2018-05-02T00:00:00.000
76,valle del cauca,76001,SANTIAGO DE CALI,SERVICENTRO ESSO #10 EL TRONCAL,MOBIL,CRA 8 no 35-55 SERVICENTRO ESSO,GASOLINA CORRIENTE OXIGENADA,8680,1,2018-05-02T00:00:00.000
76,valle del cauca,76130,CANDELARIA,ESTACION DE SERVICIO CAVASA,MOBIL,Kilometro 12 vía a Candelaria,BIODIESEL EXTRA,8271,1,2018-05-02T00:00:00.000
76,valle del cauca,76400,LA UNION,GASOLINERA LAS LAJAS,BIOMAX,CALLE 14 No. 8-49,GASOLINA CORRIENTE OXIGENADA,8885,1,2018-05-02T00:00:00.000
5,antioquia,5615,CANON DE RIO CLARO,ESTACION DE SERVICIO JOSE MARIA CORDOVA,TERPEL,GLORIETA JMC 0.2 KIM VIA GUARNE,GASOLINA EXTRA OXIGENADA,11510,1,2018-05-02T00:00:00.000
5,antioquia,5440,MARINILLA,ESTACION DE SERVICIO CIUDADELA,TERPEL,CALLE 22 CARRERA 51-53,BIODIESEL EXTRA,8440,1,2018-05-02T00:00:00.000
5,antioquia,5001,MEDELLIN,ESTACION DE SERVICIO TERPEL LA 33,TERPEL,CALLE 33 No. 63B-315,GASOLINA EXTRA OXIGENADA,11070,1,2018-05-02T00:00:00.000
76,valle del cauca,76109,BUENAVENTURA,COMBUSTIBLES DEL PACIFICO,PETROMIL,KILOMETRO 17 CARRETERA CABAL POMBO,GASOLINA CORRIENTE OXIGENADA,8300,1,2018-05-02T00:00:00.000
5,antioquia,5001,MEDELLIN,AEROTAXI,TEXACO,CARRERA 65 No.. 16A 43,GASOLINA CORRIENTE OXIGENADA,8790,1,2018-05-02T00:00:00.000
76,valle del cauca,76892,YUMBO,ESTACION DE SERVICIO TERPEL CENCAR,TERPEL,Carrera 20H No 14 B- 32,BIODIESEL EXTRA,8150,1,2018-05-02T00:00:00.000
76,valle del cauca,76892,YUMBO,LA GLORIETA,MOBIL,CALLE 15 No. 39-61,BIODIESEL EXTRA,8370,1,2018-05-02T00:00:00.000
76,valle del cauca,76001,SANTIAGO DE CALI,ESTACION DE SERVICIO TERPEL GRANADA,TERPEL,AVENIDA 8 NORTE No. 14N-36,BIODIESEL EXTRA,8450,1,2018-05-02T00:00:00.000
5,antioquia,5306,GIRALDO,ESTACION DE SERVICIOS MANGLAR,ZEUSS,CARRETERA AL MAR CORREGIMIENTO MANGLAR,GASOLINA CORRIENTE OXIGENADA,9339,1,2018-05-02T00:00:00.000
5,antioquia,5001,MEDELLIN,SERVIAMIGOS,MOBIL,Calle 12 Sur No.50E-56,BIODIESEL EXTRA,8280,1,2018-05-02T00:00:00.000
76,valle del cauca,76001,SANTIAGO DE CALI,SERVICENTRO ESSO PANAMERICANA,MOBIL,Calle 34 No. 3-33,GASOLINA CORRIENTE OXIGENADA,8611,1,2018-05-02T00:00:00.000
76,valle del cauca,76147,CARTAGO,ESTACION DE SERVICIO LA SUPER 13,MOBIL,CARRERA 2 No. 33-23,GASOLINA CORRIENTE OXIGENADA,9020,1,2018-05-02T00:00:00.000
76,valle del cauca,76001,SANTIAGO DE CALI,ESTACION DE SERVICIO TERPEL AMARILLO CREMA,TERPEL,CALLE 70 No. 28D-74,GASOLINA CORRIENTE OXIGENADA,8810,1,2018-05-02T00:00:00.000
5,antioquia,5001,MEDELLIN,ZEUSS EL CAMPESTRE,ZEUSS,Carrera 43 A No.18 Sur 80,BIODIESEL EXTRA,8700,1,2018-05-02T00:00:00.000
5,antioquia,5001,MEDELLIN,ESTACION DE SERVICIO LAS AMERICAS,MOBIL,Calle 44 No 80 - 155,GASOLINA CORRIENTE OXIGENADA,9020,1,2018-05-02T00:00:00.000
5,antioquia,5001,MEDELLIN,ESTACION DE SERVICIO TERPEL VILLANUEVA,TERPEL,CARRERA 56 No. 55-29,GASOLINA CORRIENTE OXIGENADA,8600,1,2018-05-02T00:00:00.000
76,valle del cauca,76892,YUMBO,ESTACION DE SERVICIO TEXACO 30 YUMBO,TEXACO,CALLE 15 No. 11F-147,GASOLINA EXTRA OXIGENADA,11810,1,2018-05-02T00:00:00.000
5,antioquia,5318,GUARNE,ESTACION DE SERVICIO TERPEL LA GAROTA,TERPEL,KILOMETRO 19 AUTOPISTA MEDELLIN BOGOTA VEREDA 25 EL ZANGO,GASOLINA CORRIENTE OXIGENADA,8840,1,2018-05-02T00:00:00.000
76,valle del cauca,76001,SANTIAGO DE CALI,ESTACION DE SERVICIO TERPEL LA CASONA,TERPEL,CARRERA 27 No. T 103-38,GASOLINA CORRIENTE OXIGENADA,9150,1,2018-05-02T00:00:00.000
76,valle del cauca,76001,SANTIAGO DE CALI,ESTACION DE SERVICIO SAN LORENZO GROUP,TEXACO,CALLE 5 No. 82-15,BIODIESEL EXTRA,8630,1,2018-05-02T00:00:00.000
76,valle del cauca,76001,SANTIAGO DE CALI,EDS PASOANCHO,TERPEL,CALLE 13 No. 80-11,BIODIESEL EXTRA,8410,1,2018-05-02T00:00:00.000
5,antioquia,5819,TOLEDO,ESTACION DE SERVICIO GULF ITUANGO,BIOMAX,CORREGIMIENTO EL VALLE,GASOLINA CORRIENTE OXIGENADA,9240,1,2018-05-02T00:00:00.000
76,valle del cauca,76001,SANTIAGO DE CALI,EDS GUADALUPE,TEXACO,Calle 14b No. 53.130,GASOLINA CORRIENTE OXIGENADA,8870,1,2018-05-02T00:00:00.000
5,antioquia,5591,PUERTO TRIUNFO,ESTACION DE SERVICIO PUERTO TRIUNFO,TERPEL,VEREDA SANTIAGO BERRIO,BIODIESEL EXTRA,8499,1,2018-05-02T00:00:00.000
76,valle del cauca,76001,SANTIAGO DE CALI,ESTACION DE SERVICIO LA MILAGROSA,PETROBRAS,CALLE 22 No. 1-17,GASOLINA CORRIENTE OXIGENADA,8890,1,2018-05-02T00:00:00.000
76,valle del cauca,76892,YUMBO,ESTACION DE SERVICIO TERPEL SALENTO,TERPEL,KILOMETRO 5.6 VIA YUMBO - VIJES,GASOLINA EXTRA OXIGENADA,11280,1,2018-05-02T00:00:00.000
76,valle del cauca,76001,SANTIAGO DE CALI,ESTACION DE SERVICIO LA AVENIDA,TERPEL,Calle 73  No 22 - 22,GASOLINA CORRIENTE OXIGENADA,9150,1,2018-05-02T00:00:00.000
76,valle del cauca,76001,SANTIAGO DE CALI,ESTACION DE SERVICIO TERPEL TERMINAL CALI,TERPEL,CALLE 30 N No. 2 B - 140  160,GASOLINA CORRIENTE OXIGENADA,8620,1,2018-05-02T00:00:00.000
76,valle del cauca,76122,CAICEDONIA,EL CENTRO,TERPEL,CARRERA 15 No. 6 - 06 y 08,BIODIESEL EXTRA,8830,1,2018-05-02T00:00:00.000
76,valle del cauca,76250,EL DOVIO,ESTACION DE SERVICIO COOTRANSDOVIO,TERPEL,CARRERA 9 No. 8-01,GASOLINA CORRIENTE OXIGENADA,9088,1,2018-05-02T00:00:00.000
76,valle del cauca,76111,GUADALAJARA DE BUGA,EDS GUADALAJARA,TERPEL,CARRERA 12 No. 3 SUR-61,GASOLINA EXTRA OXIGENADA,11490,1,2018-05-02T00:00:00.000
5,antioquia,5266,ENVIGADO,ESSO ENVIGADO,MOBIL,Carrera 43 A No 30 Sur - 9,GASOLINA CORRIENTE OXIGENADA,8930,1,2018-05-02T00:00:00.000
76,valle del cauca,76275,FLORIDA,AUTOSERVICIO LA PORTADA,MOBIL,CALLE 9 No. 30-44,GASOLINA CORRIENTE OXIGENADA,8679,1,2018-05-02T00:00:00.000
76,valle del cauca,76041,ANSERMANUEVO,ESTACION DE SERVICIO EL BORDADO SA,BIOMAX,Verada Gramalote,GASOLINA CORRIENTE OXIGENADA,9040,1,2018-05-02T00:00:00.000
76,valle del cauca,76001,SANTIAGO DE CALI,ESTESTACION DE SERVICIO AUTOMOTRIZ COMBUSCOL PLAZA DE TOROS,TEXACO,cll 5 n° 55-00,GASOLINA CORRIENTE OXIGENADA,8990,1,2018-05-02T00:00:00.000
76,valle del cauca,76001,SANTIAGO DE CALI,ESTACION DE SERVICIO LA AVENIDA,TERPEL,Calle 73  No 22 - 22,BIODIESEL EXTRA,8551,1,2018-05-02T00:00:00.000
76,valle del cauca,76001,SANTIAGO DE CALI,OPECOM EDS VILLA DEL PRADO,TERPEL,CARRERA 5 No. 58A-11,GASOLINA EXTRA OXIGENADA,11090,1,2018-05-02T00:00:00.000
76,valle del cauca,76001,SANTIAGO DE CALI,DISTRIBUIDORA  MOBIL VALLE DEL LILI LTDA,MOBIL,Calle 25 No.117-128,GASOLINA EXTRA OXIGENADA,12090,1,2018-05-02T00:00:00.000
76,valle del cauca,76100,BOLIVAR,ESTACION DE SERVICIO LA TULIA,PETROMIL,DIAGONAL 4 No. 4-231 LA TULIA,GASOLINA CORRIENTE OXIGENADA,9373,1,2018-05-02T00:00:00.000
76,valle del cauca,76892,YUMBO,ESTACION DE SERVICIO TERPEL SALENTO,TERPEL,KILOMETRO 5.6 VIA YUMBO - VIJES,BIODIESEL EXTRA,8150,1,2018-05-02T00:00:00.000
76,valle del cauca,76001,SANTIAGO DE CALI,ESTACION DE SERVICIO PANAMERICANA,TERPEL,CALLE 10 NO. 43-11,BIODIESEL EXTRA,8590,1,2018-05-02T00:00:00.000
76,valle del cauca,76318,GUACARI,ESTACION DE SERVICIO EL FARO GUACARI LTDA,PETROMIL,CARRETERA PANAMERICANA GUACARI A B 0-8 LA VARIANTE,GASOLINA EXTRA OXIGENADA,8905,1,2018-05-02T00:00:00.000
76,valle del cauca,76001,SANTIAGO DE CALI,EDS PORVENIR AV SIMON BOLIVAR,MOBIL,CALLE 36 No. 39 A - 66,BIODIESEL EXTRA,8250,1,2018-05-02T00:00:00.000
76,valle del cauca,76248,EL CERRITO,ESTACION DE SERVICIO EL PARAISO,TERPEL,Variante Carretera Central,GASOLINA EXTRA OXIGENADA,11780,1,2018-05-02T00:00:00.000
76,valle del cauca,76001,SANTIAGO DE CALI,ESTACION DE SERVICIO LA NUEVA AUTOPISTA,TEXACO,Diagonal 23 No. 18 E - 120,BIODIESEL EXTRA,8590,1,2018-05-02T00:00:00.000
5,antioquia,5697,SANTUARIO,ESTACION DE SERVICIO AUTOMOTRIZ CENTRO INTEGRADO DE SERVICIOS EL VERGEL,ZEUSS,CR 43  47 17,GASOLINA CORRIENTE OXIGENADA,8980,1,2018-05-02T00:00:00.000
76,valle del cauca,76126,CALIMA (DARIEN),ESTACION DE SERVICIO CENTRO DE SERVICIOS LA FONTANA SAS,PETROMIL,CARRERA 7 CALLE 17 ESQUINA,GASOLINA CORRIENTE OXIGENADA,8920,1,2018-05-02T00:00:00.000
5,antioquia,5001,MEDELLIN,ESTACION DE SERVICIO DELFINES,TEXACO,Calle 6 sur No 52 - 65,GASOLINA CORRIENTE OXIGENADA,8989,1,2018-05-02T00:00:00.000
5,antioquia,5147,CAREPA,ESTACION DE SERVICIO LA PONDEROSA,PETROMIL,CARRERA 80 82 No. 31-49,BIODIESEL EXTRA,8420,1,2018-05-02T00:00:00.000
5,antioquia,5670,SAN ROQUE,ESTACION DE SERVICIO GASOLINERA LAS VEGAS,ZEUSS,CALLE 22 No. 18-22,BIODIESEL EXTRA,8670,1,2018-05-02T00:00:00.000
5,antioquia,5615,CANON DE RIO CLARO,ESTACION DE SERVICIO COMBUSTIBLES GALAXIA,MOBIL,Carrera 48 No.52-02,GASOLINA EXTRA OXIGENADA,11600,1,2018-05-02T00:00:00.000
5,antioquia,5591,PUERTO TRIUNFO,ESTACION DORADAL,MOBIL,CALLE 20 No. 17 - 102 CORREGIMIENTO DORADAL,GASOLINA CORRIENTE OXIGENADA,9350,1,2018-05-02T00:00:00.000
5,antioquia,5172,CHIGORODO,ESTACION DE SERVICIOS LINARES,TERPEL,Calle 95 No 98 - 05,GASOLINA CORRIENTE OXIGENADA,9110,1,2018-05-02T00:00:00.000
5,antioquia,5250,EL BAGRE,EDS EL CARMEN EL BAGRE,TERPEL,CARRERA 41 No. 33-60,GASOLINA CORRIENTE OXIGENADA,8900,1,2018-05-02T00:00:00.000
5,antioquia,5001,MEDELLIN,ESTACION DE SERVICIO TERPEL MAYORAL,TERPEL,CARRERA 81 No. 30 A 37,BIODIESEL EXTRA,8340,1,2018-05-02T00:00:00.000
5,antioquia,5266,ENVIGADO,EDS TEXACO 10 ENVIGADO,TEXACO,CALLE 33 SUR No 43-33,GASOLINA CORRIENTE OXIGENADA,9097,1,2018-05-02T00:00:00.000
5,antioquia,5376,LA CEJA,ESTACION DE SERVICIO EL ENCIERRO,TERPEL,PR INICIAL K 4 MAS 186 MARGEN IZQUIERDA DE LA VIA LA CEJA-RIONEGRO RUTA 56AN03,GASOLINA EXTRA OXIGENADA,11325,1,2018-05-02T00:00:00.000
5,antioquia,5001,MEDELLIN,ESTACION DE SERVICIO LAS AMERICAS,MOBIL,Calle 44 No 80 - 155,GASOLINA EXTRA OXIGENADA,11890,1,2018-05-02T00:00:00.000
76,valle del cauca,76001,SANTIAGO DE CALI,ESTACION DE SERVICIO TERPEL AMARILLO CREMA,TERPEL,CALLE 70 No. 28D-74,BIODIESEL EXTRA,8350,1,2018-05-02T00:00:00.000
76,valle del cauca,76520,PALMIRA,ESTACION DE SERVICIO COODETRANS LA MARIA,TERPEL,CRA 32 No. 19-72,GASOLINA CORRIENTE OXIGENADA,8830,1,2018-05-02T00:00:00.000
5,antioquia,5001,MEDELLIN,TEXACO PRADO,TEXACO,CALLE 57 No. 51D-36,GASOLINA EXTRA OXIGENADA,11850,1,2018-05-02T00:00:00.000
5,antioquia,5607,EL RETIRO,ESTACIÓN DE SERVICIOS SAN LUIS EL ESCOBERO,TEXACO,PARCELACION SAN LUIS CIUDADELA CAMPESTRE SECTOR INFERIOR ESTACION DE SERVICIO VEREDA LAS PALMAS ALTO DE SAN LUIS,GASOLINA CORRIENTE OXIGENADA,9280,1,2018-05-02T00:00:00.000
76,valle del cauca,76001,SANTIAGO DE CALI,ESTACION DE SERVICIO AUTOMOTRIZ MOBIL LAS PALMAS,MOBIL,Calle 25 No.10-16,BIODIESEL EXTRA,8560,1,2018-05-02T00:00:00.000
5,antioquia,5893,YONDO,ESTACION DE SERVICOS CONDOR,TERPEL,KR 57 No 48-85,BIODIESEL EXTRA,8240,1,2018-05-02T00:00:00.000
76,valle del cauca,76001,SANTIAGO DE CALI,EDS TERPEL CHIPICHAPE,TERPEL,Avenida 6 N No. 37 N - 12,GASOLINA CORRIENTE OXIGENADA,8610,1,2018-05-02T00:00:00.000
76,valle del cauca,76147,CARTAGO,SERVICENTRO ESSO EL MARISCAL,MOBIL,CALLE 1 No. 1E-175,BIODIESEL EXTRA,8537,1,2018-05-02T00:00:00.000
5,antioquia,5607,EL RETIRO,ESTACION TEXACO CALIFORNIA,TEXACO,KILOMETRO 0 MAS 40 DON DIEGO,BIODIESEL EXTRA,8620,1,2018-05-02T00:00:00.000
76,valle del cauca,76109,BUENAVENTURA,SERVICENTRO CALIMAR,MOBIL,CALLE 6 No. 19B-60,GASOLINA CORRIENTE OXIGENADA,8908,1,2018-05-02T00:00:00.000
76,valle del cauca,76001,SANTIAGO DE CALI,ESTACION DE SERVICIO TERPEL GRANADA,TERPEL,AVENIDA 8 NORTE No. 14N-36,GASOLINA CORRIENTE OXIGENADA,8660,1,2018-05-02T00:00:00.000
76,valle del cauca,76001,SANTIAGO DE CALI,ESTACION DE SERVICIO GAS Y COM AUTO 15,ESSO,DIAGONAL 23 No.15-15,GASOLINA CORRIENTE OXIGENADA,8590,1,2018-05-02T00:00:00.000
76,valle del cauca,76001,SANTIAGO DE CALI,GREEN EDS PORTAL DEL SUR,MOBIL,CALLE 25 No. 93-75,BIODIESEL EXTRA,9250,1,2018-05-02T00:00:00.000
76,valle del cauca,76109,BUENAVENTURA,ESTACION DE SERVICIO DISTRACOM LITORAL,MOBIL,CALLE 6 A No. 57-58,BIODIESEL EXTRA,8325,1,2018-05-02T00:00:00.000
76,valle del cauca,76622,ROLDANILLO,SERVINORTE,TERPEL,CLL 9 2-02,GASOLINA CORRIENTE OXIGENADA,9040,1,2018-05-02T00:00:00.000
5,antioquia,5001,MEDELLIN,TERPEL PALENQUE,TERPEL,CALLE 68 No. 86 - 26,BIODIESEL EXTRA,8365,1,2018-05-02T00:00:00.000
76,valle del cauca,76001,SANTIAGO DE CALI,ESTACION DE SERVICIO SAN LORENZO GROUP,TEXACO,CALLE 5 No. 82-15,GASOLINA EXTRA OXIGENADA,11950,1,2018-05-02T00:00:00.000
5,antioquia,5667,SAN RAFAEL,DISTRIBUIDORA DE COMBUSTIBLES RAMIRO,TERPEL,CALLE 18 No. 28 - 241,GASOLINA CORRIENTE OXIGENADA,9600,1,2018-05-02T00:00:00.000
76,valle del cauca,76001,SANTIAGO DE CALI,EDS GUADALUPE,TEXACO,Calle 14b No. 53.130,BIODIESEL EXTRA,8540,1,2018-05-02T00:00:00.000
76,valle del cauca,76001,SANTIAGO DE CALI,ESTACION DE SERVICIO LAS PILAS,TEXACO,CALLE 13 No. 53-44,BIODIESEL EXTRA,8630,1,2018-05-02T00:00:00.000
5,antioquia,5001,MEDELLIN,ESTACION DE SERVICIO TERPEL CARRERA 80 - 81,TERPEL,CALLE 5 SUR No. 51-85,GASOLINA CORRIENTE OXIGENADA,8600,1,2018-05-02T00:00:00.000
5,antioquia,5001,MEDELLIN,ESTACION DE SERVICIO TERPEL LA 33,TERPEL,CALLE 33 No. 63B-315,GASOLINA CORRIENTE OXIGENADA,8600,1,2018-05-02T00:00:00.000
5,antioquia,5042,SANTA FE DE ANTIOQUIA,ESTACION DE SERVICIO TERPEL SANTA FE DE ANTIOQUIA,TERPEL,PARAJE EL PASO REAL SANTAFE DE ANTIOQUIA,GASOLINA EXTRA OXIGENADA,11070,1,2018-05-02T00:00:00.000
5,antioquia,5591,PUERTO TRIUNFO,ESTACION DE SERVICIO LUIS LOZANO,TERPEL,"Cra. 19 y 18ª entre calles 29 y 30 Mz 25, Corregimiento Pto. Perales",GASOLINA CORRIENTE OXIGENADA,9000,1,2018-05-02T00:00:00.000
76,valle del cauca,76622,ROLDANILLO,SERVINORTE,TERPEL,CLL 9 2-02,GASOLINA EXTRA OXIGENADA,11890,1,2018-05-02T00:00:00.000
76,valle del cauca,76001,SANTIAGO DE CALI,ESTACION DE SERVICIO SERVITECA LA 44,BIOMAX,CARRERA 44 No. 16-05,GASOLINA CORRIENTE OXIGENADA,8790,1,2018-05-02T00:00:00.000
5,antioquia,5001,MEDELLIN,EDS ESSO AVENIDA ORIENTAL,MOBIL,CALLE 41 No. 46-11,GASOLINA CORRIENTE OXIGENADA,8580,1,2018-05-02T00:00:00.000
5,antioquia,5360,ITAGUI,ESTACION DE SERVICIO DEL SUR MEDELLIN,MOBIL,CARRERA 42 No.. 29A-25,GASOLINA EXTRA OXIGENADA,11950,1,2018-05-02T00:00:00.000
5,antioquia,5266,ENVIGADO,ESTACION DE SERVICIOS PREMIUM LA SEBASTIANA,TEXACO,CARRERA 27 No. 36 SUR-199,GASOLINA CORRIENTE OXIGENADA,9080,1,2018-05-02T00:00:00.000
5,antioquia,5088,BELLO,CONCRETOS Y ASFALTOS SA CONASFALTOS SA,TERPEL,DIAGONAL 51 NO 15 A -161,GASOLINA CORRIENTE OXIGENADA,6042,1,2018-05-02T00:00:00.000
76,valle del cauca,76001,SANTIAGO DE CALI,SESCO,TERPEL,Calle 34 No. 2BN - 87 Cali,GASOLINA CORRIENTE OXIGENADA,9150,1,2018-05-02T00:00:00.000
76,valle del cauca,76147,CARTAGO,EDS DISTRIBUCIONES LA 20 CARTAGO,TERPEL,Carrera 4 No. 19-83,GASOLINA CORRIENTE OXIGENADA,8940,1,2018-05-02T00:00:00.000
76,valle del cauca,76001,SANTIAGO DE CALI,ESTACION DE SERVICIO BUENO MADRID,TERPEL,CALLE 34 No. 3N-158,BIODIESEL EXTRA,8490,1,2018-05-02T00:00:00.000
5,antioquia,5001,MEDELLIN,ESTACION DE SERVICIO TERPEL LA RAYA,TERPEL,CARRERA 52 No. 14 SUR-04,BIODIESEL EXTRA,8290,1,2018-05-02T00:00:00.000
5,antioquia,5001,MEDELLIN,EDS CENTRO AUTOMOTRIZ,TERPEL,CARRERA 43B No. 19A-61,BIODIESEL EXTRA,8430,1,2018-05-02T00:00:00.000
5,antioquia,5148,EL CARMEN DE VIBORAL,ESTACION DE SERVICIOS QUIRAMA,TERPEL,VIA LA CEJA - RIONEGRO KILOMETRO 11,GASOLINA EXTRA OXIGENADA,11480,1,2018-05-02T00:00:00.000
5,antioquia,5400,LA UNION,ESTACION DE SERVICIOS LA UNION,ZEUSS,Calle 9 No.3-41,GASOLINA CORRIENTE OXIGENADA,9180,1,2018-05-02T00:00:00.000
5,antioquia,5604,REMEDIOS,ESTACION DE SERVICIO CAÑAVERAL,ZEUSS,Vereda Cañaveral,BIODIESEL EXTRA,8908,1,2018-05-02T00:00:00.000
5,antioquia,5360,ITAGUI,ESTACION DE SERVICIOS LA SANTA MARIA,MOBIL,CARRERA 50A No. 38-49,GASOLINA CORRIENTE OXIGENADA,8590,1,2018-05-02T00:00:00.000
5,antioquia,5615,CANON DE RIO CLARO,ESTACION DE SERVICIO COMBUSTIBLES GALAXIA,MOBIL,Carrera 48 No.52-02,GASOLINA CORRIENTE OXIGENADA,9150,1,2018-05-02T00:00:00.000
5,antioquia,5001,MEDELLIN,SERVICENTRO ESSO PALMAS,ZEUSS,Carrera 38 No 19 - 16,GASOLINA CORRIENTE OXIGENADA,9290,1,2018-05-02T00:00:00.000
5,antioquia,5360,ITAGUI,ESTACION TERPEL CENTRAL  MAYORISTA,TERPEL,Calle 84 A No. 46A-30,BIODIESEL EXTRA,8390,1,2018-05-02T00:00:00.000
76,valle del cauca,76520,PALMIRA,EDS TERPEL PALMIRA,TERPEL,CALLE 42 CARRERA 43 ESQUINA,GASOLINA CORRIENTE OXIGENADA,8650,1,2018-05-02T00:00:00.000
76,valle del cauca,76001,SANTIAGO DE CALI,EDS PASOANCHO,TERPEL,CALLE 13 No. 80-11,GASOLINA EXTRA OXIGENADA,11270,1,2018-05-02T00:00:00.000
76,valle del cauca,76109,BUENAVENTURA,ESTACION DE SERVICIO SERVICENTRO DEL 14 LTDA,MOBIL,CALLE 6A No. 39-11,BIODIESEL EXTRA,8275,1,2018-05-02T00:00:00.000
76,valle del cauca,76109,BUENAVENTURA,EDS EL RETORNO DE CHUSACA,MOBIL,CARRERA CABAL PONBO LA MARIA PARAJE KILOMETRO 15,GASOLINA CORRIENTE OXIGENADA,8990,1,2018-05-02T00:00:00.000
76,valle del cauca,76001,SANTIAGO DE CALI,ESTACION DE SERVICIO CARMILENIO -GASO,MOBIL,Carrera 39 No. 13C - 02,BIODIESEL EXTRA,8100,1,2018-05-02T00:00:00.000
5,antioquia,5001,MEDELLIN,ESTACION DE SERVICIO DELFINES,TEXACO,Calle 6 sur No 52 - 65,GASOLINA EXTRA OXIGENADA,11450,1,2018-05-02T00:00:00.000
5,antioquia,5631,SABANETA,ESTACION DE SERVICIO TERPEL ANCON SUR,TERPEL,CALLE 84 SUR No.29-51 VARIANTE DE CALDAS KILOMETRO 1,GASOLINA EXTRA OXIGENADA,11070,1,2018-05-02T00:00:00.000
5,antioquia,5604,REMEDIOS,ESTACION DE SERVICIO REMEDIOS,TERPEL,SECTOR PARAJE EL PORVENIR BARRIO LLANO DE CORDOBA,BIODIESEL EXTRA,8750,1,2018-05-02T00:00:00.000
5,antioquia,5001,MEDELLIN,EDS EL VOLADOR,TERPEL,CALLE 71 No. 66-82,GASOLINA CORRIENTE OXIGENADA,9030,1,2018-05-02T00:00:00.000
76,valle del cauca,76001,SANTIAGO DE CALI,ESSO EL TRIANGULO,MOBIL,CALLE 9 No. 17-65,BIODIESEL EXTRA,8380,1,2018-05-02T00:00:00.000
5,antioquia,5088,BELLO,ESTACION DE SERVICIO AUTOMOTRIZ EDS ESSO BELLO MADERA,MOBIL,CARRERA 50 No. 25B-15,GASOLINA EXTRA OXIGENADA,11590,1,2018-05-02T00:00:00.000
76,valle del cauca,76497,OBANDO,ESTACION DE SERVICIO OBANDO,TERPEL,Carrera 5 No. 1-82,GASOLINA CORRIENTE OXIGENADA,8940,1,2018-05-02T00:00:00.000
5,antioquia,5679,SANTA BARBARA,BOMBA TERPEL LOS ALMENDROS,TERPEL,Troncal principal 15 22,BIODIESEL EXTRA,8200,1,2018-05-02T00:00:00.000
5,antioquia,5887,YARUMAL,BOMBA LA ESTACION,TERPEL,TRONCAL NORTE VIA A AL COSTA SECTOR LA ESTACION,GASOLINA CORRIENTE OXIGENADA,9040,1,2018-05-02T00:00:00.000
5,antioquia,5172,CHIGORODO,ESTACION DE SERVICIOS LINARES,TERPEL,Calle 95 No 98 - 05,BIODIESEL EXTRA,8420,1,2018-05-02T00:00:00.000
5,antioquia,5809,TITIRIBI,ESTACION DE SERVICIO LOS PRIMOS,ZEUSS,SECTOR LA NUEVA OLA,BIODIESEL EXTRA,8606,1,2018-05-02T00:00:00.000
76,valle del cauca,76001,SANTIAGO DE CALI,ESTACION DE SERVICIO SIMON BOLIVAR CON CALLE 25,TERPEL,CALLE 25 DIAGONAL G No. 65-35,BIODIESEL EXTRA,8420,1,2018-05-02T00:00:00.000
5,antioquia,5001,MEDELLIN,EDS AUTOMOTRIZ INVERSIONES ACEVEDO Y CIA,MOBIL,Calle 39D No 73-26,GASOLINA CORRIENTE OXIGENADA,8790,1,2018-05-02T00:00:00.000
76,valle del cauca,76001,SANTIAGO DE CALI,ESTACION DE SERVICIO BUENO MADRID,TERPEL,CALLE 34 No. 3N-158,GASOLINA EXTRA OXIGENADA,11650,1,2018-05-02T00:00:00.000
76,valle del cauca,76109,BUENAVENTURA,DISTRACOM LA PORTUARIA,MOBIL,CALLE 7 No. 19C-31 SECTOR EL TABOR,GASOLINA CORRIENTE OXIGENADA,8908,1,2018-05-02T00:00:00.000
5,antioquia,5001,MEDELLIN,EDS ESSO CASTILLA,MOBIL,TRANSVERSAL 78 No. 65-71,GASOLINA EXTRA OXIGENADA,11690,1,2018-05-02T00:00:00.000
76,valle del cauca,76001,SANTIAGO DE CALI,ESTACION DE SERVICIO COMBUSCOL ESTADIO,TEXACO,cl 6 n° 31-00,GASOLINA EXTRA OXIGENADA,11990,1,2018-05-02T00:00:00.000
76,valle del cauca,76001,SANTIAGO DE CALI,ESTACION DE SERVICIO AUTOMOTRIZ ESTACION CORDOBA,TERPEL,Carrera 46 No.48-25,GASOLINA CORRIENTE OXIGENADA,9152,1,2018-05-02T00:00:00.000
76,valle del cauca,76001,SANTIAGO DE CALI,ESTACION DE SERVICIO AUTOMOTRIZ MOBIL LAS PALMAS,MOBIL,Calle 25 No.10-16,GASOLINA EXTRA OXIGENADA,12290,1,2018-05-02T00:00:00.000
5,antioquia,5001,MEDELLIN,SERVIAMIGOS,MOBIL,Calle 12 Sur No.50E-56,GASOLINA EXTRA OXIGENADA,11520,1,2018-05-02T00:00:00.000
5,antioquia,5148,EL CARMEN DE VIBORAL,ESTACION DE SERVICIO ÉXITO EL CARMEN,ESSO,VIA LA CEJA RIONEGRO KILOMETRO 7 MAS 100 VEREDA AGUAS CLARAS,BIODIESEL EXTRA,8900,1,2018-05-02T00:00:00.000
76,valle del cauca,76364,JAMUNDI,ESTACION DE SERVICIO JAMUNDI,TERPEL,Km 15 via panamericana jamundi,GASOLINA CORRIENTE OXIGENADA,8990,1,2018-05-02T00:00:00.000
5,antioquia,5031,AMALFI,ESTACION DE SERVICIO AMALFI,ZEUSS,CALLE COLOMBIA No. 24-10,GASOLINA EXTRA OXIGENADA,11600,1,2018-05-02T00:00:00.000
5,antioquia,5001,MEDELLIN,LUBRITODO EL SITIO CORRECTO SAS,MOBIL,CALLE 44 No. 64-52,BIODIESEL EXTRA,8540,1,2018-05-02T00:00:00.000
5,antioquia,5001,MEDELLIN,ESTACION DE SERVICIO RIO CON AUTOPISTA SUR SENTIDO SUR,TEXACO,CARRERA 50 No. 23-233,BIODIESEL EXTRA,8190,1,2018-05-02T00:00:00.000
76,valle del cauca,76520,PALMIRA,EDS EL PALMAR,PETROBRAS,CALLE 42 No 34 A - 16,GASOLINA CORRIENTE OXIGENADA,8600,1,2018-05-02T00:00:00.000
5,antioquia,5360,ITAGUI,ESTACION DE SERVICIO DEL SUR MEDELLIN,MOBIL,CARRERA 42 No.. 29A-25,GASOLINA CORRIENTE OXIGENADA,9070,1,2018-05-02T00:00:00.000
76,valle del cauca,76001,SANTIAGO DE CALI,ESTACION DE SERVICIO COMBUSCOL ESTADIO,TEXACO,cl 6 n° 31-00,BIODIESEL EXTRA,8580,1,2018-05-02T00:00:00.000
5,antioquia,5001,MEDELLIN,ESSO INDUSTRIALES,MOBIL,CARRERA 48 No. 16A-35,GASOLINA EXTRA OXIGENADA,11980,1,2018-05-02T00:00:00.000
5,antioquia,5266,ENVIGADO,ESTACION DE SERVICIO AUTOMOTRIZ CEDI VEGAS,MOBIL,CARRERA 43 SUR NO.48-127,GASOLINA CORRIENTE OXIGENADA,8980,1,2018-05-02T00:00:00.000
5,antioquia,5088,BELLO,ESTACION DE SERVICIO TERPEL LA PALOMA,TERPEL,DIAGONAL 52 No.10-269,GASOLINA EXTRA OXIGENADA,11070,1,2018-05-02T00:00:00.000
76,valle del cauca,76001,SANTIAGO DE CALI,ESTACION DE SERVICIO MARIA LUISA,TEXACO,CARRERA 15 No. 29-30,GASOLINA CORRIENTE OXIGENADA,8780,1,2018-05-02T00:00:00.000
5,antioquia,5847,URRAO,ESTACION DE SERVICIO PENDERISCO,ZEUSS,CALLE 15 NO 32 - 07 SECTOR AGUSTIN URRAO,BIODIESEL EXTRA,9149,1,2018-05-02T00:00:00.000
5,antioquia,5212,COPACABANA,ESTACION DE SERVICIO COPACABANA,ZEUSS,Calle 50 No 59 - 02,BIODIESEL EXTRA,8457,1,2018-05-02T00:00:00.000
5,antioquia,5001,MEDELLIN,TEXACO NUEVAS PALMAS,TEXACO,Carrera 38 No 26 - 259,GASOLINA CORRIENTE OXIGENADA,9040,1,2018-05-02T00:00:00.000
76,valle del cauca,76892,YUMBO,ESTACION DE SERVICIO GREEN EDS PLAZA AUTOPISTA,MOBIL,CALLE 15 No. 35-147,GASOLINA EXTRA OXIGENADA,12410,1,2018-05-02T00:00:00.000
76,valle del cauca,76001,SANTIAGO DE CALI,OPECOM EDS LA RIVERA,TERPEL,CALLE 70  No. 4-51,BIODIESEL EXTRA,8120,1,2018-05-02T00:00:00.000
5,antioquia,5001,MEDELLIN,ESTACION DE SERVICIO EXPOSICIONES,TERPEL,CRA 54 No 35 - 35,GASOLINA CORRIENTE OXIGENADA,8600,1,2018-05-02T00:00:00.000
5,antioquia,5001,MEDELLIN,ESTACION DE SERVICIO LAS AMERICAS,MOBIL,Calle 44 No 80 - 155,BIODIESEL EXTRA,8480,1,2018-05-02T00:00:00.000
5,antioquia,5001,MEDELLIN,EDS MOBIL SUR,MOBIL,CARRERA 51 No. 32-40,GASOLINA EXTRA OXIGENADA,11490,1,2018-05-02T00:00:00.000
5,antioquia,5360,ITAGUI,EDS  TERPEL LA CEIBA,TERPEL,CALLE 31 No. 50A-32,BIODIESEL EXTRA,8140,1,2018-05-02T00:00:00.000
5,antioquia,5440,MARINILLA,ESTACION DE SERVICIO CIUDADELA,TERPEL,CALLE 22 CARRERA 51-53,GASOLINA EXTRA OXIGENADA,11500,1,2018-05-02T00:00:00.000
5,antioquia,5400,LA UNION,ESTACION DE SERVICIO LOS GERANIOS,TERPEL,Carrera 11A Numero 15-35,BIODIESEL EXTRA,8510,1,2018-05-02T00:00:00.000
5,antioquia,5001,MEDELLIN,ESTACION DE SERVICIO TERPEL LA 33,TERPEL,CALLE 33 No. 63B-315,BIODIESEL EXTRA,8420,1,2018-05-02T00:00:00.000
5,antioquia,5579,PUERTO BERRIO,ESTACION DE SERVICIO LA PLAYA,BIOMAX,CARRERA 1 No. 55-46,BIODIESEL EXTRA,8350,1,2018-05-02T00:00:00.000
76,valle del cauca,76001,SANTIAGO DE CALI,ESTACION DE SERVICIO COMBUSCOL SAN FRANCISCO,MOBIL,CARRERA 8 No. 44B-106,BIODIESEL EXTRA,8529,1,2018-05-02T00:00:00.000
76,valle del cauca,76001,SANTIAGO DE CALI,GREEN EDS BARRANQUILLA,TEXACO,CARRERA 1D No. 61A-35,BIODIESEL EXTRA,8330,1,2018-05-02T00:00:00.000
76,valle del cauca,76109,BUENAVENTURA,EDS EL RETORNO DE CHUSACA,MOBIL,CARRERA CABAL PONBO LA MARIA PARAJE KILOMETRO 15,BIODIESEL EXTRA,8390,1,2018-05-02T00:00:00.000
5,antioquia,5495,NECHI,ESTACION DE SERVICIO NECHI,TERPEL,Barrio El Porvenir,BIODIESEL EXTRA,8081,1,2018-05-02T00:00:00.000
76,valle del cauca,76892,YUMBO,SERVICENTRO PLAZA BOLIVAR,MOBIL,CALLE 14 ESQUINA CARRERA 4,GASOLINA CORRIENTE OXIGENADA,8699,1,2018-05-02T00:00:00.000
76,valle del cauca,76001,SANTIAGO DE CALI,ESTACION DE SERVICIO AUTOMOTRIZ GUADUALES,TERPEL,CALLE 70 Nº 4N - 10,GASOLINA CORRIENTE OXIGENADA,8650,1,2018-05-02T00:00:00.000
76,valle del cauca,76109,BUENAVENTURA,ESTACION DE SERVICIOS AUTOMOTRICES Y LUBRICANTES VALLEJO,TEXACO,CALLE 6 28 - 76 ZONA 1,GASOLINA EXTRA OXIGENADA,8051,1,2018-05-02T00:00:00.000
5,antioquia,5686,SANTA ROSA DE OSOS,ESTACION SANTA ROSA,MOBIL,AVENIDA 38 No. 28 B - 32,BIODIESEL EXTRA,8490,1,2018-05-02T00:00:00.000
76,valle del cauca,76275,FLORIDA,ESTACION  DE SERVICIO SARAH,PETROMIL,CARRERA 16B No. 1 A - 45,BIODIESEL EXTRA,8500,1,2018-05-02T00:00:00.000
76,valle del cauca,76001,SANTIAGO DE CALI,SESCO,TERPEL,Calle 34 No. 2BN - 87 Cali,BIODIESEL EXTRA,8550,1,2018-05-02T00:00:00.000
76,valle del cauca,76364,JAMUNDI,ESTACION DE SERVICIO CENTRO DE SERVICIOS LAS MERCEDES SAS,PETROMIL,Lote de terreno 1A supermanzana 1 sector 3 Alfaguara,GASOLINA EXTRA OXIGENADA,11710,1,2018-05-02T00:00:00.000
5,antioquia,5541,EL PEÑOL,EDS LA ENTRADA,TERPEL,VEREDA HORIZONTES VIA EL PEÑOL MARINILLA KILOMETRO 0.300,BIODIESEL EXTRA,8709,1,2018-05-02T00:00:00.000
5,antioquia,5579,PUERTO BERRIO,SERVICENTRO MARGARITA,BIOMAX,Vereda la Margarita¸,GASOLINA CORRIENTE OXIGENADA,8920,1,2018-05-02T00:00:00.000
5,antioquia,5887,YARUMAL,BOMBA IMPERIO,TERPEL,CARRERA 22 NO 20 80,GASOLINA CORRIENTE OXIGENADA,9040,1,2018-05-02T00:00:00.000
76,valle del cauca,76892,YUMBO,ESTACION DE SERVICIO TEXACO 30 YUMBO,TEXACO,CALLE 15 No. 11F-147,BIODIESEL EXTRA,8185,1,2018-05-02T00:00:00.000
5,antioquia,5001,MEDELLIN,ESTACION DE SERVICIO TERPEL NORTE,TERPEL,CARRERA 64C No. 103 GG- 75,GASOLINA EXTRA OXIGENADA,11070,1,2018-05-02T00:00:00.000
76,valle del cauca,76563,PRADERA,ESTACION DE SERVICIO SERVICENTRO YIRETH,TERPEL,KILOMETRO 1 VIA PRADERA - PALMIRA,BIODIESEL EXTRA,8430,1,2018-05-02T00:00:00.000
5,antioquia,5686,SANTA ROSA DE OSOS,ESTACION SANTA ROSA,MOBIL,AVENIDA 38 No. 28 B - 32,GASOLINA CORRIENTE OXIGENADA,9150,1,2018-05-02T00:00:00.000
76,valle del cauca,76001,SANTIAGO DE CALI,ESTACION DE SERVICIO GREEN EDS NORUEGA,MOBIL,CALLE 13 No. 30-85,GASOLINA CORRIENTE OXIGENADA,8690,1,2018-05-02T00:00:00.000
5,antioquia,5212,COPACABANA,ESTACION DE SERVICIO AUTOMOTRIZ SERVICENTRO LA MILAGROSA COPACABANA,MOBIL,Carrera 48 No.52-09,GASOLINA EXTRA OXIGENADA,11420,1,2018-05-02T00:00:00.000
76,valle del cauca,76001,SANTIAGO DE CALI,ESTACION DE SERVICIO AUTOMOTRIZ COMBUSCOL SAN FERNANDO,TEXACO,Calle 5 Nro. 25 - 20,BIODIESEL EXTRA,8580,1,2018-05-02T00:00:00.000
5,antioquia,5129,CALDAS,SERVICENTRO CALDAS,TERPEL,CARRERA 50 No. 122 SUR-76,GASOLINA CORRIENTE OXIGENADA,8800,1,2018-05-02T00:00:00.000
5,antioquia,5001,MEDELLIN,BREASCOL EDS TERPEL TERMINAL,TERPEL,CARRERA 64A No 78 - 55,GASOLINA CORRIENTE OXIGENADA,8580,1,2018-05-02T00:00:00.000
76,valle del cauca,76001,SANTIAGO DE CALI,ESTACION DE SERVICIO TERPEL LOS ALCAZARES,TERPEL,CALLE 70 No. 1A-4 Y 1A-5,BIODIESEL EXTRA,8110,1,2018-05-02T00:00:00.000
76,valle del cauca,76001,SANTIAGO DE CALI,ESTACION DE SERVICIO COMBUSCOL CENTRALIA,TEXACO,CALLE 31N No. 2N-10,GASOLINA CORRIENTE OXIGENADA,9080,1,2018-05-02T00:00:00.000
76,valle del cauca,76275,FLORIDA,ESTACION DE SERVICIO BRISAS DEL VALLE,BIOMAX,CALLE 9 No. 30-263 BARRIO EL CEDRO,GASOLINA CORRIENTE OXIGENADA,8850,1,2018-05-02T00:00:00.000
5,antioquia,5690,SANTO DOMINGO,ESTACION DE SERVICIO GASOLINERA SOFIA No1,TERPEL,VEREDA LA ESPERANZA  PARAJE SOFIA,GASOLINA CORRIENTE OXIGENADA,9230,1,2018-05-02T00:00:00.000
5,antioquia,5197,COCORNA,ESTACION DE SERVICIO AUTOMOTRIZ EL MOTORISTA,ZEUSS,KM. 84 AUTOPISTA MEDELLIN- BOGOTA VEREDA LA PIÑUELA,GASOLINA CORRIENTE OXIGENADA,8950,1,2018-05-02T00:00:00.000
76,valle del cauca,76001,SANTIAGO DE CALI,ESTACION DE SERVICIO COMBUSCOL ESTADIO,TEXACO,cl 6 n° 31-00,GASOLINA CORRIENTE OXIGENADA,9090,1,2018-05-02T00:00:00.000
5,antioquia,5310,GOMEZ PLATA,ESTACION DE SERVICIO EL POMO,ZEUSS,VEREDA LA RAMADA,BIODIESEL EXTRA,8781,1,2018-05-02T00:00:00.000
5,antioquia,5607,EL RETIRO,ESTACIÓN DE SERVICIOS SAN LUIS EL ESCOBERO,TEXACO,PARCELACION SAN LUIS CIUDADELA CAMPESTRE SECTOR INFERIOR ESTACION DE SERVICIO VEREDA LAS PALMAS ALTO DE SAN LUIS,GASOLINA EXTRA OXIGENADA,11980,1,2018-05-02T00:00:00.000
76,valle del cauca,76001,SANTIAGO DE CALI,EDS PLAZAS VERDES,TERPEL,Carrera 1 No. 62A - 50,GASOLINA EXTRA OXIGENADA,11230,1,2018-05-02T00:00:00.000
5,antioquia,5234,DABEIBA,ESTACION DE SERVICIO LAS GUADUAS,TERPEL,Carrera 10 No. 13-526,GASOLINA EXTRA OXIGENADA,11550,1,2018-05-02T00:00:00.000
76,valle del cauca,76892,YUMBO,LA GLORIETA,MOBIL,CALLE 15 No. 39-61,GASOLINA CORRIENTE OXIGENADA,8570,1,2018-05-02T00:00:00.000
5,antioquia,5001,MEDELLIN,SERVICENTRO ESSO SERGIO RAMIREZ,MOBIL,Calle 49 No 28 - 25,GASOLINA CORRIENTE OXIGENADA,8859,1,2018-05-02T00:00:00.000
76,valle del cauca,76892,YUMBO,ESTACION DE SERVICIO COMBUSCOL AUTOPISTA CALI - YUMBO,TEXACO,Calle 15 No.37-39,GASOLINA CORRIENTE OXIGENADA,9080,1,2018-05-02T00:00:00.000
5,antioquia,5266,ENVIGADO,ESTACION DE SERVICIO VILLA GRANDE LAS VEGAS,ZEUSS,CARRERA 48 No. 25AA SUR-13,GASOLINA CORRIENTE OXIGENADA,9070,1,2018-05-02T00:00:00.000
76,valle del cauca,76147,CARTAGO,ESTACION DE SERVICIO EL CARMEN,MOBIL,CARRERA 4 No. 15-140,GASOLINA EXTRA OXIGENADA,11900,1,2018-05-02T00:00:00.000
5,antioquia,5266,ENVIGADO,ESTACION DE SERVICIO EL TRANSITO,MOBIL,CARRERA 48 No. 49 SUR-45,BIODIESEL EXTRA,8410,1,2018-05-02T00:00:00.000
5,antioquia,5686,SANTA ROSA DE OSOS,ESTACION DE SERVICIO EL PORTAL JB,TEXACO,avenida 38 N°28-77,BIODIESEL EXTRA,8490,1,2018-05-02T00:00:00.000
5,antioquia,5250,EL BAGRE,EDS EL PARIE,TEXACO,CARRERA 49 No. 57A-33,GASOLINA CORRIENTE OXIGENADA,9373,1,2018-05-02T00:00:00.000
5,antioquia,5266,ENVIGADO,ESTACION DE SERVICIO VILLA GRANDE LAS VEGAS,ZEUSS,CARRERA 48 No. 25AA SUR-13,GASOLINA EXTRA OXIGENADA,11620,1,2018-05-02T00:00:00.000
76,valle del cauca,76520,PALMIRA,ESTACION DE SERVICIO LAS PALMERAS PALMIRA,MOBIL,Calle 42 No. 31-93,GASOLINA CORRIENTE OXIGENADA,8727,1,2018-05-02T00:00:00.000
5,antioquia,5440,MARINILLA,ESTACION DE SERVICIO EL FARO DE LA MARINILLA,TERPEL,CALLE 22 No 47 - 46,GASOLINA CORRIENTE OXIGENADA,9080,1,2018-05-02T00:00:00.000
76,valle del cauca,76111,GUADALAJARA DE BUGA,ESTACION DE SERVICIO PRESIDENTE,TERPEL,SD A TULUA KILOMETRO 3 - GUADALAJARA DE BUGA,BIODIESEL EXTRA,8060,1,2018-05-02T00:00:00.000
76,valle del cauca,76001,SANTIAGO DE CALI,ESTACION DE SERVICIO SERCOMAS 11 DE CALI,TEXACO,CARRERA 15 No. 19-01,BIODIESEL EXTRA,8550,1,2018-05-02T00:00:00.000
76,valle del cauca,76130,CANDELARIA,ESTACION DE SERVICIO VILLAGORGONA,TERPEL,CARRERA 1 CALLE 6,BIODIESEL EXTRA,8160,1,2018-05-02T00:00:00.000
5,antioquia,5318,GUARNE,ESTACION DE SERVICIO AUTOMOTRIZ EL RETORNO,TERPEL,KM 29 150 MT AUT MEDELLIN-BOGOTA,BIODIESEL EXTRA,8400,1,2018-05-02T00:00:00.000
76,valle del cauca,76250,EL DOVIO,ESTACION DE SERVICIO COOTRANSDOVIO,TERPEL,CARRERA 9 No. 8-01,BIODIESEL EXTRA,8497,1,2018-05-02T00:00:00.000
5,antioquia,5887,YARUMAL,BOMBA IMPERIO,TERPEL,CARRERA 22 NO 20 80,BIODIESEL EXTRA,8448,1,2018-05-02T00:00:00.000
5,antioquia,5001,MEDELLIN,TERPEL PALENQUE,TERPEL,CALLE 68 No. 86 - 26,GASOLINA CORRIENTE OXIGENADA,8959,1,2018-05-02T00:00:00.000
76,valle del cauca,76001,SANTIAGO DE CALI,SERVICENTRO ESSO PANAMERICANA,MOBIL,Calle 34 No. 3-33,GASOLINA EXTRA OXIGENADA,11460,1,2018-05-02T00:00:00.000
5,antioquia,5001,MEDELLIN,TERPEL PALENQUE,TERPEL,CALLE 68 No. 86 - 26,GASOLINA EXTRA OXIGENADA,11753,1,2018-05-02T00:00:00.000
5,antioquia,5376,LA CEJA,ESTACION DE SERVICIOS LOS CEDROS,TERPEL,Carrera 20 Calle 22-44,BIODIESEL EXTRA,8590,1,2018-05-02T00:00:00.000
76,valle del cauca,76001,SANTIAGO DE CALI,EDS TERPEL MARBELLA,TERPEL,CALLE 13 No. 81-08,GASOLINA EXTRA OXIGENADA,11270,1,2018-05-02T00:00:00.000
5,antioquia,5360,ITAGUI,EDS  TERPEL LA CEIBA,TERPEL,CALLE 31 No. 50A-32,GASOLINA CORRIENTE OXIGENADA,8630,1,2018-05-02T00:00:00.000
5,antioquia,5147,CAREPA,ESTACION DE SERVICIO LA PONDEROSA,PETROMIL,CARRERA 80 82 No. 31-49,GASOLINA EXTRA OXIGENADA,11700,1,2018-05-02T00:00:00.000
76,valle del cauca,76109,BUENAVENTURA,ESTACION DE SERVICIOS EL OASIS II SAS,MOBIL,CALLE 19 No 80 A - 97,BIODIESEL EXTRA,8216,1,2018-05-02T00:00:00.000
5,antioquia,5266,ENVIGADO,ESTACION DE SERVICIO LA 43 - ENVIGADO,BIOMAX,CARRERA 43A No. 46 SUR-20,BIODIESEL EXTRA,8410,1,2018-05-02T00:00:00.000
5,antioquia,5368,JERICO,EDS PUENTE IGLESIAS,TEXACO,VEREDA PUENTE IGLESIAS,GASOLINA EXTRA OXIGENADA,12097,1,2018-05-02T00:00:00.000
5,antioquia,5674,SAN VICENTE,ESTACION DE SERVICIO AFAS,TERPEL,Carrera 34 No 32-13,BIODIESEL EXTRA,8580,1,2018-05-02T00:00:00.000
76,valle del cauca,76001,SANTIAGO DE CALI,ESTACION DE SERVICIO COMBUSCOL LA PRIMERA,TEXACO,CARRERA 1 No. 39-30,GASOLINA CORRIENTE OXIGENADA,9090,1,2018-05-02T00:00:00.000
5,antioquia,5895,ZARAGOZA,ESTACION EL CARMEN ZARAGOZA,TERPEL,Vereda Quebradona,BIODIESEL EXTRA,8280,1,2018-05-02T00:00:00.000
76,valle del cauca,76364,JAMUNDI,ESTACION DE SERVICIO JAMUNDI,TERPEL,Km 15 via panamericana jamundi,BIODIESEL EXTRA,8480,1,2018-05-02T00:00:00.000
76,valle del cauca,76001,SANTIAGO DE CALI,ESTACION DE SERVICIO MOVIL AV SEXTA CALI,MOBIL,AVENIDA 6 NORTE NO. 24 AN-25,BIODIESEL EXTRA,8550,1,2018-05-02T00:00:00.000
5,antioquia,5001,MEDELLIN,ESTACION DE SERVICIO AUTOMOTRIZ TERPEL EL TESORO,TERPEL,Carrera 25 Nro 1 sur 69,GASOLINA CORRIENTE OXIGENADA,9040,1,2018-05-02T00:00:00.000
76,valle del cauca,76001,SANTIAGO DE CALI,EDS TERPEL MARBELLA,TERPEL,CALLE 13 No. 81-08,GASOLINA CORRIENTE OXIGENADA,8630,1,2018-05-02T00:00:00.000
76,valle del cauca,76111,GUADALAJARA DE BUGA,ESTACION DE SERVICIO PALOBLANCO TERPEL,TERPEL,"Carrera 24 No 12 - 25 Guadalajara De Buga, Valle Del Cauca",GASOLINA CORRIENTE OXIGENADA,8730,1,2018-05-02T00:00:00.000
76,valle del cauca,76130,CANDELARIA,ESTACION DE SERVICIO LA COLOMBIANA,BIOMAX,CORREGIMIENTO EL ARENAL,BIODIESEL EXTRA,8375,1,2018-05-02T00:00:00.000
76,valle del cauca,76001,SANTIAGO DE CALI,ESTACION DE SERVICIO SERVITECA LA 44,BIOMAX,CARRERA 44 No. 16-05,BIODIESEL EXTRA,8480,1,2018-05-02T00:00:00.000
5,antioquia,5837,TURBO,SERVICENTRO PROXXON NUEVA COLONIA,PROXXON,AVENIDA PRINCIPAL CORREGIMIENTO NUEVA COLONIA CALLE 25 No. 25-48-50,BIODIESEL EXTRA,8393,1,2018-05-02T00:00:00.000
5,antioquia,5631,SABANETA,ESTACION DE SERVICIO TERPEL SABANETA,TERPEL,CARRERA 43A No. 61 SUR-114,BIODIESEL EXTRA,8390,1,2018-05-02T00:00:00.000
76,valle del cauca,76275,FLORIDA,AUTOSERVICIO LA PORTADA,MOBIL,CALLE 9 No. 30-44,BIODIESEL EXTRA,8283,1,2018-05-02T00:00:00.000
5,antioquia,5001,MEDELLIN,TEXACO PRADO,TEXACO,CALLE 57 No. 51D-36,BIODIESEL EXTRA,8480,1,2018-05-02T00:00:00.000
5,antioquia,5360,ITAGUI,ESTACION DE SERVICIO TEXACO FLA,TEXACO,CARRERA 50C No. 12 SUR - 4,GASOLINA EXTRA OXIGENADA,11460,1,2018-05-02T00:00:00.000
76,valle del cauca,76306,GINEBRA,ESTACION DE SERVICIOS EL LEON,TERPEL,Carrera 4 No. 2-02,GASOLINA EXTRA OXIGENADA,11000,1,2018-05-02T00:00:00.000
5,antioquia,5001,MEDELLIN,ESTACION DE SERVICIO MOBIL LA 70,MOBIL,CARRERA 70 CIRCULAR 1 -40,GASOLINA CORRIENTE OXIGENADA,8880,1,2018-05-02T00:00:00.000
5,antioquia,5628,SABANALARGA,ESTACION DE SERVICIO AURES,TERPEL,CARRERA 20 No. 11A-18,BIODIESEL EXTRA,9122,1,2018-05-02T00:00:00.000
76,valle del cauca,76109,BUENAVENTURA,ESTACION DE SERVICIO DISTRACOM MANGLARES,MOBIL,CALLE 7 No. 56C-39,BIODIESEL EXTRA,8325,1,2018-05-02T00:00:00.000
76,valle del cauca,76001,SANTIAGO DE CALI,LA CORAZA NO1,MOBIL,Carrera 46 No.53-20,GASOLINA CORRIENTE OXIGENADA,8950,1,2018-05-02T00:00:00.000
5,antioquia,5088,BELLO,ESTACION DE SERVICIO EL PUENTE ESTACION DE SERVICIOS,ZEUSS,Calle 63 No 59 - 60,GASOLINA CORRIENTE OXIGENADA,8913,1,2018-05-02T00:00:00.000
76,valle del cauca,76001,SANTIAGO DE CALI,GREEN EDS GRANADA,ESSO,AVENIDA 8 N NO 15 AN - 06,GASOLINA EXTRA OXIGENADA,12410,1,2018-05-02T00:00:00.000
76,valle del cauca,76001,SANTIAGO DE CALI,ESTACION DE SERVICIO TERPEL TERMINAL CALI,TERPEL,CALLE 30 N No. 2 B - 140  160,GASOLINA EXTRA OXIGENADA,11300,1,2018-05-02T00:00:00.000
5,antioquia,5686,SANTA ROSA DE OSOS,ESTACION DE SERVICIO BRISAS DEL NORTE EN SANTA ROSA DE OSOS,TERPEL,KILOMETRO 72 VIA YARUMAL VEREDA LA CIRCASIA,GASOLINA EXTRA OXIGENADA,11630,1,2018-05-02T00:00:00.000
5,antioquia,5400,LA UNION,ESTACION DE SERVICIOS LA UNION,ZEUSS,Calle 9 No.3-41,BIODIESEL EXTRA,8514,1,2018-05-02T00:00:00.000
5,antioquia,5887,YARUMAL,ESTACION DE SERVICIO LOSKANO MEDIAGUAS,ZEUSS,"Variante La Costa La Y de la Estación Yarumal, Antioquia",BIODIESEL EXTRA,8555,1,2018-05-02T00:00:00.000
5,antioquia,5001,MEDELLIN,ESTACION DE SERVICIO RIO CON AUTOPISTA SUR SENTIDO SUR,TEXACO,CARRERA 50 No. 23-233,GASOLINA EXTRA OXIGENADA,11200,1,2018-05-02T00:00:00.000
76,valle del cauca,76001,SANTIAGO DE CALI,SERVICENTRO ESSO SANTA MONICA,MOBIL,AVENIDA 6N No. 22-61,BIODIESEL EXTRA,9199,1,2018-05-02T00:00:00.000
76,valle del cauca,76001,SANTIAGO DE CALI,ESTACION DE SERVICIO MOBIL AMERICAS,MOBIL,Avenida 3 NORTE No 20 N 85,GASOLINA EXTRA OXIGENADA,11440,1,2018-05-02T00:00:00.000
5,antioquia,5001,MEDELLIN,EDS ESSO CASTILLA,MOBIL,TRANSVERSAL 78 No. 65-71,BIODIESEL EXTRA,8790,1,2018-05-02T00:00:00.000
5,antioquia,5361,ITUANGO,BOMBA SANTA RITA,ZEUSS,CORREGIMIENTO SANTA RITA,BIODIESEL EXTRA,9433,1,2018-05-02T00:00:00.000
5,antioquia,5353,HISPANIA,SERVICENTRO EL CAMINO DEL CAFE,TERPEL,Salida Hispania,GASOLINA CORRIENTE OXIGENADA,9550,1,2018-05-02T00:00:00.000
5,antioquia,5001,MEDELLIN,ESTACION DE SERVICIO TEXACO JOSE IGNACIO HOLGUIN,TEXACO,Carrera 64 C No 93 - 60,BIODIESEL EXTRA,8467,1,2018-05-02T00:00:00.000
5,antioquia,5697,SANTUARIO,ESTACION DE SERVICIO AUTOMOTRIZ EL HOSPITAL,TERPEL,CARRERA 42 No. 49-06,GASOLINA CORRIENTE OXIGENADA,9040,1,2018-05-02T00:00:00.000
76,valle del cauca,76109,BUENAVENTURA,ESTACION DE SERVICIO BAHIA LTDA,TEXACO,CALLE 6 NO 5 B  -70,GASOLINA EXTRA,10500,1,2018-05-02T00:00:00.000
76,valle del cauca,76001,SANTIAGO DE CALI,SERVICENTRO ESSO NO 12 LA FLORESTA,MOBIL,CARRERA 15 No. 33H-44,BIODIESEL EXTRA,8410,1,2018-05-02T00:00:00.000
5,antioquia,5856,VALPARAISO,SERVICENTRO VALPARAISO,TERPEL,CALLE 9 AYACUCHO No. 14-17,GASOLINA CORRIENTE OXIGENADA,9600,1,2018-05-02T00:00:00.000
76,valle del cauca,76001,SANTIAGO DE CALI,ESTACION DE SERVICIO AUTOMOTRIZ LA 50,TERPEL,CARRERA 50 No. 14C-102,GASOLINA EXTRA OXIGENADA,11070,1,2018-05-02T00:00:00.000
76,valle del cauca,76248,EL CERRITO,ESTACION DE SERVICIO TERPEL EL PLACER DEL VALLE,TERPEL,KIOMETRO 8 VIA PALMIRA CERRITO,BIODIESEL EXTRA,8310,1,2018-05-02T00:00:00.000
5,antioquia,5120,CACERES,ESTACION DE SERVICIO EL LAGO,TERPEL,JARDIN CACERES,GASOLINA EXTRA OXIGENADA,11430,1,2018-05-02T00:00:00.000
76,valle del cauca,76147,CARTAGO,SERVICENTRO ESSO EL MARISCAL,MOBIL,CALLE 1 No. 1E-175,GASOLINA EXTRA OXIGENADA,11950,1,2018-05-02T00:00:00.000
5,antioquia,5129,CALDAS,ESTACION DE SERVICIO MOCATAN,ZEUSS,KILOMETRO 5 VIA LA PINTADA SECTOR LOS LAGOS,BIODIESEL EXTRA,8350,1,2018-05-02T00:00:00.000
76,valle del cauca,76001,SANTIAGO DE CALI,GREEN EDS BARRANQUILLA,TEXACO,CARRERA 1D No. 61A-35,GASOLINA CORRIENTE OXIGENADA,8860,1,2018-05-02T00:00:00.000
76,valle del cauca,76001,SANTIAGO DE CALI,ESTACION DE SERVICIO TERPEL AMARILLO CREMA,TERPEL,CALLE 70 No. 28D-74,GASOLINA EXTRA OXIGENADA,11170,1,2018-05-02T00:00:00.000
76,valle del cauca,76890,YOTOCO,ESTACION DE SERVICIO SANTA LAURA,TERPEL,Corregimiento de Puente Tierra Lote Centro Poblado,BIODIESEL EXTRA,8018,1,2018-05-02T00:00:00.000
76,valle del cauca,76001,SANTIAGO DE CALI,LORENZA DEL SOCORRO GIRALDO RAMIREZ,TEXACO,Transversal 25 No. 23-16,GASOLINA CORRIENTE OXIGENADA,9060,1,2018-05-02T00:00:00.000
5,antioquia,5036,ANGELOPOLIS,ESTACION DE SERVICIO ANGELOPOLIS,TERPEL,CARRERA 16 VIA SANTA RITA,GASOLINA CORRIENTE OXIGENADA,9330,1,2018-05-02T00:00:00.000
5,antioquia,5591,PUERTO TRIUNFO,ESTACION DORADAL,MOBIL,CALLE 20 No. 17 - 102 CORREGIMIENTO DORADAL,BIODIESEL EXTRA,8510,1,2018-05-02T00:00:00.000
5,antioquia,5628,SABANALARGA,ESTACION DE SERVICIO AURES,TERPEL,CARRERA 20 No. 11A-18,GASOLINA CORRIENTE OXIGENADA,9088,1,2018-05-02T00:00:00.000
5,antioquia,5697,SANTUARIO,ESTACION DE SERVICIO AUTOMOTRIZ EL HOSPITAL,TERPEL,CARRERA 42 No. 49-06,BIODIESEL EXTRA,8370,1,2018-05-02T00:00:00.000
76,valle del cauca,76828,TRUJILLO,ESTACION DE SERVICIO LA 20 EL PLANCHON,TERPEL,Calle 20 No 17 - 69,BIODIESEL EXTRA,8530,1,2018-05-02T00:00:00.000
5,antioquia,5360,ITAGUI,EDS ALPUJARRA 87,BIOMAX,CARRERA 42 No. 24-96 INTERIOR 180,BIODIESEL EXTRA,8984,1,2018-05-02T00:00:00.000
5,antioquia,5001,MEDELLIN,TEXACO PRADO,TEXACO,CALLE 57 No. 51D-36,GASOLINA CORRIENTE OXIGENADA,9040,1,2018-05-02T00:00:00.000
5,antioquia,5282,FREDONIA,ESTACION DE SERVICIO FREDONIA,TERPEL,Carrera 48 No 50-29,GASOLINA CORRIENTE OXIGENADA,9421,1,2018-05-02T00:00:00.000
5,antioquia,5001,MEDELLIN,ESTACION DE SERVICIO TEXACO JOSE IGNACIO HOLGUIN,TEXACO,Carrera 64 C No 93 - 60,GASOLINA CORRIENTE OXIGENADA,8979,1,2018-05-02T00:00:00.000
5,antioquia,5631,SABANETA,ESTACION DE SERVICIO TERPEL ANCON SUR,TERPEL,CALLE 84 SUR No.29-51 VARIANTE DE CALDAS KILOMETRO 1,BIODIESEL EXTRA,8005,1,2018-05-02T00:00:00.000
76,valle del cauca,76122,CAICEDONIA,EL CENTRO,TERPEL,CARRERA 15 No. 6 - 06 y 08,GASOLINA CORRIENTE OXIGENADA,9240,1,2018-05-02T00:00:00.000
5,antioquia,5001,MEDELLIN,ESTRELLA DEL SUR,TEXACO,CALLE 8 B No. 65-301,BIODIESEL EXTRA,8360,1,2018-05-02T00:00:00.000
76,valle del cauca,76318,GUACARI,ESTACION DE SERVICIO EL RIO,TERPEL,Carrera 7 No. 9-13,BIODIESEL EXTRA,8610,1,2018-05-02T00:00:00.000
5,antioquia,5697,SANTUARIO,ESTACION PREMIUM LA MARIA,TEXACO,CALLE 45 CARRERA 51-31,GASOLINA EXTRA OXIGENADA,11500,1,2018-05-02T00:00:00.000
76,valle del cauca,76001,SANTIAGO DE CALI,EDS EL INGENIO,TERPEL,CALLE 25 No. 85C-42,GASOLINA EXTRA OXIGENADA,11270,1,2018-05-02T00:00:00.000
76,valle del cauca,76001,SANTIAGO DE CALI,ESTACION DE SERVICIO AUTOMOTRIZ LA 50,TERPEL,CARRERA 50 No. 14C-102,GASOLINA CORRIENTE OXIGENADA,8630,1,2018-05-02T00:00:00.000
5,antioquia,5607,EL RETIRO,ESTACION TEXACO CALIFORNIA,TEXACO,KILOMETRO 0 MAS 40 DON DIEGO,GASOLINA EXTRA OXIGENADA,11990,1,2018-05-02T00:00:00.000
76,valle del cauca,76130,CANDELARIA,ESTACION DE SERVICIO CAVASA,MOBIL,Kilometro 12 vía a Candelaria,GASOLINA EXTRA OXIGENADA,11800,1,2018-05-02T00:00:00.000
5,antioquia,5101,CIUDAD BOLIVAR,ESTACION DE SERVICIO TERPEL LA PLAYA,TERPEL,Calle 49  44-126,GASOLINA CORRIENTE OXIGENADA,9470,1,2018-05-02T00:00:00.000
76,valle del cauca,76497,OBANDO,ESTACION DE SERVICIO OBANDO,TERPEL,Carrera 5 No. 1-82,BIODIESEL EXTRA,8207,1,2018-05-02T00:00:00.000
5,antioquia,5001,MEDELLIN,ESTACION DE SERVICIO TERPEL MAYORAL,TERPEL,CARRERA 81 No. 30 A 37,GASOLINA CORRIENTE OXIGENADA,8830,1,2018-05-02T00:00:00.000
76,valle del cauca,76147,CARTAGO,ESTACION DE SERVICIO POPULAR SA,MOBIL,Carrera 9 No. 9-23,GASOLINA CORRIENTE OXIGENADA,8578,1,2018-05-02T00:00:00.000
5,antioquia,5001,MEDELLIN,EDS ESSO CASTILLA,MOBIL,TRANSVERSAL 78 No. 65-71,GASOLINA CORRIENTE OXIGENADA,8370,1,2018-05-02T00:00:00.000
5,antioquia,5148,EL CARMEN DE VIBORAL,ESTACION DE SERVICIO ÉXITO EL CARMEN,ESSO,VIA LA CEJA RIONEGRO KILOMETRO 7 MAS 100 VEREDA AGUAS CLARAS,GASOLINA EXTRA OXIGENADA,11540,1,2018-05-02T00:00:00.000
76,valle del cauca,76233,DAGUA,ESTACION DE SERVICIO SAN RAFAEL DAGUA SAS,PETROMIL,Carrera 20 No 6-24,BIODIESEL EXTRA,8879,1,2018-05-02T00:00:00.000
5,antioquia,5001,MEDELLIN,ESTACION DE SERVICIO UNIVERSIDAD S.A,TEXACO,Carrera 52 No 67 A - 91,GASOLINA CORRIENTE OXIGENADA,9070,1,2018-05-02T00:00:00.000
5,antioquia,5001,MEDELLIN,ESTACION DE SERVICIO ESSO LOS ALAMOS NO 9,MOBIL,Carrera 52 No. 65 - 07,GASOLINA CORRIENTE OXIGENADA,9100,1,2018-05-02T00:00:00.000
76,valle del cauca,76001,SANTIAGO DE CALI,TRANSPORTES ESPECIALES BRASILIA,BIOMAX,CALLE 70 No. 5-42,BIODIESEL EXTRA,8100,1,2018-05-02T00:00:00.000
76,valle del cauca,76130,CANDELARIA,ZUNIGA MARTINEZ SAS,MOBIL,KILOMETRO 1.5 VIA CAVASA DE CANDELARIA,BIODIESEL EXTRA,8055,1,2018-05-02T00:00:00.000
76,valle del cauca,76036,ANDALUCIA,ESTACION LOS ALPES SA,MOBIL,CARRETERA CENTRAL VIA TULUA - ANDALUCIA KILOMETRO 4,GASOLINA CORRIENTE OXIGENADA,8840,1,2018-05-02T00:00:00.000
76,valle del cauca,76036,ANDALUCIA,ESTACION LOS ALPES SA,MOBIL,CARRETERA CENTRAL VIA TULUA - ANDALUCIA KILOMETRO 4,GASOLINA EXTRA OXIGENADA,11650,1,2018-05-02T00:00:00.000
76,valle del cauca,76892,YUMBO,ESTACION DE SERVICIO COMBUSCOL AUTOPISTA CALI - YUMBO,TEXACO,Calle 15 No.37-39,GASOLINA EXTRA OXIGENADA,11920,1,2018-05-02T00:00:00.000
5,antioquia,5615,CANON DE RIO CLARO,ESTACION DE SERVICIO JOSE MARIA CORDOVA,TERPEL,GLORIETA JMC 0.2 KIM VIA GUARNE,GASOLINA CORRIENTE OXIGENADA,8940,1,2018-05-02T00:00:00.000
76,valle del cauca,76318,GUACARI,ESTACION DE SERVICIO EL FARO GUACARI LTDA,PETROMIL,CARRETERA PANAMERICANA GUACARI A B 0-8 LA VARIANTE,BIODIESEL EXTRA,8235,1,2018-05-02T00:00:00.000
76,valle del cauca,76001,SANTIAGO DE CALI,ESTACION DE SERVICIO GREEN EDS LA 70,MOBIL,CALLE 70 No. 5-20,BIODIESEL EXTRA,7170,1,2018-05-02T00:00:00.000
5,antioquia,5129,CALDAS,ESTACION DE SERVICIOS LA MIEL,MOBIL,Carrera 45 No 125 sur - 201,BIODIESEL EXTRA,8199,1,2018-05-02T00:00:00.000
5,antioquia,5036,ANGELOPOLIS,ESTACION DE SERVICIO ANGELOPOLIS,TERPEL,CARRERA 16 VIA SANTA RITA,BIODIESEL EXTRA,8830,1,2018-05-02T00:00:00.000
76,valle del cauca,76892,YUMBO,ESICAR -  MOBIL YUMBO,MOBIL,CALLE 16  No 4-15,GASOLINA CORRIENTE OXIGENADA,8749,1,2018-05-02T00:00:00.000
5,antioquia,5147,CAREPA,ESTACION DE SERVICIO SERVICENTRO LA PLAZA,PETROMIL,CALLE 72 No. 78 -93 BARRIO PUEBLO NUEVO,GASOLINA CORRIENTE OXIGENADA,9090,1,2018-05-02T00:00:00.000
5,antioquia,5250,EL BAGRE,LA ESTACION DE SERVICIO AUTOMOTRIZ GASOLINERA LA ESPERANZA,TERPEL,BARRIO PLAYA RICA CALLE 58 No. 49-01,GASOLINA CORRIENTE OXIGENADA,9541,1,2018-05-02T00:00:00.000
5,antioquia,5001,MEDELLIN,EDS AUTOMOTRIZ INVERSIONES ACEVEDO Y CIA,MOBIL,Calle 39D No 73-26,BIODIESEL EXTRA,8640,1,2018-05-02T00:00:00.000
76,valle del cauca,76563,PRADERA,ESTACION DE SERVICIO SERVICENTRO YIRETH,TERPEL,KILOMETRO 1 VIA PRADERA - PALMIRA,GASOLINA CORRIENTE OXIGENADA,8980,1,2018-05-02T00:00:00.000
5,antioquia,5001,MEDELLIN,ESTACION DE SERVICIO LOS MANGOS,MOBIL,CARRERA 64C No. 72-107,GASOLINA CORRIENTE OXIGENADA,9140,1,2018-05-02T00:00:00.000
76,valle del cauca,76834,TULUA,EDS ENTRE RIOS,TERPEL,CARRERA 30 No. 16-03,GASOLINA EXTRA OXIGENADA,11780,1,2018-05-02T00:00:00.000
76,valle del cauca,76147,CARTAGO,ESTACION DE SERVICIO EL CARMEN,MOBIL,CARRERA 4 No. 15-140,BIODIESEL EXTRA,9160,1,2018-05-02T00:00:00.000
5,antioquia,5001,MEDELLIN,ZEUSS EL CAMPESTRE,ZEUSS,Carrera 43 A No.18 Sur 80,GASOLINA EXTRA OXIGENADA,11990,1,2018-05-02T00:00:00.000
5,antioquia,5604,REMEDIOS,ESTACION DE SERVICIO CAÑAVERAL,ZEUSS,Vereda Cañaveral,GASOLINA CORRIENTE OXIGENADA,9607,1,2018-05-02T00:00:00.000
5,antioquia,5887,YARUMAL,BOMBA LA ESTACION,TERPEL,TRONCAL NORTE VIA A AL COSTA SECTOR LA ESTACION,GASOLINA EXTRA OXIGENADA,11400,1,2018-05-02T00:00:00.000
76,valle del cauca,76001,SANTIAGO DE CALI,GREEN EDS GRANADA,ESSO,AVENIDA 8 N NO 15 AN - 06,GASOLINA CORRIENTE OXIGENADA,8640,1,2018-05-02T00:00:00.000
5,antioquia,5306,GIRALDO,ESTACION DE SERVICIOS MANGLAR,ZEUSS,CARRETERA AL MAR CORREGIMIENTO MANGLAR,BIODIESEL EXTRA,9067,1,2018-05-02T00:00:00.000
5,antioquia,5101,CIUDAD BOLIVAR,ESTACION DE SERVICIO TERPEL LA PLAYA,TERPEL,Calle 49  44-126,GASOLINA EXTRA OXIGENADA,11700,1,2018-05-02T00:00:00.000
5,antioquia,5282,FREDONIA,ESTACION DE SERVICIO FREDONIA,TERPEL,Carrera 48 No 50-29,BIODIESEL EXTRA,8732,1,2018-05-02T00:00:00.000
5,antioquia,5649,SAN CARLOS,ESTACION DE SERVICIO DISTRIBUCIONES ZEUSS,ZAPATA Y VELASQUEZ,Calle 19 No. 17- 87,GASOLINA CORRIENTE OXIGENADA,9460,1,2018-05-02T00:00:00.000
5,antioquia,5234,DABEIBA,ESTACION DE SERVICIO LAS GUADUAS,TERPEL,Carrera 10 No. 13-526,GASOLINA CORRIENTE OXIGENADA,9210,1,2018-05-02T00:00:00.000
76,valle del cauca,76109,BUENAVENTURA,ESTACION DE SERVICIO BAHIA LTDA,TEXACO,CALLE 6 NO 5 B  -70,GASOLINA CORRIENTE OXIGENADA,10100,1,2018-05-02T00:00:00.000
76,valle del cauca,76109,BUENAVENTURA,COMBUSTIBLES BUENAVENTURA,TEXACO,Calle 2A sur 7a-14,GASOLINA CORRIENTE OXIGENADA,8950,1,2018-05-02T00:00:00.000
5,antioquia,5045,APARTADO,ESTACION DE SERVICIO RIO GRANDE,TERPEL,KILOMETRO 7 VIA TURBO VEREDA EL OSITO,BIODIESEL EXTRA,8400,1,2018-05-02T00:00:00.000
76,valle del cauca,76109,BUENAVENTURA,ESTACION DE SERVICIO COMBUSTIBLES LOS PRIMOS,BIOMAX,CLL 4 SUR No 17F-52 CLL LA GUARAPENA BR LLERAS DE BUENAVENTURA,BIODIESEL EXTRA,8270,1,2018-05-02T00:00:00.000
5,antioquia,5697,SANTUARIO,ESTACION DE SERVICIO EL SANTUARIO,ZEUSS,Vereda La Floresta Km 1 más 800 Autopista Medellín - Bogotá,GASOLINA EXTRA OXIGENADA,11830,1,2018-05-02T00:00:00.000
5,antioquia,5495,NECHI,ESTACION DE SERVICIO NECHI,TERPEL,Barrio El Porvenir,GASOLINA CORRIENTE OXIGENADA,8380,1,2018-05-02T00:00:00.000
76,valle del cauca,76130,CANDELARIA,ZUNIGA MARTINEZ SAS,MOBIL,KILOMETRO 1.5 VIA CAVASA DE CANDELARIA,GASOLINA EXTRA OXIGENADA,11110,1,2018-05-02T00:00:00.000
5,antioquia,5212,COPACABANA,ESTACION DE SERVICIO PARK NORTE,ZEUSS,CALLE 56 No. 42-201,BIODIESEL EXTRA,8147,1,2018-05-02T00:00:00.000
76,valle del cauca,76318,GUACARI,ESTACION DE SERVICIO MOBIL VILLA DIANA Y MOTEL DIANA,MOBIL,VARIANTE GUACARI VIA PANAMERICANA,GASOLINA EXTRA OXIGENADA,9900,1,2018-05-02T00:00:00.000
76,valle del cauca,76001,SANTIAGO DE CALI,EDS EL CANEY SAS,TERPEL,CARRERA 83C No. 25-15,GASOLINA EXTRA OXIGENADA,11600,1,2018-05-02T00:00:00.000
5,antioquia,5001,MEDELLIN,AMH SERVICIOS,TEXACO,CALLE 48 No. 79-46,BIODIESEL EXTRA,9170,1,2018-05-02T00:00:00.000
76,valle del cauca,76892,YUMBO,GOMEZ Y CIA INVERSIONES EDS LAS AMERICAS,PETROBRAS,CALLE 10 No. 19-72,BIODIESEL EXTRA,8019,1,2018-05-02T00:00:00.000
76,valle del cauca,76041,ANSERMANUEVO,ESTACION DE SERVICIO EL BORDADO SA,BIOMAX,Verada Gramalote,BIODIESEL EXTRA,8285,1,2018-05-02T00:00:00.000
76,valle del cauca,76828,TRUJILLO,ESTACION DE SERVICIO LA 20 EL PLANCHON,TERPEL,Calle 20 No 17 - 69,GASOLINA CORRIENTE OXIGENADA,9190,1,2018-05-02T00:00:00.000
5,antioquia,5045,APARTADO,ESTACION DE SERVICIO SOLMARAL,TERPEL,CARRERA 100 No. 104 C - 62   66,GASOLINA CORRIENTE OXIGENADA,9125,1,2018-05-02T00:00:00.000
76,valle del cauca,76248,EL CERRITO,EDS LOS TOBOGANES,PETROBRAS,CARRERA 11 No. 10-92 CABAL MOLINA,BIODIESEL EXTRA,8402,1,2018-05-02T00:00:00.000
5,antioquia,5318,GUARNE,ESTACION DE SERVICIOS SANTA LUCIA,TERPEL,Carrera 53 No. 38-484,GASOLINA CORRIENTE OXIGENADA,8830,1,2018-05-02T00:00:00.000
76,valle del cauca,76001,SANTIAGO DE CALI,ESTACION DE SERVICIO VITELLO,MOBIL,Carrera 48 A No.26-49,BIODIESEL EXTRA,8514,1,2018-05-02T00:00:00.000
5,antioquia,5604,REMEDIOS,ESTACION DE SERVICIO REMEDIOS,TERPEL,SECTOR PARAJE EL PORVENIR BARRIO LLANO DE CORDOBA,GASOLINA CORRIENTE OXIGENADA,9100,1,2018-05-02T00:00:00.000
5,antioquia,5887,YARUMAL,ESTACION DE SERVICIO LOSKANO MEDIAGUAS,ZEUSS,"Variante La Costa La Y de la Estación Yarumal, Antioquia",GASOLINA CORRIENTE OXIGENADA,9150,1,2018-05-02T00:00:00.000
76,valle del cauca,76001,SANTIAGO DE CALI,ESTACION DE SERVICIO TERPEL CAÑAVERALEJO,TERPEL,CALLE 5 No. 53A-75,GASOLINA EXTRA OXIGENADA,11300,1,2018-05-02T00:00:00.000
5,antioquia,5790,TARAZA,ESTACION DE SERVICIO AC TARAZA,ZEUSS,KILOMETRO 4 VIA MEDELLIN PREDIO LA CHIMBITA,BIODIESEL EXTRA,8412,1,2018-05-02T00:00:00.000
5,antioquia,5266,ENVIGADO,ESSO ENVIGADO,MOBIL,Carrera 43 A No 30 Sur - 9,GASOLINA EXTRA OXIGENADA,11550,1,2018-05-02T00:00:00.000
5,antioquia,5495,NECHI,EDS FLUVIAL T Y T,TERPEL,BARRIO SAN NICOLAS,GASOLINA CORRIENTE OXIGENADA,8380,1,2018-05-02T00:00:00.000
5,antioquia,5001,MEDELLIN,AMH SERVICIOS,TEXACO,CALLE 48 No. 79-46,GASOLINA CORRIENTE OXIGENADA,9290,1,2018-05-02T00:00:00.000
76,valle del cauca,76001,SANTIAGO DE CALI,ESTACION DE SERVICIO SERVIEXPRESS,BIOMAX,CARRERA 5 60 235,GASOLINA CORRIENTE OXIGENADA,8610,1,2018-05-02T00:00:00.000
76,valle del cauca,76001,SANTIAGO DE CALI,ESTACION DE SERVICIO COMBUSCOL SAN FRANCISCO,MOBIL,CARRERA 8 No. 44B-106,GASOLINA CORRIENTE OXIGENADA,9009,1,2018-05-02T00:00:00.000
76,valle del cauca,76147,CARTAGO,ESTACION DE SERVICIO LA SUPER 13,MOBIL,CARRERA 2 No. 33-23,BIODIESEL EXTRA,8380,1,2018-05-02T00:00:00.000
5,antioquia,5318,GUARNE,ESTACION DE SERVICIO AUTOMOTRIZ EL RETORNO,TERPEL,KM 29 150 MT AUT MEDELLIN-BOGOTA,GASOLINA CORRIENTE OXIGENADA,8950,1,2018-05-02T00:00:00.000
76,valle del cauca,76054,ARGELIA,ESTACION DE SERVICIO ARGELIA PRADO,BIOMAX,CALLE 4 No. 1-42,BIODIESEL EXTRA,8550,1,2018-05-02T00:00:00.000
5,antioquia,5400,LA UNION,ESTACION DE SERVICIOS LA UNION,ZEUSS,Calle 9 No.3-41,GASOLINA EXTRA OXIGENADA,11184,1,2018-05-02T00:00:00.000
5,antioquia,5495,NECHI,EDS FLUVIAL T Y T,TERPEL,BARRIO SAN NICOLAS,BIODIESEL EXTRA,8081,1,2018-05-02T00:00:00.000
76,valle del cauca,76147,CARTAGO,ESTACION DE SERVICIO LA GUACA MARISCAL,PETROMIL,Calle 16 C Carrera 9 Esquina,BIODIESEL EXTRA,8570,1,2018-05-02T00:00:00.000
76,valle del cauca,76001,SANTIAGO DE CALI,ESTACION DE SERVICIO PANAMERICANA,TERPEL,CALLE 10 NO. 43-11,GASOLINA EXTRA OXIGENADA,11220,1,2018-05-02T00:00:00.000
5,antioquia,5212,COPACABANA,ESTACION DE SERVICIO COPACABANA,ZEUSS,Calle 50 No 59 - 02,GASOLINA CORRIENTE OXIGENADA,8899,1,2018-05-02T00:00:00.000
5,antioquia,5088,BELLO,EDINSA MEDELLIN,MOBIL,calle 40 N° 50-212,BIODIESEL EXTRA,6303,1,2018-05-02T00:00:00.000
76,valle del cauca,76892,YUMBO,ESICAR -  MOBIL YUMBO,MOBIL,CALLE 16  No 4-15,GASOLINA EXTRA,9999,1,2018-05-02T00:00:00.000
76,valle del cauca,76001,SANTIAGO DE CALI,ESTACION DE SERVICIO TERPEL GRANADA,TERPEL,AVENIDA 8 NORTE No. 14N-36,GASOLINA EXTRA OXIGENADA,11300,1,2018-05-02T00:00:00.000
5,antioquia,5042,SANTA FE DE ANTIOQUIA,ESTACION DE SERVICIO TERPEL SANTA FE DE ANTIOQUIA,TERPEL,PARAJE EL PASO REAL SANTAFE DE ANTIOQUIA,GASOLINA CORRIENTE OXIGENADA,9170,1,2018-05-02T00:00:00.000
5,antioquia,5440,MARINILLA,ESTACION DE SERVICIO EL FARO DE LA MARINILLA,TERPEL,CALLE 22 No 47 - 46,BIODIESEL EXTRA,8455,1,2018-05-02T00:00:00.000
5,antioquia,5001,MEDELLIN,CONDOR DE COLOMBIA SAS,TERPEL,CARRERA 68 No. 43-15,GASOLINA EXTRA OXIGENADA,11300,1,2018-05-02T00:00:00.000
76,valle del cauca,76670,SAN PEDRO,ESTACION DE SERVICIO TERPEL EL RECREO,TERPEL,SECTOR EL RECREO LOTE A CRR DE GUAYABAL JURISDICCION DE SAN PEDRO,GASOLINA EXTRA OXIGENADA,11060,1,2018-05-02T00:00:00.000
76,valle del cauca,76001,SANTIAGO DE CALI,EDS EL INGENIO,TERPEL,CALLE 25 No. 85C-42,BIODIESEL EXTRA,8480,1,2018-05-02T00:00:00.000
5,antioquia,5212,COPACABANA,ESTACION DE SERVICIO AUTOMOTRIZ SERVICENTRO LA MILAGROSA COPACABANA,MOBIL,Carrera 48 No.52-09,GASOLINA CORRIENTE OXIGENADA,8859,1,2018-05-02T00:00:00.000
76,valle del cauca,76122,CAICEDONIA,ESTACION DE SERVICIO BUENAVISTA,TERPEL,Carrera 11 No 5 ? 65,GASOLINA CORRIENTE OXIGENADA,9240,1,2018-05-02T00:00:00.000
76,valle del cauca,76520,PALMIRA,ESTACION DE SERVICIO Y SERVITECA LA PRIMERA,TERPEL,Carrera 1E No. 33D-18,BIODIESEL EXTRA,8450,1,2018-05-02T00:00:00.000
76,valle del cauca,76111,GUADALAJARA DE BUGA,EDS GUADALAJARA,TERPEL,CARRERA 12 No. 3 SUR-61,BIODIESEL EXTRA,8560,1,2018-05-02T00:00:00.000
5,antioquia,5001,MEDELLIN,SERVICENTRO LAS BRISAS,TERPEL,CARRERA 65 No. 101 - 67,GASOLINA EXTRA OXIGENADA,11630,1,2018-05-02T00:00:00.000
5,antioquia,5001,MEDELLIN,ESTACION DE SERVICIO TERPEL NORTE,TERPEL,CARRERA 64C No. 103 GG- 75,BIODIESEL EXTRA,8390,1,2018-05-02T00:00:00.000
76,valle del cauca,76001,SANTIAGO DE CALI,GREEN EDS PORTAL DEL SUR,MOBIL,CALLE 25 No. 93-75,GASOLINA CORRIENTE OXIGENADA,9070,1,2018-05-02T00:00:00.000
76,valle del cauca,76001,SANTIAGO DE CALI,ESTACION DE SERVICIOS LAS CEIBAS CALI SAS,PETROMIL,Calle 70 No. 11-124,GASOLINA CORRIENTE OXIGENADA,8790,1,2018-05-02T00:00:00.000
76,valle del cauca,76130,CANDELARIA,ESTACION DE SERVICIO LA COLOMBIANA,BIOMAX,CORREGIMIENTO EL ARENAL,GASOLINA CORRIENTE OXIGENADA,8996,1,2018-05-02T00:00:00.000
5,antioquia,5001,MEDELLIN,SERVICENTRO ESSO SERGIO RAMIREZ,MOBIL,Calle 49 No 28 - 25,BIODIESEL EXTRA,8389,1,2018-05-02T00:00:00.000
76,valle del cauca,76001,SANTIAGO DE CALI,SERVICENTRO RIO PANCE SAS,MOBIL,CALLE 25 No. 127-100,GASOLINA CORRIENTE OXIGENADA,9150,1,2018-05-02T00:00:00.000
5,antioquia,5148,EL CARMEN DE VIBORAL,ESTACION DE SERVICIOS TERPEL EL CARMEN,TERPEL,CARRERA 31 CL 41-25,GASOLINA EXTRA OXIGENADA,11760,1,2018-05-02T00:00:00.000
76,valle del cauca,76233,DAGUA,ESTACION DE SERVICIO SAN RAFAEL DAGUA SAS,PETROMIL,Carrera 20 No 6-24,GASOLINA CORRIENTE OXIGENADA,9196,1,2018-05-02T00:00:00.000
5,antioquia,5266,ENVIGADO,ESTACION DE SERVICIO LA 43 - ENVIGADO,BIOMAX,CARRERA 43A No. 46 SUR-20,GASOLINA CORRIENTE OXIGENADA,8770,1,2018-05-02T00:00:00.000
5,antioquia,5172,CHIGORODO,ESTACION LA EUGENIA,TERPEL,CARRERA 100 No. 96-09,GASOLINA CORRIENTE OXIGENADA,9270,1,2018-05-02T00:00:00.000
5,antioquia,5001,MEDELLIN,ESTACION DE SERVICIO CARIBE MEDELLIN,MOBIL,CARRERA 64 C NO 72 226,GASOLINA CORRIENTE OXIGENADA,9050,1,2018-05-02T00:00:00.000
5,antioquia,5364,JARDIN,COOPERATIVA INTEGRAL DE JARDIN LTDA,TERPEL,CARRERA 7 NO. 9 - 37,BIODIESEL EXTRA,8770,1,2018-05-02T00:00:00.000
76,valle del cauca,76001,SANTIAGO DE CALI,EDS EL CANEY SAS,TERPEL,CARRERA 83C No. 25-15,GASOLINA CORRIENTE OXIGENADA,8990,1,2018-05-02T00:00:00.000
76,valle del cauca,76109,BUENAVENTURA,ESTACION DE SERVICIO COMBUSTIBLES LOS PRIMOS,BIOMAX,CLL 4 SUR No 17F-52 CLL LA GUARAPENA BR LLERAS DE BUENAVENTURA,GASOLINA CORRIENTE OXIGENADA,8650,1,2018-05-02T00:00:00.000
5,antioquia,5088,BELLO,ESTACION DE SERVICIO EL PUENTE ESTACION DE SERVICIOS,ZEUSS,Calle 63 No 59 - 60,GASOLINA EXTRA OXIGENADA,11835,1,2018-05-02T00:00:00.000
5,antioquia,5674,SAN VICENTE,ESTACION DE SERVICIO AFAS,TERPEL,Carrera 34 No 32-13,GASOLINA CORRIENTE OXIGENADA,9167,1,2018-05-02T00:00:00.000
76,valle del cauca,76001,SANTIAGO DE CALI,ESTACION DE SERVICIO AUTOMOTRIZ MOBIL LAS PALMAS,MOBIL,Calle 25 No.10-16,GASOLINA CORRIENTE OXIGENADA,8869,1,2018-05-02T00:00:00.000
5,antioquia,5615,CANON DE RIO CLARO,ESTACION DE SERVICIO SAN ANTONIO,TERPEL,CALLE 38 No. 62A-31,BIODIESEL EXTRA,8500,1,2018-05-02T00:00:00.000
76,valle del cauca,76364,JAMUNDI,ESTACION DE SERVICIO CENTRO DE SERVICIOS LAS MERCEDES SAS,PETROMIL,Lote de terreno 1A supermanzana 1 sector 3 Alfaguara,GASOLINA CORRIENTE OXIGENADA,8990,1,2018-05-02T00:00:00.000
76,valle del cauca,76001,SANTIAGO DE CALI,ESTACION DE SERVICIO AUTOMOTRIZ COMBUSCOL SAN FERNANDO,TEXACO,Calle 5 Nro. 25 - 20,GASOLINA EXTRA OXIGENADA,11990,1,2018-05-02T00:00:00.000
5,antioquia,5154,CAUCASIA,ESTACION FLUVIAL EL PARAISO,TERPEL,CARRERA 1 CALLE 22 Y 23 No. 22-28,GASOLINA CORRIENTE OXIGENADA,9130,1,2018-05-02T00:00:00.000
76,valle del cauca,76126,CALIMA (DARIEN),ESTACION DE SERVICIO CENTRO DE SERVICIOS LA FONTANA SAS,PETROMIL,CARRERA 7 CALLE 17 ESQUINA,GASOLINA EXTRA OXIGENADA,11520,1,2018-05-02T00:00:00.000
5,antioquia,5001,MEDELLIN,ESTACION DE SERVICIO COLIBRI SAS,MOBIL,CALLE 36 No. 53-67,BIODIESEL EXTRA,8570,1,2018-05-02T00:00:00.000
76,valle del cauca,76001,SANTIAGO DE CALI,EDS TERPEL MARBELLA,TERPEL,CALLE 13 No. 81-08,BIODIESEL EXTRA,8410,1,2018-05-02T00:00:00.000
5,antioquia,5001,MEDELLIN,ESTACION DE SERVICIO AUTOMOTRIZ LA MILAGROSA,TEXACO,CARRERA 30 No. 40A-84,GASOLINA CORRIENTE OXIGENADA,9071,1,2018-05-02T00:00:00.000
76,valle del cauca,76001,SANTIAGO DE CALI,EDS EL SAMAN,MOBIL,TRANSVERSAL 25 No. 25-10,BIODIESEL EXTRA,8343,1,2018-05-02T00:00:00.000
76,valle del cauca,76001,SANTIAGO DE CALI,ESTACION DE SERVICIO TERPEL LA CASONA,TERPEL,CARRERA 27 No. T 103-38,BIODIESEL EXTRA,8550,1,2018-05-02T00:00:00.000
76,valle del cauca,76147,CARTAGO,ESTACION DE SERVICIO LA SUPER 13,MOBIL,CARRERA 2 No. 33-23,GASOLINA EXTRA OXIGENADA,11550,1,2018-05-02T00:00:00.000
76,valle del cauca,76001,SANTIAGO DE CALI,ESTACION DE SERVICIO BUENO MADRID,TERPEL,CALLE 34 No. 3N-158,GASOLINA CORRIENTE OXIGENADA,8890,1,2018-05-02T00:00:00.000
5,antioquia,5360,ITAGUI,ESTACION DE SERVICIO AUTOMOTRIZ COMBUSCOL ITAGUI,TEXACO,CARRERA 52D No. 74-79,GASOLINA EXTRA OXIGENADA,11920,1,2018-05-02T00:00:00.000
5,antioquia,5380,LA ESTRELLA,ESTACION DE SERVICIO TERPEL LA ISLA,TERPEL,CARRERA 50 No. 96 SUR - 48,BIODIESEL EXTRA,8150,1,2018-05-02T00:00:00.000
76,valle del cauca,76147,CARTAGO,SERVICENTRO ESSO EL MARISCAL,MOBIL,CALLE 1 No. 1E-175,GASOLINA CORRIENTE OXIGENADA,8195,1,2018-05-02T00:00:00.000
5,antioquia,5313,GRANADA,ESTACION DE SERVICIOS ZEUSS GRANADA,ZEUSS,CALLE 16 No. 24-44,BIODIESEL EXTRA,8740,1,2018-05-02T00:00:00.000
76,valle del cauca,76020,ALCALA,ESTACION DE SERVICIO EL SAMAN DE ALCALA,BIOMAX,CALLE 5 CARRERA 15 ESQUINA,GASOLINA CORRIENTE OXIGENADA,9169,1,2018-05-02T00:00:00.000
5,antioquia,5591,PUERTO TRIUNFO,ESTACION DE SERVICIO PUERTO TRIUNFO,TERPEL,VEREDA SANTIAGO BERRIO,GASOLINA EXTRA OXIGENADA,12049,1,2018-05-02T00:00:00.000
5,antioquia,5001,MEDELLIN,ESTACION DE SERVICIO RIO CON AUTOPISTA SUR SENTIDO SUR,TEXACO,CARRERA 50 No. 23-233,GASOLINA CORRIENTE OXIGENADA,8600,1,2018-05-02T00:00:00.000
76,valle del cauca,76001,SANTIAGO DE CALI,ESSO EL TRIANGULO,MOBIL,CALLE 9 No. 17-65,GASOLINA EXTRA OXIGENADA,11500,1,2018-05-02T00:00:00.000
76,valle del cauca,76248,EL CERRITO,ESTACION DE SERVICIOS CODI MOBIL LA VINA,MOBIL,"Carrera 14 Carretera Panamericana de el Cerrito, Valle del Cauca",GASOLINA CORRIENTE OXIGENADA,9070,1,2018-05-02T00:00:00.000
76,valle del cauca,76497,OBANDO,ESTACION DE SERVICIO OBANDO,TERPEL,Carrera 5 No. 1-82,GASOLINA EXTRA OXIGENADA,11820,1,2018-05-02T00:00:00.000
5,antioquia,5148,EL CARMEN DE VIBORAL,ESTACION DE SERVICIOS QUIRAMA,TERPEL,VIA LA CEJA - RIONEGRO KILOMETRO 11,BIODIESEL EXTRA,8600,1,2018-05-02T00:00:00.000
5,antioquia,5001,MEDELLIN,EDS EL VOLADOR,TERPEL,CALLE 71 No. 66-82,BIODIESEL EXTRA,8450,1,2018-05-02T00:00:00.000
5,antioquia,5615,CANON DE RIO CLARO,ESTACION DE SERVICIO COMBUSTIBLES GALAXIA,MOBIL,Carrera 48 No.52-02,BIODIESEL EXTRA,8540,1,2018-05-02T00:00:00.000
5,antioquia,5045,APARTADO,ESTACION DE SERVICIO AUTOMOTRIZ LAS CHINITAS,TERPEL,CARRERA 100 KILOMETRO 1 SALIDA A TURBO,GASOLINA EXTRA OXIGENADA,11950,1,2018-05-02T00:00:00.000
5,antioquia,5837,TURBO,ESTACION DE SERVICIO AUTOMOTRIZ PALMA DE MAYORCA,PETROMIL,KILOMETRO 2 VIA TURBO - NECOCLI,GASOLINA EXTRA OXIGENADA,11500,1,2018-05-02T00:00:00.000
76,valle del cauca,76001,SANTIAGO DE CALI,ESTESTACION DE SERVICIO AUTOMOTRIZ COMBUSCOL PLAZA DE TOROS,TEXACO,cll 5 n° 55-00,GASOLINA EXTRA OXIGENADA,11990,1,2018-05-02T00:00:00.000
76,valle del cauca,76520,PALMIRA,EDS BARRIO NUEVO,TERPEL,CARRERA 32 No. 23-05,BIODIESEL EXTRA,8456,1,2018-05-02T00:00:00.000
5,antioquia,5697,SANTUARIO,ESTACION DE SERVICIO EL SANTUARIO,ZEUSS,Vereda La Floresta Km 1 más 800 Autopista Medellín - Bogotá,BIODIESEL EXTRA,8330,1,2018-05-02T00:00:00.000
5,antioquia,5190,CISNEROS,BOMBA DE GASOLINA LA YE,TERPEL,CALLE 18 No.. 15-05 Y CARRERA 14A No. 17-25 BARRIO LA YE,BIODIESEL EXTRA,8600,1,2018-05-02T00:00:00.000
5,antioquia,5001,MEDELLIN,ESTACION DE SERVICIO TERPEL VILLANUEVA,TERPEL,CARRERA 56 No. 55-29,BIODIESEL EXTRA,8290,1,2018-05-02T00:00:00.000
5,antioquia,5615,CANON DE RIO CLARO,ESTACION DE SERVICIO TERPEL TRANVIA,TERPEL,CARRERA 39A No. 62-30,GASOLINA EXTRA OXIGENADA,11070,1,2018-05-02T00:00:00.000
5,antioquia,5001,MEDELLIN,SERVICENTRO LAS BRISAS,TERPEL,CARRERA 65 No. 101 - 67,BIODIESEL EXTRA,8450,1,2018-05-02T00:00:00.000
76,valle del cauca,76122,CAICEDONIA,LAS AMERICAS,TERPEL,CARRERA 14 No. 18-12,GASOLINA CORRIENTE OXIGENADA,9240,1,2018-05-02T00:00:00.000
76,valle del cauca,76109,BUENAVENTURA,ESTACION DE SERVICIO DISTRACOM MANGLARES,MOBIL,CALLE 7 No. 56C-39,GASOLINA CORRIENTE OXIGENADA,8960,1,2018-05-02T00:00:00.000
5,antioquia,5400,LA UNION,ESTACION DE SERVICIO LOS GERANIOS,TERPEL,Carrera 11A Numero 15-35,GASOLINA CORRIENTE OXIGENADA,9070,1,2018-05-02T00:00:00.000
76,valle del cauca,76520,PALMIRA,EDS PORTAL DE VERSALLES,TERPEL,CARRERA 28 CALLE 45 Y 46,GASOLINA CORRIENTE OXIGENADA,8900,1,2018-05-02T00:00:00.000
5,antioquia,5360,ITAGUI,ESTACION DE SERVICIO DEL SUR MEDELLIN,MOBIL,CARRERA 42 No.. 29A-25,BIODIESEL EXTRA,8540,1,2018-05-02T00:00:00.000
5,antioquia,5088,BELLO,ESTACION DE SERVICIO BAHIA CON CALLE 46,TERPEL,CALLE 46 No. 45-56,GASOLINA CORRIENTE OXIGENADA,8550,1,2018-05-02T00:00:00.000
5,antioquia,5318,GUARNE,ESTACION DE SERVICIO TEXACO VIRGEN DE LA SIERRA,TEXACO,AUTOPISTA MEDELLIN BOGOTA KILOMETRO 16 MAS 800,GASOLINA CORRIENTE OXIGENADA,8790,1,2018-05-02T00:00:00.000
76,valle del cauca,76147,CARTAGO,SERVICIO GRAJALES,MOBIL,Calle 10 No. 9-04,GASOLINA EXTRA OXIGENADA,11780,1,2018-05-02T00:00:00.000
5,antioquia,5264,ENTRERRIOS,EDS SAN FRANCISCO,ZEUSS,KILOMETRO 1 VIA ENTRERRIOS - SANTA ROSA,BIODIESEL EXTRA,8531,1,2018-05-02T00:00:00.000
5,antioquia,5001,MEDELLIN,ESTACION DE SERVICIO TERPEL MAYORAL,TERPEL,CARRERA 81 No. 30 A 37,GASOLINA EXTRA OXIGENADA,11760,1,2018-05-02T00:00:00.000
5,antioquia,5001,MEDELLIN,SERVICENTRO LAS BRISAS,TERPEL,CARRERA 65 No. 101 - 67,GASOLINA CORRIENTE OXIGENADA,8790,1,2018-05-02T00:00:00.000
76,valle del cauca,76147,CARTAGO,ESTACION DE SERVICIO LA GUACA MARISCAL,PETROMIL,Calle 16 C Carrera 9 Esquina,GASOLINA CORRIENTE OXIGENADA,9120,1,2018-05-02T00:00:00.000
5,antioquia,5604,REMEDIOS,ESTACION DE SERVICIO EL LAGO,ZEUSS,Salida a Berrio,GASOLINA CORRIENTE OXIGENADA,8706,1,2018-05-02T00:00:00.000
76,valle del cauca,76001,SANTIAGO DE CALI,ESTACION DE SERVICIO MARIA LUISA,TEXACO,CARRERA 15 No. 29-30,BIODIESEL EXTRA,8390,1,2018-05-02T00:00:00.000
76,valle del cauca,76001,SANTIAGO DE CALI,ESTACION DE SERVICIO HORIZONTE SAS,TERPEL,AVENIDA 3N No. 59-46,GASOLINA EXTRA OXIGENADA,10995,1,2018-05-02T00:00:00.000
5,antioquia,5045,APARTADO,ESTACION DE SERVICIO RIO GRANDE,TERPEL,KILOMETRO 7 VIA TURBO VEREDA EL OSITO,GASOLINA CORRIENTE OXIGENADA,9050,1,2018-05-02T00:00:00.000
76,valle del cauca,76147,CARTAGO,ESTACION DE SERVICIO POPULAR SA,MOBIL,Carrera 9 No. 9-23,GASOLINA EXTRA OXIGENADA,11790,1,2018-05-02T00:00:00.000
76,valle del cauca,76001,SANTIAGO DE CALI,ESTACION DE SERVICIO ESSO FARALLONES,MOBIL,CARRERA 15 No. 11 - 15,GASOLINA CORRIENTE OXIGENADA,8990,1,2018-05-02T00:00:00.000
5,antioquia,5001,MEDELLIN,LUBRITODO EL SITIO CORRECTO SAS,MOBIL,CALLE 44 No. 64-52,GASOLINA CORRIENTE OXIGENADA,9070,1,2018-05-02T00:00:00.000
76,valle del cauca,76892,YUMBO,ESTACION DE SERVICIO SERVICENTRO MENGA SA,MOBIL,Calle 10 No.38-110,BIODIESEL EXTRA,8310,1,2018-05-02T00:00:00.000
76,valle del cauca,76275,FLORIDA,ESTACION DE SERVICIO BRISAS DEL VALLE,BIOMAX,CALLE 9 No. 30-263 BARRIO EL CEDRO,BIODIESEL EXTRA,8510,1,2018-05-02T00:00:00.000
76,valle del cauca,76109,BUENAVENTURA,ESTACION DE SERVICIO REINA SOFIA,TERPEL,CALLE 6 BARRIO BELLAVISTA AUTOPISTA,BIODIESEL EXTRA,8325,1,2018-05-02T00:00:00.000
76,valle del cauca,76001,SANTIAGO DE CALI,LA CORAZA NO1,MOBIL,Carrera 46 No.53-20,BIODIESEL EXTRA,8500,1,2018-05-02T00:00:00.000
76,valle del cauca,76890,YOTOCO,ESTACION DE SERVICIO SANTA LAURA,TERPEL,Corregimiento de Puente Tierra Lote Centro Poblado,GASOLINA CORRIENTE OXIGENADA,8920,1,2018-05-02T00:00:00.000
76,valle del cauca,76001,SANTIAGO DE CALI,ESTACION DE SERVICIO MOVIL AV SEXTA CALI,MOBIL,AVENIDA 6 NORTE NO. 24 AN-25,GASOLINA CORRIENTE OXIGENADA,8565,1,2018-05-02T00:00:00.000
5,antioquia,5001,MEDELLIN,ESTACION DE SERVICIO AUTOMOTRIZ LA MILAGROSA,TEXACO,CARRERA 30 No. 40A-84,BIODIESEL EXTRA,8620,1,2018-05-02T00:00:00.000
5,antioquia,5670,SAN ROQUE,ESTACION DE SERVICIO GASOLINERA LAS VEGAS,ZEUSS,CALLE 22 No. 18-22,GASOLINA CORRIENTE OXIGENADA,9280,1,2018-05-02T00:00:00.000
76,valle del cauca,76001,SANTIAGO DE CALI,ESTACION DE SERVICIO ESSO FARALLONES,MOBIL,CARRERA 15 No. 11 - 15,BIODIESEL EXTRA,8440,1,2018-05-02T00:00:00.000
5,antioquia,5001,MEDELLIN,SERVICENTRO ESSO PALMAS,ZEUSS,Carrera 38 No 19 - 16,GASOLINA EXTRA OXIGENADA,11930,1,2018-05-02T00:00:00.000
76,valle del cauca,76248,EL CERRITO,ESTACION DE SERVICIOS CODI MOBIL LA VINA,MOBIL,"Carrera 14 Carretera Panamericana de el Cerrito, Valle del Cauca",GASOLINA EXTRA OXIGENADA,11840,1,2018-05-02T00:00:00.000
5,antioquia,5761,SOPETRAN,SERVICENTRO TERPEL,TERPEL,CALLE 9 No. 13A - 14,GASOLINA EXTRA OXIGENADA,11800,1,2018-05-02T00:00:00.000
76,valle del cauca,76306,GINEBRA,ESTACION DE SERVICIOS ALTO PRIMAVERA,BIOMAX,CALLE 5 No. 4-10 CORREGIMENTO COSTA RICA,GASOLINA CORRIENTE OXIGENADA,9004,1,2018-05-02T00:00:00.000
5,antioquia,5360,ITAGUI,ESTACION DE SERVICIO EL VENADO ITAGUI,ZEUSS,CARRERA 43 No. 50-69,BIODIESEL EXTRA,8340,1,2018-05-02T00:00:00.000
76,valle del cauca,76248,EL CERRITO,ESTACION DE SERVICIOS CODI MOBIL LA VINA,MOBIL,"Carrera 14 Carretera Panamericana de el Cerrito, Valle del Cauca",BIODIESEL EXTRA,8400,1,2018-05-02T00:00:00.000
76,valle del cauca,76109,BUENAVENTURA,ESTACION DE SERVICIO SERVICENTRO DEL 14 LTDA,MOBIL,CALLE 6A No. 39-11,GASOLINA EXTRA OXIGENADA,11677,1,2018-05-02T00:00:00.000
5,antioquia,5001,MEDELLIN,ESTACION DE SERVICIO CARIBE MEDELLIN,MOBIL,CARRERA 64 C NO 72 226,BIODIESEL EXTRA,8470,1,2018-05-02T00:00:00.000
5,antioquia,5318,GUARNE,ESTACION DE SERVICIOS SANTA LUCIA,TERPEL,Carrera 53 No. 38-484,GASOLINA EXTRA OXIGENADA,11890,1,2018-05-02T00:00:00.000
76,valle del cauca,76892,YUMBO,ESTACION DE SERVICIO TERMINAL LOGISTICO,MOBIL,LOTE 1 KILOMETRO 6 VIA CALI - YUMBO,GASOLINA EXTRA OXIGENADA,9080,1,2018-05-02T00:00:00.000
76,valle del cauca,76520,PALMIRA,EDS PORTAL DE VERSALLES,TERPEL,CARRERA 28 CALLE 45 Y 46,BIODIESEL EXTRA,8390,1,2018-05-02T00:00:00.000
76,valle del cauca,76001,SANTIAGO DE CALI,ESTACION DE SERVICIO AUTOMOTRIZ GUADUALES,TERPEL,CALLE 70 Nº 4N - 10,GASOLINA EXTRA OXIGENADA,11060,1,2018-05-02T00:00:00.000
5,antioquia,5001,MEDELLIN,SERVICENTRO EL PORVENIR,TERPEL,CARRERA 52 No. 29-49,GASOLINA CORRIENTE OXIGENADA,8790,1,2018-05-02T00:00:00.000
5,antioquia,5266,ENVIGADO,ZEUSS OTRA PARTE,ZEUSS,TRANSVERSAL 27A SUR No. 42B-80,GASOLINA CORRIENTE OXIGENADA,8940,1,2018-05-02T00:00:00.000
5,antioquia,5001,MEDELLIN,EDS ESSO SANTA MARTA,MOBIL,Calle 45A No 60 - 13,GASOLINA EXTRA OXIGENADA,11560,1,2018-05-02T00:00:00.000
76,valle del cauca,76041,ANSERMANUEVO,SERVIVALLE AYG,BIOMAX,Carrera 4 No. 02-15,BIODIESEL EXTRA,8235,1,2018-05-02T00:00:00.000
5,antioquia,5615,CANON DE RIO CLARO,ESTACION DE SERVICIO BARRO BLANCO INVERSIONES DE ORIENTE,ZEUSS,Kilometro 4 Vereda Barro Blanco Vía Aeropuerto José María Córdoba,BIODIESEL EXTRA,8477,1,2018-05-02T00:00:00.000
76,valle del cauca,76892,YUMBO,ESTACION DE SERVICIO TERPEL SALENTO,TERPEL,KILOMETRO 5.6 VIA YUMBO - VIJES,GASOLINA CORRIENTE OXIGENADA,8690,1,2018-05-02T00:00:00.000
76,valle del cauca,76318,GUACARI,ESTACION DE SERVICIO EL RIO,TERPEL,Carrera 7 No. 9-13,GASOLINA CORRIENTE OXIGENADA,9245,1,2018-05-02T00:00:00.000
76,valle del cauca,76834,TULUA,ESSO SERVICENTRO STAMBUL,MOBIL,Carrera 40 Calle 13 Esquina,GASOLINA CORRIENTE OXIGENADA,9024,1,2018-05-02T00:00:00.000
76,valle del cauca,76109,BUENAVENTURA,ESTACION DE SERVICIO BAHIA LTDA,TEXACO,CALLE 6 NO 5 B  -70,BIODIESEL EXTRA,9500,1,2018-05-02T00:00:00.000
5,antioquia,5148,EL CARMEN DE VIBORAL,ESTACION DE SERVICIO ÉXITO EL CARMEN,ESSO,VIA LA CEJA RIONEGRO KILOMETRO 7 MAS 100 VEREDA AGUAS CLARAS,GASOLINA CORRIENTE OXIGENADA,8930,1,2018-05-02T00:00:00.000
76,valle del cauca,76001,SANTIAGO DE CALI,ESTACION DE SERVICIO LAS PILAS,TEXACO,CALLE 13 No. 53-44,GASOLINA EXTRA OXIGENADA,11890,1,2018-05-02T00:00:00.000
5,antioquia,5001,MEDELLIN,ESTACION DE SERVICIO DISTRACOM PARQUE NORTE,MOBIL,CARRERA 52 No. 81-30,GASOLINA EXTRA OXIGENADA,11680,1,2018-05-02T00:00:00.000
76,valle del cauca,76001,SANTIAGO DE CALI,SERVICENTRO RIO PANCE SAS,MOBIL,CALLE 25 No. 127-100,BIODIESEL EXTRA,8570,1,2018-05-02T00:00:00.000
5,antioquia,5148,EL CARMEN DE VIBORAL,ESTACION DE SERVICIOS TERPEL EL CARMEN,TERPEL,CARRERA 31 CL 41-25,BIODIESEL EXTRA,8350,1,2018-05-02T00:00:00.000
76,valle del cauca,76147,CARTAGO,SERVICIO GRAJALES,MOBIL,Calle 10 No. 9-04,BIODIESEL EXTRA,8580,1,2018-05-02T00:00:00.000
5,antioquia,5001,MEDELLIN,ESTACION DE SERVICIO COLIBRI SAS,MOBIL,CALLE 36 No. 53-67,GASOLINA EXTRA OXIGENADA,11810,1,2018-05-02T00:00:00.000
5,antioquia,5266,ENVIGADO,ZEUSS OTRA PARTE,ZEUSS,TRANSVERSAL 27A SUR No. 42B-80,GASOLINA EXTRA OXIGENADA,11830,1,2018-05-02T00:00:00.000
5,antioquia,5789,TAMESIS,ESTACION CENTRAL DE SERVICIOS TERPEL TAMESIS,TERPEL,Diagonal 7 No. 15-77,BIODIESEL EXTRA,8670,1,2018-05-02T00:00:00.000
5,antioquia,5001,MEDELLIN,EDS EL VOLADOR,TERPEL,CALLE 71 No. 66-82,GASOLINA EXTRA OXIGENADA,11800,1,2018-05-02T00:00:00.000
5,antioquia,5212,COPACABANA,ESTACION MOBIL TOLU,MOBIL,CALLE 59 No. 23A-195 AUTOPISTA NORTE,BIODIESEL EXTRA,8398,1,2018-05-02T00:00:00.000
76,valle del cauca,76001,SANTIAGO DE CALI,ESTACION DE SERVICIO TERPEL CARRERA 8A,TERPEL,CALLE 33 No. 7-14,BIODIESEL EXTRA,8200,1,2018-05-02T00:00:00.000
5,antioquia,5686,SANTA ROSA DE OSOS,ESTACION DEL RIO,ZEUSS,AVENIDA 38 No. 27-449,GASOLINA CORRIENTE OXIGENADA,9126,1,2018-05-02T00:00:00.000
76,valle del cauca,76001,SANTIAGO DE CALI,ESTACION DE SERVICIO AUTOMOTRIZ GUADUALES,TERPEL,CALLE 70 Nº 4N - 10,BIODIESEL EXTRA,8150,1,2018-05-02T00:00:00.000
76,valle del cauca,76306,GINEBRA,ESTACION DE SERVICIOS ALTO PRIMAVERA,BIOMAX,CALLE 5 No. 4-10 CORREGIMENTO COSTA RICA,BIODIESEL EXTRA,8420,1,2018-05-02T00:00:00.000
5,antioquia,5001,MEDELLIN,SERVICENTRO ESSO PALMAS,ZEUSS,Carrera 38 No 19 - 16,BIODIESEL EXTRA,8810,1,2018-05-02T00:00:00.000
76,valle del cauca,76111,GUADALAJARA DE BUGA,ESTACION DE SERVICIO PALOBLANCO TERPEL,TERPEL,"Carrera 24 No 12 - 25 Guadalajara De Buga, Valle Del Cauca",BIODIESEL EXTRA,8030,1,2018-05-02T00:00:00.000
76,valle del cauca,76892,YUMBO,GOMEZ Y CIA INVERSIONES EDS LAS AMERICAS,PETROBRAS,CALLE 10 No. 19-72,GASOLINA CORRIENTE OXIGENADA,8869,1,2018-05-02T00:00:00.000
5,antioquia,5819,TOLEDO,ESTACION DE SERVICIO LOS TAHAMIES,ZEUSS,VEREDA LA MATANZA,GASOLINA CORRIENTE OXIGENADA,9240,1,2018-05-02T00:00:00.000
76,valle del cauca,76109,BUENAVENTURA,ESTACION DE SERVICIO DISTRACOM EL PINAL,MOBIL,AVENIDA SIMON BOLIVAR CALLE 6 No. 22D-45,GASOLINA CORRIENTE OXIGENADA,8908,1,2018-05-02T00:00:00.000
76,valle del cauca,76001,SANTIAGO DE CALI,EDS PALERMO CENTRO,PETROBRAS,CARRERA 8 NO. 20-91,BIODIESEL EXTRA,8190,1,2018-05-02T00:00:00.000
5,antioquia,5380,LA ESTRELLA,ESTACION DE SERVICIO SIDERENSE,TERPEL,CALLE 76 SUR No. 60-51,BIODIESEL EXTRA,8326,1,2018-05-02T00:00:00.000
76,valle del cauca,76111,GUADALAJARA DE BUGA,EDS AURES,ESSO,CARRERA 24A No. 1 DN-11,GASOLINA CORRIENTE OXIGENADA,8715,1,2018-05-02T00:00:00.000
76,valle del cauca,76892,YUMBO,ESTACION DE SERVICIO ARROYOHONDO,TEXACO,CALLE 10 No. 22 A - 296,BIODIESEL EXTRA,8270,1,2018-05-02T00:00:00.000
5,antioquia,5190,CISNEROS,BOMBA DE GASOLINA LA YE,TERPEL,CALLE 18 No.. 15-05 Y CARRERA 14A No. 17-25 BARRIO LA YE,GASOLINA CORRIENTE OXIGENADA,9230,1,2018-05-02T00:00:00.000
5,antioquia,5001,MEDELLIN,ESTACION DE SERVICIO INVERSIONES GR SAS,ZEUSS,Carrera 28 No. 59 -7,GASOLINA CORRIENTE OXIGENADA,9058,1,2018-05-02T00:00:00.000
5,antioquia,5001,MEDELLIN,LUBRITODO EL SITIO CORRECTO SAS,MOBIL,CALLE 44 No. 64-52,GASOLINA EXTRA OXIGENADA,11950,1,2018-05-02T00:00:00.000
76,valle del cauca,76001,SANTIAGO DE CALI,ESTACION DE SERVICIOS LAS CEIBAS CALI SAS,PETROMIL,Calle 70 No. 11-124,BIODIESEL EXTRA,8390,1,2018-05-02T00:00:00.000
76,valle del cauca,76001,SANTIAGO DE CALI,ESTACION DE SERVICIOS LOS CERROS,MOBIL,CALLE 1 No. 69-43,BIODIESEL EXTRA,8553,1,2018-05-02T00:00:00.000
76,valle del cauca,76275,FLORIDA,ESTACION  DE SERVICIO SARAH,PETROMIL,CARRERA 16B No. 1 A - 45,GASOLINA CORRIENTE OXIGENADA,8890,1,2018-05-02T00:00:00.000
5,antioquia,5142,CARACOLI,ESTACIÓN DE SERVICIO EL MIRADOR DE CARACOLI,ZEUSS,CI PASO A NIVEL 111,BIODIESEL EXTRA,8792,1,2018-05-02T00:00:00.000
76,valle del cauca,76001,SANTIAGO DE CALI,ESTACION DE SERVICIO AUTOMOTRIZ TERPEL LA 26,TERPEL,CARRERA 11B # 26 - 09,GASOLINA EXTRA OXIGENADA,11300,1,2018-05-02T00:00:00.000
76,valle del cauca,76109,BUENAVENTURA,ESTACION DE SERVICIO REINA SOFIA,TERPEL,CALLE 6 BARRIO BELLAVISTA AUTOPISTA,GASOLINA EXTRA OXIGENADA,11740,1,2018-05-02T00:00:00.000
5,antioquia,5212,COPACABANA,ESTACION DE SERVICIO FUNDADORES EL RANCHO DE LUIS S.A.S,ZEUSS,CALLE 50 NO. 28-50,GASOLINA CORRIENTE OXIGENADA,8865,1,2018-05-02T00:00:00.000
5,antioquia,5001,MEDELLIN,ESTRELLA DEL SUR,TEXACO,CALLE 8 B No. 65-301,GASOLINA EXTRA OXIGENADA,11570,1,2018-05-02T00:00:00.000
76,valle del cauca,76113,BUGALAGRANDE,ESTACION DE SERVICIO ESSO LA BASCULA,MOBIL,KILÓMETRO 7 VÍA BUGA - BUENAVENTURA MEDIACANOA DE YOTOCO,GASOLINA CORRIENTE OXIGENADA,8670,1,2018-05-02T00:00:00.000
76,valle del cauca,76001,SANTIAGO DE CALI,OPECOM EDS VILLA DEL PRADO,TERPEL,CARRERA 5 No. 58A-11,GASOLINA CORRIENTE OXIGENADA,8600,1,2018-05-02T00:00:00.000
76,valle del cauca,76001,SANTIAGO DE CALI,SERVICENTRO ESSO NO 12 LA FLORESTA,MOBIL,CARRERA 15 No. 33H-44,GASOLINA CORRIENTE OXIGENADA,8880,1,2018-05-02T00:00:00.000
5,antioquia,5088,BELLO,ESTACION DE SERVICIO BAHIA CON CALLE 46,TERPEL,CALLE 46 No. 45-56,BIODIESEL EXTRA,8200,1,2018-05-02T00:00:00.000
5,antioquia,5001,MEDELLIN,ESTACION DE SERVICIO ESSO LOS ALAMOS NO 9,MOBIL,Carrera 52 No. 65 - 07,GASOLINA EXTRA OXIGENADA,11800,1,2018-05-02T00:00:00.000
76,valle del cauca,76364,JAMUNDI,ESTACION DE SERVICIO JAMUNDI,TERPEL,Km 15 via panamericana jamundi,GASOLINA EXTRA OXIGENADA,11750,1,2018-05-02T00:00:00.000
76,valle del cauca,76001,SANTIAGO DE CALI,EDS GUADALUPE,TEXACO,Calle 14b No. 53.130,GASOLINA EXTRA OXIGENADA,10990,1,2018-05-02T00:00:00.000
5,antioquia,5001,MEDELLIN,BREASCOL EDS TERPEL TERMINAL,TERPEL,CARRERA 64A No 78 - 55,GASOLINA EXTRA OXIGENADA,11860,1,2018-05-02T00:00:00.000
5,antioquia,5631,SABANETA,ESTACION DE SERVICIO TERPEL SABANETA,TERPEL,CARRERA 43A No. 61 SUR-114,GASOLINA EXTRA OXIGENADA,11070,1,2018-05-02T00:00:00.000
76,valle del cauca,76001,SANTIAGO DE CALI,OPECOM EDS  LAS DELICIAS,TERPEL,CALLE 44 No. 3-01,GASOLINA EXTRA OXIGENADA,11170,1,2018-05-02T00:00:00.000
76,valle del cauca,76834,TULUA,ESTACION DE SERVICIO EL TERMINAL,MOBIL,Carrera 20 No. 27 A 28,GASOLINA CORRIENTE OXIGENADA,9187,1,2018-05-02T00:00:00.000
76,valle del cauca,76520,PALMIRA,ESTACION DE SERVICIO LAS PALMERAS PALMIRA,MOBIL,Calle 42 No. 31-93,BIODIESEL EXTRA,8458,1,2018-05-02T00:00:00.000
76,valle del cauca,76001,SANTIAGO DE CALI,ESTACION DE SERVICIO SERVIEXPRESS,BIOMAX,CARRERA 5 60 235,GASOLINA EXTRA OXIGENADA,12000,1,2018-05-02T00:00:00.000
76,valle del cauca,76001,SANTIAGO DE CALI,EDS COLON LA CATORCE,MOBIL,CALLE 14 No. 33A-85,BIODIESEL EXTRA,8497,1,2018-05-02T00:00:00.000
76,valle del cauca,76001,SANTIAGO DE CALI,ESTACION DE SERVICIO GAS Y COM AUTO 15,ESSO,DIAGONAL 23 No.15-15,BIODIESEL EXTRA,7999,1,2018-05-02T00:00:00.000
5,antioquia,5819,TOLEDO,ESTACION DE SERVICIO GULF ITUANGO,BIOMAX,CORREGIMIENTO EL VALLE,BIODIESEL EXTRA,8790,1,2018-05-02T00:00:00.000
5,antioquia,5266,ENVIGADO,EDS TEXACO 10 ENVIGADO,TEXACO,CALLE 33 SUR No 43-33,GASOLINA EXTRA OXIGENADA,11716,1,2018-05-02T00:00:00.000
76,valle del cauca,76130,CANDELARIA,ESTACION DE SERVICIO VILLAGORGONA,TERPEL,CARRERA 1 CALLE 6,GASOLINA EXTRA OXIGENADA,11200,1,2018-05-02T00:00:00.000
5,antioquia,5380,LA ESTRELLA,ESTACION DE SERVICIO TERPEL LA ISLA,TERPEL,CARRERA 50 No. 96 SUR - 48,GASOLINA EXTRA OXIGENADA,11070,1,2018-05-02T00:00:00.000
5,antioquia,5001,MEDELLIN,EDS TERPEL TANQUIADERO,TERPEL,DIAGONAL 74B No. 32-15,GASOLINA EXTRA OXIGENADA,11070,1,2018-05-02T00:00:00.000
5,antioquia,5001,MEDELLIN,ESSO REGIONAL,MOBIL,CARRERA 48 No. 20-115,BIODIESEL EXTRA,8660,1,2018-05-02T00:00:00.000
5,antioquia,5686,SANTA ROSA DE OSOS,ESTACION DE SERVICIO EL PORTAL JB,TEXACO,avenida 38 N°28-77,GASOLINA EXTRA OXIGENADA,11890,1,2018-05-02T00:00:00.000
5,antioquia,5001,MEDELLIN,ESTACION DE SERVICIO TERPEL LA MOTA,TERPEL,CALLE 2A No. 75B-25,BIODIESEL EXTRA,8430,1,2018-05-02T00:00:00.000
76,valle del cauca,76001,SANTIAGO DE CALI,ESTACION DE SERVICIO COMBUSCOL CAÑAS GORDAS,TEXACO,AV CANAS GORDAS NO. 122-30,BIODIESEL EXTRA,8570,1,2018-05-02T00:00:00.000
5,antioquia,5001,MEDELLIN,SERVICENTRO EL PORVENIR,TERPEL,CARRERA 52 No. 29-49,GASOLINA EXTRA OXIGENADA,11630,1,2018-05-02T00:00:00.000
76,valle del cauca,76563,PRADERA,EDS PRADERA CENTRO,ZEUSS,CALLE 7 No. 12-25 DE PRADERA,BIODIESEL EXTRA,8400,1,2018-05-02T00:00:00.000
5,antioquia,5376,LA CEJA,ESTACION DE SERVICIOS LOS CRISTALES,TERPEL,CALLE 19 CARRERA 13B  - 251,BIODIESEL EXTRA,8590,1,2018-05-02T00:00:00.000
5,antioquia,5895,ZARAGOZA,SERVICENTRO LOS SURIVIO,TERPEL,BARRIO LA VEGA,GASOLINA CORRIENTE OXIGENADA,8900,1,2018-05-02T00:00:00.000
76,valle del cauca,76892,YUMBO,ESTACION DE SERVICIO SERVICENTRO MENGA SA,MOBIL,Calle 10 No.38-110,GASOLINA CORRIENTE OXIGENADA,8590,1,2018-05-02T00:00:00.000
76,valle del cauca,76001,SANTIAGO DE CALI,ESTACION DE SERVICIO AUTOMOTRIZ TERPEL LA 26,TERPEL,CARRERA 11B # 26 - 09,GASOLINA CORRIENTE OXIGENADA,8630,1,2018-05-02T00:00:00.000
5,antioquia,5266,ENVIGADO,ESTACION DE SERVICIO VILLA GRANDE LAS VEGAS,ZEUSS,CARRERA 48 No. 25AA SUR-13,BIODIESEL EXTRA,8590,1,2018-05-02T00:00:00.000
5,antioquia,5001,MEDELLIN,SERVICENTRO HL LA CLARET,ZEUSS,TRANSVERSAL 51A No. 67B-59,BIODIESEL EXTRA,8410,1,2018-05-02T00:00:00.000
5,antioquia,5631,SABANETA,ESTACION DE SERVICIO TERPEL ANCON SUR,TERPEL,CALLE 84 SUR No.29-51 VARIANTE DE CALDAS KILOMETRO 1,GASOLINA CORRIENTE OXIGENADA,8655,1,2018-05-02T00:00:00.000
5,antioquia,5001,MEDELLIN,ESTACION DE SERVICIO TERPEL LAS MERCEDES,TERPEL,CALLE 65 No 56-35,BIODIESEL EXTRA,8430,1,2018-05-02T00:00:00.000
76,valle del cauca,76109,BUENAVENTURA,ESTACION DE SERVICIOS FLUVIAL Y-O COMERCIALIZADOR INDUSTRIAL COMBUSTIBLES BENITEZ 2,TEXACO,CALLE 2 SUR 8B No. 20-22  BARRIO MURO YUSTI PUEBLO NUEVO,BIODIESEL EXTRA,8275,1,2018-05-02T00:00:00.000
5,antioquia,5212,COPACABANA,ZEUSS NANOS,ZEUSS,CALLE 104 No. 1-401 KILOMETRO 18,GASOLINA CORRIENTE OXIGENADA,8720,1,2018-05-02T00:00:00.000
5,antioquia,5001,MEDELLIN,AEROTAXI,TEXACO,CARRERA 65 No.. 16A 43,BIODIESEL EXTRA,8355,1,2018-05-02T00:00:00.000
76,valle del cauca,76834,TULUA,EDS ENTRE RIOS,TERPEL,CARRERA 30 No. 16-03,BIODIESEL EXTRA,8547,1,2018-05-02T00:00:00.000
5,antioquia,5088,BELLO,CONCRETOS Y ASFALTOS SA CONASFALTOS SA,TERPEL,DIAGONAL 51 NO 15 A -161,BIODIESEL EXTRA,6340,1,2018-05-02T00:00:00.000
5,antioquia,5615,CANON DE RIO CLARO,ESTACION DE SERVICIO INVERSIONES TUCAN ORIENTE,TERPEL,CALLE 38 NO 55 A-85,GASOLINA CORRIENTE OXIGENADA,9130,1,2018-05-02T00:00:00.000
5,antioquia,5001,MEDELLIN,ESTACION DE SERVICIO TERPEL CARRERA 80 - 81,TERPEL,CALLE 5 SUR No. 51-85,GASOLINA EXTRA OXIGENADA,11070,1,2018-05-02T00:00:00.000
76,valle del cauca,76892,YUMBO,ESTACION DE SERVICIO COMBUSCOL AUTOPISTA CALI - YUMBO,TEXACO,Calle 15 No.37-39,BIODIESEL EXTRA,8470,1,2018-05-02T00:00:00.000
76,valle del cauca,76122,CAICEDONIA,LAS AMERICAS,TERPEL,CARRERA 14 No. 18-12,BIODIESEL EXTRA,8830,1,2018-05-02T00:00:00.000
5,antioquia,5360,ITAGUI,ESTACION TERPEL CENTRAL  MAYORISTA,TERPEL,Calle 84 A No. 46A-30,GASOLINA CORRIENTE OXIGENADA,8790,1,2018-05-02T00:00:00.000
5,antioquia,5001,MEDELLIN,EDS CENTRO AUTOMOTRIZ,TERPEL,CARRERA 43B No. 19A-61,GASOLINA EXTRA OXIGENADA,8650,1,2018-05-02T00:00:00.000
5,antioquia,5001,MEDELLIN,CONDOR DE COLOMBIA SAS,TERPEL,CARRERA 68 No. 43-15,BIODIESEL EXTRA,8480,1,2018-05-02T00:00:00.000
5,antioquia,5591,PUERTO TRIUNFO,ESTACION DE SERVICIO LUIS LOZANO,TERPEL,"Cra. 19 y 18ª entre calles 29 y 30 Mz 25, Corregimiento Pto. Perales",BIODIESEL EXTRA,8270,1,2018-05-02T00:00:00.000
5,antioquia,5895,ZARAGOZA,SERVICENTRO LOS SURIVIO,TERPEL,BARRIO LA VEGA,BIODIESEL EXTRA,8230,1,2018-05-02T00:00:00.000
76,valle del cauca,76001,SANTIAGO DE CALI,GREEN EDS PORTAL DEL SUR,MOBIL,CALLE 25 No. 93-75,GASOLINA EXTRA OXIGENADA,12410,1,2018-05-02T00:00:00.000
5,antioquia,5001,MEDELLIN,CONDOR DE COLOMBIA SAS,TERPEL,CARRERA 68 No. 43-15,GASOLINA CORRIENTE OXIGENADA,8970,1,2018-05-02T00:00:00.000
5,antioquia,5318,GUARNE,ESTACION DE SERVICIO AUTOMOTRIZ EL GRAN CHAPARRAL,TERPEL,AUTOPISTA MEDELLIN - BOGOTA KILOMETRO 30,GASOLINA EXTRA OXIGENADA,11270,1,2018-05-02T00:00:00.000
76,valle del cauca,76109,BUENAVENTURA,ESTACION DE SERVICIOS AUTOMOTRICES Y LUBRICANTES VALLEJO,TEXACO,CALLE 6 28 - 76 ZONA 1,GASOLINA CORRIENTE OXIGENADA,8100,1,2018-05-02T00:00:00.000
5,antioquia,5761,SOPETRAN,SERVICENTRO TERPEL,TERPEL,CALLE 9 No. 13A - 14,BIODIESEL EXTRA,8830,1,2018-05-02T00:00:00.000
5,antioquia,5001,MEDELLIN,ESTACION DE SERVICIO UNIVERSIDAD S.A,TEXACO,Carrera 52 No 67 A - 91,BIODIESEL EXTRA,8470,1,2018-05-02T00:00:00.000
5,antioquia,5541,EL PEÑOL,EDS LA ENTRADA,TERPEL,VEREDA HORIZONTES VIA EL PEÑOL MARINILLA KILOMETRO 0.300,GASOLINA CORRIENTE OXIGENADA,9247,1,2018-05-02T00:00:00.000
5,antioquia,5266,ENVIGADO,ESTACION DE SERVICIO EL ESCOBERO,TERPEL,Calle 37 sur No. 28 C-30,GASOLINA CORRIENTE OXIGENADA,9190,1,2018-05-02T00:00:00.000
76,valle del cauca,76001,SANTIAGO DE CALI,GREPACOL,PETROMIL,CARRERA 25 No. 75-201,GASOLINA CORRIENTE OXIGENADA,9156,1,2018-05-02T00:00:00.000
76,valle del cauca,76109,BUENAVENTURA,ESTACION DE SERVICIO DISTRACOM ZARAGOZA,MOBIL,Kilómetro 31 Vía Buenaventura - Loboguerrero  Vereda Zaragoza,GASOLINA CORRIENTE OXIGENADA,8998,1,2018-05-02T00:00:00.000
76,valle del cauca,76001,SANTIAGO DE CALI,OPECOM EDS  LAS DELICIAS,TERPEL,CALLE 44 No. 3-01,GASOLINA CORRIENTE OXIGENADA,8610,1,2018-05-02T00:00:00.000
76,valle del cauca,76001,SANTIAGO DE CALI,LORENZA DEL SOCORRO GIRALDO RAMIREZ,TEXACO,Transversal 25 No. 23-16,BIODIESEL EXTRA,8480,1,2018-05-02T00:00:00.000
5,antioquia,5001,MEDELLIN,AMH SERVICIOS,TEXACO,CALLE 48 No. 79-46,GASOLINA EXTRA OXIGENADA,12090,1,2018-05-02T00:00:00.000
76,valle del cauca,76001,SANTIAGO DE CALI,ESTACION DE SERVICIO PANAMERICANA,TERPEL,CALLE 10 NO. 43-11,GASOLINA CORRIENTE OXIGENADA,8460,1,2018-05-02T00:00:00.000
76,valle del cauca,76001,SANTIAGO DE CALI,ESTACION DE SERVICIO COMBUSCOL CAÑAS GORDAS,TEXACO,AV CANAS GORDAS NO. 122-30,GASOLINA CORRIENTE OXIGENADA,9090,1,2018-05-02T00:00:00.000
76,valle del cauca,76109,BUENAVENTURA,ESTACION DE SERVICIO DISTRACOM ZARAGOZA,MOBIL,Kilómetro 31 Vía Buenaventura - Loboguerrero  Vereda Zaragoza,BIODIESEL EXTRA,8304,1,2018-05-02T00:00:00.000
76,valle del cauca,76001,SANTIAGO DE CALI,ESSO EL TRIANGULO,MOBIL,CALLE 9 No. 17-65,GASOLINA CORRIENTE OXIGENADA,8790,1,2018-05-02T00:00:00.000
76,valle del cauca,76563,PRADERA,EDS PRADERA CENTRO,ZEUSS,CALLE 7 No. 12-25 DE PRADERA,GASOLINA CORRIENTE OXIGENADA,8970,1,2018-05-02T00:00:00.000
5,antioquia,5001,MEDELLIN,ESTACION DE GASOLINA CRIVASI ESSO EL BOSQUE,MOBIL,Carrera 52 No. 78-20,GASOLINA CORRIENTE OXIGENADA,9097,1,2018-05-02T00:00:00.000
5,antioquia,5591,PUERTO TRIUNFO,ESTACION DE SERVICIO LAS PALMERAS Y CIA LIMITADA,TERPEL,KILOMETRO 176 AUTOPISTA MEDELLIN - BOGOTA,GASOLINA CORRIENTE OXIGENADA,9350,1,2018-05-02T00:00:00.000
5,antioquia,5101,CIUDAD BOLIVAR,ESTACION DE SERVICIO TERPEL LA PLAYA,TERPEL,Calle 49  44-126,BIODIESEL EXTRA,8810,1,2018-05-02T00:00:00.000
5,antioquia,5147,CAREPA,ESTACION DE SERVICIO LA PONDEROSA,PETROMIL,CARRERA 80 82 No. 31-49,GASOLINA CORRIENTE OXIGENADA,9090,1,2018-05-02T00:00:00.000
5,antioquia,5045,APARTADO,ESTACION DE SERVICIO AUTOMOTRIZ LAS CHINITAS,TERPEL,CARRERA 100 KILOMETRO 1 SALIDA A TURBO,GASOLINA CORRIENTE OXIGENADA,9190,1,2018-05-02T00:00:00.000
5,antioquia,5400,LA UNION,ESTACION DE SERVICIO LOS GERANIOS,TERPEL,Carrera 11A Numero 15-35,GASOLINA EXTRA OXIGENADA,11640,1,2018-05-02T00:00:00.000
76,valle del cauca,76001,SANTIAGO DE CALI,OPECOM EDS  LAS DELICIAS,TERPEL,CALLE 44 No. 3-01,BIODIESEL EXTRA,8420,1,2018-05-02T00:00:00.000
5,antioquia,5893,YONDO,ESTACION DE SERVICOS CONDOR,TERPEL,KR 57 No 48-85,GASOLINA CORRIENTE OXIGENADA,8840,1,2018-05-02T00:00:00.000
76,valle del cauca,76054,ARGELIA,ESTACION DE SERVICIO ARGELIA PRADO,BIOMAX,CALLE 4 No. 1-42,GASOLINA CORRIENTE OXIGENADA,9200,1,2018-05-02T00:00:00.000
5,antioquia,5579,PUERTO BERRIO,ESTACION DE SERVICIO LA PLAYA,BIOMAX,CARRERA 1 No. 55-46,GASOLINA CORRIENTE OXIGENADA,8950,1,2018-05-02T00:00:00.000
5,antioquia,5604,REMEDIOS,ESTACION DE SERVICIO EL LAGO,ZEUSS,Salida a Berrio,BIODIESEL EXTRA,8554,1,2018-05-02T00:00:00.000
5,antioquia,5088,BELLO,ESTACION DE SERVICIO MADEROS,MOBIL,Diagonal 52 No 12 - 233,GASOLINA CORRIENTE OXIGENADA,8150,1,2018-05-02T00:00:00.000
5,antioquia,5837,TURBO,SERVICENTRO PROXXON NUEVA COLONIA,PROXXON,AVENIDA PRINCIPAL CORREGIMIENTO NUEVA COLONIA CALLE 25 No. 25-48-50,GASOLINA CORRIENTE OXIGENADA,9193,1,2018-05-02T00:00:00.000
76,valle del cauca,76892,YUMBO,ESTACION DE SERVICIO ARROYOHONDO,TEXACO,CALLE 10 No. 22 A - 296,GASOLINA CORRIENTE OXIGENADA,8695,1,2018-05-02T00:00:00.000
76,valle del cauca,76001,SANTIAGO DE CALI,SERVICENTRO ESSO SANTA MONICA,MOBIL,AVENIDA 6N No. 22-61,GASOLINA CORRIENTE OXIGENADA,8669,1,2018-05-02T00:00:00.000
5,antioquia,5001,MEDELLIN,ESTACION DE SERVICIO TEXACO JOSE IGNACIO HOLGUIN,TEXACO,Carrera 64 C No 93 - 60,GASOLINA EXTRA OXIGENADA,11550,1,2018-05-02T00:00:00.000
76,valle del cauca,76001,SANTIAGO DE CALI,ESTACION DE SERVICIO FERROCARRIL - GASO,MOBIL,CALLE 26 No. 4B-15,GASOLINA CORRIENTE OXIGENADA,8480,1,2018-05-02T00:00:00.000
76,valle del cauca,76892,YUMBO,ESICAR -  MOBIL YUMBO,MOBIL,CALLE 16  No 4-15,BIODIESEL EXTRA,8199,1,2018-05-02T00:00:00.000
76,valle del cauca,76001,SANTIAGO DE CALI,ESTACION DE SERVICIOS LOS CERROS,MOBIL,CALLE 1 No. 69-43,GASOLINA EXTRA OXIGENADA,11990,1,2018-05-02T00:00:00.000
76,valle del cauca,76306,GINEBRA,ESTACION DE SERVICIOS EL LEON,TERPEL,Carrera 4 No. 2-02,BIODIESEL EXTRA,8431,1,2018-05-02T00:00:00.000
5,antioquia,5697,SANTUARIO,ESTACION DE SERVICIO AUTOMOTRIZ CENTRO INTEGRADO DE SERVICIOS EL VERGEL,ZEUSS,CR 43  47 17,BIODIESEL EXTRA,8330,1,2018-05-02T00:00:00.000
5,antioquia,5679,SANTA BARBARA,BOMBA TERPEL LOS ALMENDROS,TERPEL,Troncal principal 15 22,GASOLINA EXTRA OXIGENADA,11400,1,2018-05-02T00:00:00.000
76,valle del cauca,76001,SANTIAGO DE CALI,ESTACION DE SERVICIO TERPEL LOS ALCAZARES,TERPEL,CALLE 70 No. 1A-4 Y 1A-5,GASOLINA CORRIENTE OXIGENADA,8630,1,2018-05-02T00:00:00.000
76,valle del cauca,76001,SANTIAGO DE CALI,ESTACION DE SERVICIO MOBIL AMERICAS,MOBIL,Avenida 3 NORTE No 20 N 85,BIODIESEL EXTRA,8370,1,2018-05-02T00:00:00.000
5,antioquia,5031,AMALFI,ESTACION DE SERVICIO AMALFI,ZEUSS,CALLE COLOMBIA No. 24-10,GASOLINA CORRIENTE OXIGENADA,9340,1,2018-05-02T00:00:00.000
5,antioquia,5001,MEDELLIN,EDS TERPEL TANQUIADERO,TERPEL,DIAGONAL 74B No. 32-15,GASOLINA CORRIENTE OXIGENADA,8600,1,2018-05-02T00:00:00.000
76,valle del cauca,76001,SANTIAGO DE CALI,ESTACION DE SERVICIO GIT MASIVO SA,TERPEL,KM 1 VIA COMFENALCO VALLE DE LILI,BIODIESEL EXTRA,8400,1,2018-05-02T00:00:00.000
5,antioquia,5134,CAMPAMENTO,EDS GASOLINERA LOS RAMIREZ,ZEUSS,CALLE EL PASO SALIDA ANORI,GASOLINA CORRIENTE OXIGENADA,9360,1,2018-05-02T00:00:00.000
76,valle del cauca,76364,JAMUNDI,ESTACION DE SERVICIO CENTRO DE SERVICIOS LAS MERCEDES SAS,PETROMIL,Lote de terreno 1A supermanzana 1 sector 3 Alfaguara,BIODIESEL EXTRA,8450,1,2018-05-02T00:00:00.000
5,antioquia,5649,SAN CARLOS,ESTACION DE SERVICIO DISTRIBUCIONES ZEUSS,ZAPATA Y VELASQUEZ,Calle 19 No. 17- 87,BIODIESEL EXTRA,8770,1,2018-05-02T00:00:00.000
76,valle del cauca,76895,ZARZAL,MEGA HORIZONTE SA,PETROBRAS,KILOMETRO 11 VIA LA PAILA ARMENIA,BIODIESEL EXTRA,8070,1,2018-05-02T00:00:00.000
5,antioquia,5001,MEDELLIN,ESTACION DE SERVICIO CARIBE MEDELLIN,MOBIL,CARRERA 64 C NO 72 226,GASOLINA EXTRA OXIGENADA,11990,1,2018-05-02T00:00:00.000
5,antioquia,5212,COPACABANA,ESTACION MOBIL TOLU,MOBIL,CALLE 59 No. 23A-195 AUTOPISTA NORTE,GASOLINA CORRIENTE OXIGENADA,8971,1,2018-05-02T00:00:00.000
5,antioquia,5250,EL BAGRE,GASOLINERA LA ORQUIDEA,ZEUSS,CORREGIMIENTO DE PUERTO LOPEZ,GASOLINA CORRIENTE OXIGENADA,9500,1,2018-05-02T00:00:00.000
5,antioquia,5134,CAMPAMENTO,EDS GASOLINERA LOS RAMIREZ,ZEUSS,CALLE EL PASO SALIDA ANORI,BIODIESEL EXTRA,8635,1,2018-05-02T00:00:00.000
76,valle del cauca,76001,SANTIAGO DE CALI,EDS PASOANCHO,TERPEL,CALLE 13 No. 80-11,GASOLINA CORRIENTE OXIGENADA,8630,1,2018-05-02T00:00:00.000
76,valle del cauca,76834,TULUA,ESSO SERVICENTRO STAMBUL,MOBIL,Carrera 40 Calle 13 Esquina,BIODIESEL EXTRA,8302,1,2018-05-02T00:00:00.000
5,antioquia,5380,LA ESTRELLA,ESTACION DE SERVICIO SIDERENSE,TERPEL,CALLE 76 SUR No. 60-51,GASOLINA CORRIENTE OXIGENADA,8809,1,2018-05-02T00:00:00.000
5,antioquia,5837,TURBO,LA MANUELA,TERPEL,Vía al Mar Currulao,GASOLINA CORRIENTE OXIGENADA,9150,1,2018-05-02T00:00:00.000
76,valle del cauca,76892,YUMBO,ESTACION DE SERVICIO TERPEL CENCAR,TERPEL,Carrera 20H No 14 B- 32,GASOLINA CORRIENTE OXIGENADA,8690,1,2018-05-02T00:00:00.000
76,valle del cauca,76111,GUADALAJARA DE BUGA,ESTACION DE SERVICIO ESSO LA REYNA,MOBIL,Calle 2 No.8-40,BIODIESEL EXTRA,8633,1,2018-05-02T00:00:00.000
5,antioquia,5045,APARTADO,ESTACION DE SERVICIO AUTOMOTRIZ LAS CHINITAS,TERPEL,CARRERA 100 KILOMETRO 1 SALIDA A TURBO,BIODIESEL EXTRA,8540,1,2018-05-02T00:00:00.000
76,valle del cauca,76111,GUADALAJARA DE BUGA,EDS GUADALAJARA,TERPEL,CARRERA 12 No. 3 SUR-61,GASOLINA CORRIENTE OXIGENADA,9150,1,2018-05-02T00:00:00.000
5,antioquia,5001,MEDELLIN,ESTACION DE SERVICIO COOTRASANA,TERPEL,CALLE 42 SUR No. 74-4,BIODIESEL EXTRA,8260,1,2018-05-02T00:00:00.000
76,valle del cauca,76001,SANTIAGO DE CALI,ESTACION DE SERVICIO SIMON BOLIVAR CON CALLE 25,TERPEL,CALLE 25 DIAGONAL G No. 65-35,GASOLINA EXTRA OXIGENADA,11400,1,2018-05-02T00:00:00.000
76,valle del cauca,76892,YUMBO,ESTACION DE SERVICIO MOBIL ARROYOHONDO,MOBIL,CALLE 15 No. 23-10,BIODIESEL EXTRA,8019,1,2018-05-02T00:00:00.000
76,valle del cauca,76130,CANDELARIA,ESTACION DE SERVICIO VILLA LAS PALMAS,MOBIL,LOTE 1 CONVENIO VILLAGORGONA,GASOLINA CORRIENTE OXIGENADA,8799,1,2018-05-02T00:00:00.000
5,antioquia,5266,ENVIGADO,ESTACION DE SERVICIO EL TRANSITO,MOBIL,CARRERA 48 No. 49 SUR-45,GASOLINA CORRIENTE OXIGENADA,8920,1,2018-05-02T00:00:00.000
5,antioquia,5138,CAÑASGORDAS,MULTISERVICIO HERSIL,ZEUSS,CARRERA 28 No. 34A-162,GASOLINA CORRIENTE OXIGENADA,9133,1,2018-05-02T00:00:00.000
5,antioquia,5001,MEDELLIN,ESTACION DE SERVICIO AUTOMOTRIZ LA MILAGROSA,TEXACO,CARRERA 30 No. 40A-84,GASOLINA EXTRA OXIGENADA,12037,1,2018-05-02T00:00:00.000
76,valle del cauca,76001,SANTIAGO DE CALI,ESTACION DE SERVICIO TERPEL LOS ALCAZARES,TERPEL,CALLE 70 No. 1A-4 Y 1A-5,GASOLINA EXTRA OXIGENADA,11060,1,2018-05-02T00:00:00.000
5,antioquia,5697,SANTUARIO,ESTACION DE SERVICIO AUTOMOTRIZ CENTRO INTEGRADO DE SERVICIOS EL VERGEL,ZEUSS,CR 43  47 17,GASOLINA EXTRA OXIGENADA,11200,1,2018-05-02T00:00:00.000
76,valle del cauca,76109,BUENAVENTURA,EDS COMBUSTIBLE MURO YUSTY SAS,PETROMIL,CALLE 3 SUR No. 8-32 BARRIO MURO YUSTY,BIODIESEL EXTRA,8900,1,2018-05-02T00:00:00.000
5,antioquia,5001,MEDELLIN,ESTACION DE SERVICIO MOBIL LA 70,MOBIL,CARRERA 70 CIRCULAR 1 -40,GASOLINA EXTRA OXIGENADA,11890,1,2018-05-02T00:00:00.000
76,valle del cauca,76109,BUENAVENTURA,ESTACION DE SERVICIO TERPEL BUENAVENTURA,TERPEL,CALLE SEXTA No. 22D-90,BIODIESEL EXTRA,8060,1,2018-05-02T00:00:00.000
5,antioquia,5761,SOPETRAN,SERVICENTRO TERPEL,TERPEL,CALLE 9 No. 13A - 14,GASOLINA CORRIENTE OXIGENADA,9230,1,2018-05-02T00:00:00.000
76,valle del cauca,76001,SANTIAGO DE CALI,ESTACION DE SERVICIO AUTOMOTRIZ LA 50,TERPEL,CARRERA 50 No. 14C-102,BIODIESEL EXTRA,8430,1,2018-05-02T00:00:00.000
76,valle del cauca,76130,CANDELARIA,ESTACION DE SERVICIO CAVASA,MOBIL,Kilometro 12 vía a Candelaria,GASOLINA CORRIENTE OXIGENADA,8823,1,2018-05-02T00:00:00.000
5,antioquia,5001,MEDELLIN,EDS ESSO AVENIDA ORIENTAL,MOBIL,CALLE 41 No. 46-11,GASOLINA EXTRA OXIGENADA,11560,1,2018-05-02T00:00:00.000
5,antioquia,5308,GIRARDOTA,ESTACION DE SERVICIO EL TRAPICHE,TEXACO,VEREDA SAN ANDRES PEAJE EL TRAPICHE,GASOLINA EXTRA OXIGENADA,11300,1,2018-05-02T00:00:00.000
76,valle del cauca,76001,SANTIAGO DE CALI,ESTACION DE SERVICIO AUTOMOTRIZ GREEN EDS PASOANCHO,MOBIL,AVENIDA PASOANCHO No. 77-25,GASOLINA EXTRA OXIGENADA,12410,1,2018-05-02T00:00:00.000
76,valle del cauca,76109,BUENAVENTURA,DISTRACOM LA PORTUARIA,MOBIL,CALLE 7 No. 19C-31 SECTOR EL TABOR,BIODIESEL EXTRA,8304,1,2018-05-02T00:00:00.000
5,antioquia,5789,TAMESIS,ESTACION CENTRAL DE SERVICIOS TERPEL TAMESIS,TERPEL,Diagonal 7 No. 15-77,GASOLINA CORRIENTE OXIGENADA,9430,1,2018-05-02T00:00:00.000
76,valle del cauca,76001,SANTIAGO DE CALI,ESTACION DE SERVICIO GREEN EDS LA 70,MOBIL,CALLE 70 No. 5-20,GASOLINA CORRIENTE OXIGENADA,8670,1,2018-05-02T00:00:00.000
76,valle del cauca,76109,BUENAVENTURA,ESTACION DE SERVICIOS AUTOMOTRICES Y LUBRICANTES VALLEJO,TEXACO,CALLE 6 28 - 76 ZONA 1,BIODIESEL EXTRA,7957,1,2018-05-02T00:00:00.000
76,valle del cauca,76520,PALMIRA,ESTACION DE SERVICIO LA COLOMBINA,TERPEL,CARRERA 15 No 28-24,BIODIESEL EXTRA,8473,1,2018-05-02T00:00:00.000
5,antioquia,5847,URRAO,ESTACION DE SERVICIO PENDERISCO,ZEUSS,CALLE 15 NO 32 - 07 SECTOR AGUSTIN URRAO,GASOLINA CORRIENTE OXIGENADA,9783,1,2018-05-02T00:00:00.000
76,valle del cauca,76109,BUENAVENTURA,EDS SERVICENTRO PASCUAL ANDAGOYA,ZEUSS,CALLE 6 No. 21C-70,GASOLINA CORRIENTE OXIGENADA,8990,1,2018-05-02T00:00:00.000
5,antioquia,5266,ENVIGADO,ESTACION DE SERVICIO EL ESCOBERO,TERPEL,Calle 37 sur No. 28 C-30,GASOLINA EXTRA OXIGENADA,11630,1,2018-05-02T00:00:00.000
5,antioquia,5040,ANORI,BOMBA DE GASOLINA LOS ANGELES,TERPEL,Carrera 35 No 26-339,BIODIESEL EXTRA,9053,1,2018-05-02T00:00:00.000
5,antioquia,5360,ITAGUI,ESTACION DE SERVICIO AUTOMOTRIZ COMBUSCOL ITAGUI,TEXACO,CARRERA 52D No. 74-79,GASOLINA CORRIENTE OXIGENADA,8960,1,2018-05-02T00:00:00.000
76,valle del cauca,76130,CANDELARIA,ZUNIGA MARTINEZ SAS,MOBIL,KILOMETRO 1.5 VIA CAVASA DE CANDELARIA,GASOLINA CORRIENTE OXIGENADA,8585,1,2018-05-02T00:00:00.000
5,antioquia,5001,MEDELLIN,ESSO INDUSTRIALES,MOBIL,CARRERA 48 No. 16A-35,GASOLINA CORRIENTE OXIGENADA,8980,1,2018-05-02T00:00:00.000
5,antioquia,5579,PUERTO BERRIO,SERVISHELL,TERPEL,CALLE 42 No. 6-28 PASO NIVEL,BIODIESEL EXTRA,8095,1,2018-05-02T00:00:00.000
5,antioquia,5001,MEDELLIN,ESTACION DE SERVICIO TERPEL CARRERA 80 - 81,TERPEL,CALLE 5 SUR No. 51-85,BIODIESEL EXTRA,8340,1,2018-05-02T00:00:00.000
76,valle del cauca,76318,GUACARI,ESTACION DE SERVICIO EL FARO GUACARI LTDA,PETROMIL,CARRETERA PANAMERICANA GUACARI A B 0-8 LA VARIANTE,GASOLINA CORRIENTE OXIGENADA,8905,1,2018-05-02T00:00:00.000
5,antioquia,5001,MEDELLIN,ZEUSS EL CAMPESTRE,ZEUSS,Carrera 43 A No.18 Sur 80,GASOLINA CORRIENTE OXIGENADA,9190,1,2018-05-02T00:00:00.000
5,antioquia,5656,SAN JERONIMO,ESTACION PREMIUM LA PLAYA SAN JERONIMO,TEXACO,BARRIO FERTIL LA PLAYA,GASOLINA EXTRA OXIGENADA,11950,1,2018-05-02T00:00:00.000
5,antioquia,5001,MEDELLIN,ESTACION DE SERVICIO DISTRACOM PARQUE NORTE,MOBIL,CARRERA 52 No. 81-30,GASOLINA CORRIENTE OXIGENADA,8950,1,2018-05-02T00:00:00.000
5,antioquia,5607,EL RETIRO,ESTACIÓN DE SERVICIOS SAN LUIS EL ESCOBERO,TEXACO,PARCELACION SAN LUIS CIUDADELA CAMPESTRE SECTOR INFERIOR ESTACION DE SERVICIO VEREDA LAS PALMAS ALTO DE SAN LUIS,BIODIESEL EXTRA,8710,1,2018-05-02T00:00:00.000
5,antioquia,5212,COPACABANA,ZEUSS NANOS,ZEUSS,CALLE 104 No. 1-401 KILOMETRO 18,BIODIESEL EXTRA,8130,1,2018-05-02T00:00:00.000
5,antioquia,5360,ITAGUI,ESTACION DE SERVICIOS LA SANTA MARIA,MOBIL,CARRERA 50A No. 38-49,GASOLINA EXTRA OXIGENADA,10000,1,2018-05-02T00:00:00.000
76,valle del cauca,76001,SANTIAGO DE CALI,ESTACION DE SERVICIO HORIZONTE SAS,TERPEL,AVENIDA 3N No. 59-46,BIODIESEL EXTRA,8130,1,2018-05-02T00:00:00.000
5,antioquia,5212,COPACABANA,ZEUSS NANOS,ZEUSS,CALLE 104 No. 1-401 KILOMETRO 18,GASOLINA EXTRA OXIGENADA,11340,1,2018-05-02T00:00:00.000
76,valle del cauca,76248,EL CERRITO,ESTACION DE SERVICIO TERPEL EL PLACER DEL VALLE,TERPEL,KIOMETRO 8 VIA PALMIRA CERRITO,GASOLINA CORRIENTE OXIGENADA,8970,1,2018-05-02T00:00:00.000
76,valle del cauca,76147,CARTAGO,ESTACION DE SERVICIO EL LLANO,MOBIL,Carrera 4 No 18 - 23,GASOLINA CORRIENTE OXIGENADA,9150,1,2018-05-02T00:00:00.000
5,antioquia,5790,TARAZA,EXPENDIO DE COMBUSTIBLE AGRANEL BARRO BLANCO  DE TARAZA,TEXACO,CARRERA 5 No. 8-9 CORREGIMIENTO BARRO BLANCO,GASOLINA CORRIENTE OXIGENADA,9708,1,2018-05-02T00:00:00.000
5,antioquia,5031,AMALFI,ESTACION DE SERVICIO AMALFI,ZEUSS,CALLE COLOMBIA No. 24-10,BIODIESEL EXTRA,8590,1,2018-05-02T00:00:00.000
5,antioquia,5266,ENVIGADO,ZEUSS OTRA PARTE,ZEUSS,TRANSVERSAL 27A SUR No. 42B-80,BIODIESEL EXTRA,8420,1,2018-05-02T00:00:00.000
5,antioquia,5837,TURBO,ESTACION DE SERVICIO AUTOMOTRIZ PALMA DE MAYORCA,PETROMIL,KILOMETRO 2 VIA TURBO - NECOCLI,GASOLINA CORRIENTE OXIGENADA,9170,1,2018-05-02T00:00:00.000
5,antioquia,5364,JARDIN,COOPERATIVA INTEGRAL DE JARDIN LTDA,TERPEL,CARRERA 7 NO. 9 - 37,GASOLINA CORRIENTE OXIGENADA,9390,1,2018-05-02T00:00:00.000
5,antioquia,5697,SANTUARIO,ESTACION DE SERVICIO EL SANTUARIO,ZEUSS,Vereda La Floresta Km 1 más 800 Autopista Medellín - Bogotá,GASOLINA CORRIENTE OXIGENADA,9010,1,2018-05-02T00:00:00.000
5,antioquia,5318,GUARNE,ESTACION DE SERVICIO TERPEL LA GAROTA,TERPEL,KILOMETRO 19 AUTOPISTA MEDELLIN BOGOTA VEREDA 25 EL ZANGO,BIODIESEL EXTRA,8130,1,2018-05-02T00:00:00.000
76,valle del cauca,76001,SANTIAGO DE CALI,GREPACOL,PETROMIL,CARRERA 25 No. 75-201,BIODIESEL EXTRA,8557,1,2018-05-02T00:00:00.000
76,valle del cauca,76892,YUMBO,LA GLORIETA,MOBIL,CALLE 15 No. 39-61,GASOLINA EXTRA OXIGENADA,10000,1,2018-05-02T00:00:00.000
5,antioquia,5615,CANON DE RIO CLARO,ESTACION DE SERVICIO INVERSIONES TUCAN ORIENTE,TERPEL,CALLE 38 NO 55 A-85,GASOLINA EXTRA OXIGENADA,11720,1,2018-05-02T00:00:00.000
5,antioquia,5313,GRANADA,ESTACION DE SERVICIOS ZEUSS GRANADA,ZEUSS,CALLE 16 No. 24-44,GASOLINA CORRIENTE OXIGENADA,9270,1,2018-05-02T00:00:00.000
5,antioquia,5088,BELLO,ESTACION DE SERVICIO MADEROS,MOBIL,Diagonal 52 No 12 - 233,GASOLINA EXTRA OXIGENADA,11350,1,2018-05-02T00:00:00.000
5,antioquia,5147,CAREPA,ESTACION DE SERVICIO SERVICENTRO LA PLAZA,PETROMIL,CALLE 72 No. 78 -93 BARRIO PUEBLO NUEVO,BIODIESEL EXTRA,8420,1,2018-05-02T00:00:00.000
5,antioquia,5660,SAN LUIS,ESTACION DE SERVICIO ESTRELLA DE BELEN,TEXACO,VEREDA CUBA (PARAJE BELEN),GASOLINA CORRIENTE OXIGENADA,9097,1,2018-05-02T00:00:00.000
76,valle del cauca,76001,SANTIAGO DE CALI,DISTRIBUIDORA  MOBIL VALLE DEL LILI LTDA,MOBIL,Calle 25 No.117-128,BIODIESEL EXTRA,8560,1,2018-05-02T00:00:00.000
5,antioquia,5360,ITAGUI,ESTACION DE SERVICIO AUTOMOTRIZ COMBUSCOL ITAGUI,TEXACO,CARRERA 52D No. 74-79,BIODIESEL EXTRA,8510,1,2018-05-02T00:00:00.000
5,antioquia,5001,MEDELLIN,ESTACION DE SERVICIO SANTA ELENA,ZEUSS,KILOMETRO 17 MAS 400 METROS VIA SANTA ELENA,BIODIESEL EXTRA,8707,1,2018-05-02T00:00:00.000
5,antioquia,5361,ITUANGO,BOMBA SANTA RITA,ZEUSS,CORREGIMIENTO SANTA RITA,GASOLINA CORRIENTE OXIGENADA,10749,1,2018-05-02T00:00:00.000
5,antioquia,5579,PUERTO BERRIO,SERVICENTRO LA GLORIETA,PETROMIL,Carrera 1 Calle 55 1-10E,GASOLINA CORRIENTE OXIGENADA,8860,1,2018-05-02T00:00:00.000
76,valle del cauca,76318,GUACARI,ESTACION DE SERVICIO MOBIL VILLA DIANA Y MOTEL DIANA,MOBIL,VARIANTE GUACARI VIA PANAMERICANA,GASOLINA CORRIENTE OXIGENADA,8869,1,2018-05-02T00:00:00.000
5,antioquia,5656,SAN JERONIMO,ESTACION PREMIUM LA PLAYA SAN JERONIMO,TEXACO,BARRIO FERTIL LA PLAYA,BIODIESEL EXTRA,8760,1,2018-05-02T00:00:00.000
5,antioquia,5615,CANON DE RIO CLARO,ESTACION DE SERVICIO JOSE MARIA CORDOVA,TERPEL,GLORIETA JMC 0.2 KIM VIA GUARNE,BIODIESEL EXTRA,8490,1,2018-05-02T00:00:00.000
5,antioquia,5266,ENVIGADO,EDS TEXACO 10 ENVIGADO,TEXACO,CALLE 33 SUR No 43-33,BIODIESEL EXTRA,8510,1,2018-05-02T00:00:00.000
5,antioquia,5001,MEDELLIN,ESTRELLA DEL SUR,TEXACO,CALLE 8 B No. 65-301,GASOLINA CORRIENTE OXIGENADA,8840,1,2018-05-02T00:00:00.000
5,antioquia,5088,BELLO,ESTACION DE SERVICIO TERPEL LA PALOMA,TERPEL,DIAGONAL 52 No.10-269,BIODIESEL EXTRA,8150,1,2018-05-02T00:00:00.000
5,antioquia,5266,ENVIGADO,ESSO ENVIGADO,MOBIL,Carrera 43 A No 30 Sur - 9,BIODIESEL EXTRA,8350,1,2018-05-02T00:00:00.000
76,valle del cauca,76248,EL CERRITO,ESTACION DE SERVICIO EL PARAISO,TERPEL,Variante Carretera Central,BIODIESEL EXTRA,8290,1,2018-05-02T00:00:00.000
76,valle del cauca,76001,SANTIAGO DE CALI,EDS TERPEL CHIPICHAPE,TERPEL,Avenida 6 N No. 37 N - 12,GASOLINA EXTRA OXIGENADA,11280,1,2018-05-02T00:00:00.000
5,antioquia,5376,LA CEJA,ESTACION DE SERVICIOS LOS CEDROS,TERPEL,Carrera 20 Calle 22-44,GASOLINA CORRIENTE OXIGENADA,9070,1,2018-05-02T00:00:00.000
76,valle del cauca,76147,CARTAGO,ESTACION DE SERVICIO EL LLANO,MOBIL,Carrera 4 No 18 - 23,GASOLINA EXTRA OXIGENADA,11790,1,2018-05-02T00:00:00.000
76,valle del cauca,76520,PALMIRA,EDS TERPEL PALMIRA,TERPEL,CALLE 42 CARRERA 43 ESQUINA,BIODIESEL EXTRA,8180,1,2018-05-02T00:00:00.000
5,antioquia,5001,MEDELLIN,ESTACION DE SERVICIO TERPEL LA RAYA,TERPEL,CARRERA 52 No. 14 SUR-04,GASOLINA CORRIENTE OXIGENADA,8610,1,2018-05-02T00:00:00.000
76,valle del cauca,76001,SANTIAGO DE CALI,DISTRIBUIDORA  MOBIL VALLE DEL LILI LTDA,MOBIL,Calle 25 No.117-128,GASOLINA CORRIENTE OXIGENADA,9160,1,2018-05-02T00:00:00.000
5,antioquia,5308,GIRARDOTA,ESTACION DE SERVICIO EL TRAPICHE,TEXACO,VEREDA SAN ANDRES PEAJE EL TRAPICHE,GASOLINA CORRIENTE OXIGENADA,8959,1,2018-05-02T00:00:00.000
76,valle del cauca,76892,YUMBO,EDS TERPEL MENGA,TERPEL,CALLE 10 No. 36 A - 160,GASOLINA CORRIENTE OXIGENADA,8590,1,2018-05-02T00:00:00.000
5,antioquia,5579,PUERTO BERRIO,SERVISHELL,TERPEL,CALLE 42 No. 6-28 PASO NIVEL,GASOLINA EXTRA OXIGENADA,11347,1,2018-05-02T00:00:00.000
76,valle del cauca,76892,YUMBO,EDS TERPEL MENGA,TERPEL,CALLE 10 No. 36 A - 160,BIODIESEL EXTRA,8310,1,2018-05-02T00:00:00.000
5,antioquia,5615,CANON DE RIO CLARO,ESTACION DE SERVICIO TERPEL TRANVIA,TERPEL,CARRERA 39A No. 62-30,BIODIESEL EXTRA,8450,1,2018-05-02T00:00:00.000
76,valle del cauca,76109,BUENAVENTURA,ESTACION DE SERVICIO DISTRACOM EL VELERO,TEXACO,CALLE 19 No. 68-145,GASOLINA CORRIENTE OXIGENADA,8900,1,2018-05-02T00:00:00.000
5,antioquia,5376,LA CEJA,ESTACION DE SERVICIOS LOS CRISTALES,TERPEL,CALLE 19 CARRERA 13B  - 251,GASOLINA CORRIENTE OXIGENADA,9070,1,2018-05-02T00:00:00.000
5,antioquia,5250,EL BAGRE,EDS EL PARIE,TEXACO,CARRERA 49 No. 57A-33,BIODIESEL EXTRA,8940,1,2018-05-02T00:00:00.000
76,valle del cauca,76001,SANTIAGO DE CALI,SERVICENTRO ESSO SANTA MONICA,MOBIL,AVENIDA 6N No. 22-61,GASOLINA EXTRA OXIGENADA,11990,1,2018-05-02T00:00:00.000
76,valle del cauca,76892,YUMBO,ESTACION DE SERVICIO SERVICENTRO MENGA SA,MOBIL,Calle 10 No.38-110,GASOLINA EXTRA OXIGENADA,11610,1,2018-05-02T00:00:00.000
76,valle del cauca,76001,SANTIAGO DE CALI,EDS EL CANEY SAS,TERPEL,CARRERA 83C No. 25-15,BIODIESEL EXTRA,8480,1,2018-05-02T00:00:00.000
76,valle del cauca,76892,YUMBO,GREEN EDS PANORAMA,MOBIL,CALLE 15 No. 35-390 KILOMETRO VIA YUMBO,BIODIESEL EXTRA,8380,1,2018-05-02T00:00:00.000
5,antioquia,5001,MEDELLIN,ESTACION DE GASOLINA CRIVASI ESSO EL BOSQUE,MOBIL,Carrera 52 No. 78-20,GASOLINA EXTRA OXIGENADA,11965,1,2018-05-02T00:00:00.000
76,valle del cauca,76520,PALMIRA,EDS TERPEL SAN AGUSTIN,TERPEL,VIA RECTA CALI-PALMIRA KILOMETRO 12 CORREGIMIENTO PALMASECA,GASOLINA EXTRA OXIGENADA,11210,1,2018-05-02T00:00:00.000
5,antioquia,5360,ITAGUI,EDS ALPUJARRA 87,BIOMAX,CARRERA 42 No. 24-96 INTERIOR 180,GASOLINA CORRIENTE OXIGENADA,8374,1,2018-05-02T00:00:00.000
5,antioquia,5212,COPACABANA,ESTACION DE SERVICIO COPACABANA,ZEUSS,Calle 50 No 59 - 02,GASOLINA EXTRA OXIGENADA,11400,1,2018-05-02T00:00:00.000
76,valle del cauca,76001,SANTIAGO DE CALI,ESTACION DE SERVICIO COMBUSCOL CENTRALIA,TEXACO,CALLE 31N No. 2N-10,BIODIESEL EXTRA,8530,1,2018-05-02T00:00:00.000
5,antioquia,5142,CARACOLI,ESTACIÓN DE SERVICIO EL MIRADOR DE CARACOLI,ZEUSS,CI PASO A NIVEL 111,GASOLINA CORRIENTE OXIGENADA,9366,1,2018-05-02T00:00:00.000
5,antioquia,5001,MEDELLIN,ESTACION DE SERVICIO LOS MANGOS,MOBIL,CARRERA 64C No. 72-107,GASOLINA EXTRA OXIGENADA,11990,1,2018-05-02T00:00:00.000
76,valle del cauca,76001,SANTIAGO DE CALI,ESTACION DE SERVICIO AUTOMOTRIZ TERPEL LA 26,TERPEL,CARRERA 11B # 26 - 09,BIODIESEL EXTRA,8250,1,2018-05-02T00:00:00.000
5,antioquia,5001,MEDELLIN,EDS ESSO AVENIDA ORIENTAL,MOBIL,CALLE 41 No. 46-11,BIODIESEL EXTRA,8450,1,2018-05-02T00:00:00.000
5,antioquia,5001,MEDELLIN,ESTACION DE SERVICIO TERPEL LA MOTA,TERPEL,CALLE 2A No. 75B-25,GASOLINA CORRIENTE OXIGENADA,8600,1,2018-05-02T00:00:00.000
5,antioquia,5440,MARINILLA,ESTACION DE SERVICIO CIUDADELA,TERPEL,CALLE 22 CARRERA 51-53,GASOLINA CORRIENTE OXIGENADA,9090,1,2018-05-02T00:00:00.000
76,valle del cauca,76520,PALMIRA,ESTACION DE SERVICIO MULTISERVICIOS CAMIONEROS S.A.,MOBIL,CARRERA 28 No. 66-120,BIODIESEL EXTRA,8502,1,2018-05-02T00:00:00.000
76,valle del cauca,76520,PALMIRA,EDS BARRIO NUEVO,TERPEL,CARRERA 32 No. 23-05,GASOLINA CORRIENTE OXIGENADA,8993,1,2018-05-02T00:00:00.000
5,antioquia,5667,SAN RAFAEL,DISTRIBUIDORA DE COMBUSTIBLES RAMIRO,TERPEL,CALLE 18 No. 28 - 241,BIODIESEL EXTRA,8820,1,2018-05-02T00:00:00.000
76,valle del cauca,76670,SAN PEDRO,ESTACION DE SERVICIO TERPEL EL RECREO,TERPEL,SECTOR EL RECREO LOTE A CRR DE GUAYABAL JURISDICCION DE SAN PEDRO,GASOLINA CORRIENTE OXIGENADA,8790,1,2018-05-02T00:00:00.000
5,antioquia,5001,MEDELLIN,EDS CENTRO AUTOMOTRIZ,TERPEL,CARRERA 43B No. 19A-61,GASOLINA CORRIENTE OXIGENADA,11070,1,2018-05-02T00:00:00.000
76,valle del cauca,76111,GUADALAJARA DE BUGA,ESTACION DE SERVICIO PRESIDENTE,TERPEL,SD A TULUA KILOMETRO 3 - GUADALAJARA DE BUGA,GASOLINA CORRIENTE OXIGENADA,8790,1,2018-05-02T00:00:00.000
76,valle del cauca,76892,YUMBO,GREEN EDS PANORAMA,MOBIL,CALLE 15 No. 35-390 KILOMETRO VIA YUMBO,GASOLINA CORRIENTE OXIGENADA,8790,1,2018-05-02T00:00:00.000
76,valle del cauca,76001,SANTIAGO DE CALI,EDS EL SAMAN,MOBIL,TRANSVERSAL 25 No. 25-10,GASOLINA CORRIENTE OXIGENADA,8890,1,2018-05-02T00:00:00.000
5,antioquia,5212,COPACABANA,ESTACION DE SERVICIO AUTOMOTRIZ SERVICENTRO LA MILAGROSA COPACABANA,MOBIL,Carrera 48 No.52-09,BIODIESEL EXTRA,8542,1,2018-05-02T00:00:00.000
76,valle del cauca,76147,CARTAGO,SERVICIO GRAJALES,MOBIL,Calle 10 No. 9-04,GASOLINA CORRIENTE OXIGENADA,9140,1,2018-05-02T00:00:00.000
76,valle del cauca,76109,BUENAVENTURA,ESTACION DE SERVICIO TERPEL BUENAVENTURA,TERPEL,CALLE SEXTA No. 22D-90,GASOLINA CORRIENTE OXIGENADA,8900,1,2018-05-02T00:00:00.000
76,valle del cauca,76892,YUMBO,ESTACION DE SERVICIO ARROYOHONDO,TEXACO,CALLE 10 No. 22 A - 296,GASOLINA EXTRA OXIGENADA,11450,1,2018-05-02T00:00:00.000
5,antioquia,5310,GOMEZ PLATA,ESTACION DE SERVICIO EL POMO,ZEUSS,VEREDA LA RAMADA,GASOLINA CORRIENTE OXIGENADA,8914,1,2018-05-02T00:00:00.000
5,antioquia,5266,ENVIGADO,ESTACION DE SERVICIO EL TRANSITO,MOBIL,CARRERA 48 No. 49 SUR-45,GASOLINA EXTRA OXIGENADA,11940,1,2018-05-02T00:00:00.000
5,antioquia,5129,CALDAS,SERVICENTRO CALDAS,TERPEL,CARRERA 50 No. 122 SUR-76,BIODIESEL EXTRA,8340,1,2018-05-02T00:00:00.000
5,antioquia,5649,SAN CARLOS,ESTACION DE SERVICIO DE GASOLINA SAN CARLOS,ZEUSS,SALIDA A GRANADA CALLE 19,BIODIESEL EXTRA,8838,1,2018-05-02T00:00:00.000
76,valle del cauca,76001,SANTIAGO DE CALI,ESTACION DE SERVICIO AUTOMOTRIZ GREEN EDS PASOANCHO,MOBIL,AVENIDA PASOANCHO No. 77-25,BIODIESEL EXTRA,8580,1,2018-05-02T00:00:00.000
5,antioquia,5088,BELLO,ESTACION DE SERVICIO AUTOMOTRIZ EDS ESSO BELLO MADERA,MOBIL,CARRERA 50 No. 25B-15,GASOLINA CORRIENTE OXIGENADA,8600,1,2018-05-02T00:00:00.000
5,antioquia,5615,CANON DE RIO CLARO,ESTACION DE SERVICIO TERPEL TRANVIA,TERPEL,CARRERA 39A No. 62-30,GASOLINA CORRIENTE OXIGENADA,9090,1,2018-05-02T00:00:00.000
76,valle del cauca,76001,SANTIAGO DE CALI,OPECOM EDS LA RIVERA,TERPEL,CALLE 70  No. 4-51,GASOLINA EXTRA OXIGENADA,10980,1,2018-05-02T00:00:00.000
5,antioquia,5579,PUERTO BERRIO,SERVICENTRO LA GLORIETA,PETROMIL,Carrera 1 Calle 55 1-10E,BIODIESEL EXTRA,8260,1,2018-05-02T00:00:00.000
5,antioquia,5001,MEDELLIN,ESTACION DE SERVICIO JARDIN,ZEUSS,Carrera 51 No.73-20 San Pedro,GASOLINA CORRIENTE OXIGENADA,8990,1,2018-05-02T00:00:00.000
76,valle del cauca,76520,PALMIRA,ESTACION DE SERVICIO LA COLOMBINA,TERPEL,CARRERA 15 No 28-24,GASOLINA CORRIENTE OXIGENADA,9112,1,2018-05-02T00:00:00.000
5,antioquia,5172,CHIGORODO,ESTACION LA EUGENIA,TERPEL,CARRERA 100 No. 96-09,BIODIESEL EXTRA,8530,1,2018-05-02T00:00:00.000
76,valle del cauca,76001,SANTIAGO DE CALI,ESTACION DE SERVICIO SERVICENTRO GORDITO,TERPEL,CARRERA 23  41 59,BIODIESEL EXTRA,8290,1,2018-05-02T00:00:00.000
5,antioquia,5129,CALDAS,ESTACION DE SERVICIOS LA MIEL,MOBIL,Carrera 45 No 125 sur - 201,GASOLINA CORRIENTE OXIGENADA,8698,1,2018-05-02T00:00:00.000
76,valle del cauca,76001,SANTIAGO DE CALI,UNIMETRO SA,TERPEL,CARRERA 26G No. 85-15,BIODIESEL EXTRA,7525,1,2018-05-02T00:00:00.000
5,antioquia,5138,CAÑASGORDAS,MULTISERVICIO HERSIL,ZEUSS,CARRERA 28 No. 34A-162,BIODIESEL EXTRA,8327,1,2018-05-02T00:00:00.000
5,antioquia,5579,PUERTO BERRIO,SERVICENTRO MARGARITA,BIOMAX,Vereda la Margarita¸,BIODIESEL EXTRA,8090,1,2018-05-02T00:00:00.000
5,antioquia,5001,MEDELLIN,ESTACION DE SERVICIO MOBIL LA 70,MOBIL,CARRERA 70 CIRCULAR 1 -40,BIODIESEL EXTRA,8480,1,2018-05-02T00:00:00.000
76,valle del cauca,76001,SANTIAGO DE CALI,OPECOM EDS LA RIVERA,TERPEL,CALLE 70  No. 4-51,GASOLINA CORRIENTE OXIGENADA,8600,1,2018-05-02T00:00:00.000
76,valle del cauca,76318,GUACARI,ESTACION DE SERVICIO MOBIL VILLA DIANA Y MOTEL DIANA,MOBIL,VARIANTE GUACARI VIA PANAMERICANA,BIODIESEL EXTRA,8084,1,2018-05-02T00:00:00.000
5,antioquia,5001,MEDELLIN,ESTACION DE TERPEL SERVICIO TERPEL LA AMERICA,TERPEL,CALLE 44 No. 86A-55,BIODIESEL EXTRA,8430,1,2018-05-02T00:00:00.000
76,valle del cauca,76100,BOLIVAR,ESTACION DE SERVICIO LA TULIA,PETROMIL,DIAGONAL 4 No. 4-231 LA TULIA,BIODIESEL EXTRA,8771,1,2018-05-02T00:00:00.000
76,valle del cauca,76892,YUMBO,ESTACION DE SERVICIO TERMINAL LOGISTICO,MOBIL,LOTE 1 KILOMETRO 6 VIA CALI - YUMBO,BIODIESEL EXTRA,8310,1,2018-05-02T00:00:00.000
5,antioquia,5001,MEDELLIN,ESTACION DE SERVICIO AUTOMOTRIZ TERPEL EL TESORO,TERPEL,Carrera 25 Nro 1 sur 69,GASOLINA EXTRA OXIGENADA,11070,1,2018-05-02T00:00:00.000
76,valle del cauca,76130,CANDELARIA,ESTACION DE SERVICIO VILLA LAS PALMAS,MOBIL,LOTE 1 CONVENIO VILLAGORGONA,BIODIESEL EXTRA,8177,1,2018-05-02T00:00:00.000
76,valle del cauca,76001,SANTIAGO DE CALI,ESTACION DE SERVICIO TERPEL CARRERA 8A,TERPEL,CALLE 33 No. 7-14,GASOLINA CORRIENTE OXIGENADA,8660,1,2018-05-02T00:00:00.000
5,antioquia,5148,EL CARMEN DE VIBORAL,ESTACION DE SERVICIOS QUIRAMA,TERPEL,VIA LA CEJA - RIONEGRO KILOMETRO 11,GASOLINA CORRIENTE OXIGENADA,9050,1,2018-05-02T00:00:00.000
76,valle del cauca,76001,SANTIAGO DE CALI,ESTACION DE SERVICIOS LOS CERROS,MOBIL,CALLE 1 No. 69-43,GASOLINA CORRIENTE OXIGENADA,9152,1,2018-05-02T00:00:00.000
5,antioquia,5001,MEDELLIN,ESSO REGIONAL,MOBIL,CARRERA 48 No. 20-115,GASOLINA EXTRA OXIGENADA,11980,1,2018-05-02T00:00:00.000
76,valle del cauca,76001,SANTIAGO DE CALI,ESTACION DE SERVICIOS TERPEL LA UNION,TERPEL,Calle 36 No. 42-03,GASOLINA CORRIENTE OXIGENADA,9050,1,2018-05-02T00:00:00.000
5,antioquia,5001,MEDELLIN,ESTACION DE SERVICIO JARDIN,ZEUSS,Carrera 51 No.73-20 San Pedro,GASOLINA EXTRA OXIGENADA,10500,1,2018-05-02T00:00:00.000
5,antioquia,5250,EL BAGRE,GASOLINERA LA ORQUIDEA,ZEUSS,CORREGIMIENTO DE PUERTO LOPEZ,BIODIESEL EXTRA,8650,1,2018-05-02T00:00:00.000
76,valle del cauca,76001,SANTIAGO DE CALI,ESTACION DE SERVICIO SERVIEXPRESS,BIOMAX,CARRERA 5 60 235,BIODIESEL EXTRA,8230,1,2018-05-02T00:00:00.000
5,antioquia,5197,COCORNA,ESTACION DE SERVICIO AUTOMOTRIZ EL MOTORISTA,ZEUSS,KM. 84 AUTOPISTA MEDELLIN- BOGOTA VEREDA LA PIÑUELA,BIODIESEL EXTRA,8347,1,2018-05-02T00:00:00.000
5,antioquia,5360,ITAGUI,ESTACION DE SERVICIO TEXACO FLA,TEXACO,CARRERA 50C No. 12 SUR - 4,GASOLINA CORRIENTE OXIGENADA,8790,1,2018-05-02T00:00:00.000
76,valle del cauca,76109,BUENAVENTURA,ESTACION DE SERVICIO DISTRACOM EL VELERO,TEXACO,CALLE 19 No. 68-145,BIODIESEL EXTRA,8218,1,2018-05-02T00:00:00.000
76,valle del cauca,76147,CARTAGO,ESTACION DE SERVICIO EL LLANO,MOBIL,Carrera 4 No 18 - 23,BIODIESEL EXTRA,8580,1,2018-05-02T00:00:00.000
5,antioquia,5001,MEDELLIN,ESTACION DE SERVICIO JARDIN,ZEUSS,Carrera 51 No.73-20 San Pedro,BIODIESEL EXTRA,8550,1,2018-05-02T00:00:00.000
5,antioquia,5376,LA CEJA,ESTACION DE SERVICIO EL ENCIERRO,TERPEL,PR INICIAL K 4 MAS 186 MARGEN IZQUIERDA DE LA VIA LA CEJA-RIONEGRO RUTA 56AN03,BIODIESEL EXTRA,8590,1,2018-05-02T00:00:00.000
5,antioquia,5147,CAREPA,ESTACION DE SERVICIO SERVICENTRO LA PLAZA,PETROMIL,CALLE 72 No. 78 -93 BARRIO PUEBLO NUEVO,GASOLINA EXTRA OXIGENADA,11700,1,2018-05-02T00:00:00.000
5,antioquia,5376,LA CEJA,ESTACION DE SERVICIOS LOS CRISTALES,TERPEL,CALLE 19 CARRERA 13B  - 251,GASOLINA EXTRA OXIGENADA,11430,1,2018-05-02T00:00:00.000
5,antioquia,5790,TARAZA,ESTACION DE SERVICIO AC TARAZA,ZEUSS,KILOMETRO 4 VIA MEDELLIN PREDIO LA CHIMBITA,GASOLINA CORRIENTE OXIGENADA,9094,1,2018-05-02T00:00:00.000
76,valle del cauca,76001,SANTIAGO DE CALI,ESTESTACION DE SERVICIO AUTOMOTRIZ COMBUSCOL PLAZA DE TOROS,TEXACO,cll 5 n° 55-00,BIODIESEL EXTRA,8580,1,2018-05-02T00:00:00.000
76,valle del cauca,76109,BUENAVENTURA,SERVICENTRO CALIMAR,MOBIL,CALLE 6 No. 19B-60,BIODIESEL EXTRA,8304,1,2018-05-02T00:00:00.000
76,valle del cauca,76001,SANTIAGO DE CALI,EDS TERPEL CHIPICHAPE,TERPEL,Avenida 6 N No. 37 N - 12,BIODIESEL EXTRA,8390,1,2018-05-02T00:00:00.000
5,antioquia,5001,MEDELLIN,SERVICENTRO HL LA CLARET,ZEUSS,TRANSVERSAL 51A No. 67B-59,GASOLINA CORRIENTE OXIGENADA,8770,1,2018-05-02T00:00:00.000
5,antioquia,5001,MEDELLIN,ESTACION DE SERVICIO COLIBRI SAS,MOBIL,CALLE 36 No. 53-67,GASOLINA CORRIENTE OXIGENADA,8650,1,2018-05-02T00:00:00.000
5,antioquia,5091,BETANIA,SERVICENTRO GIRORU,TERPEL,CALLE 20 No. 17¿24,BIODIESEL EXTRA,8830,1,2018-05-02T00:00:00.000
5,antioquia,5001,MEDELLIN,ESTACION DE SERVICIO EXPOSICIONES,TERPEL,CRA 54 No 35 - 35,GASOLINA EXTRA OXIGENADA,11070,1,2018-05-02T00:00:00.000
76,valle del cauca,76001,SANTIAGO DE CALI,ESTACION DE SERVICIO COMBUSCOL LA PRIMERA,TEXACO,CARRERA 1 No. 39-30,BIODIESEL EXTRA,8570,1,2018-05-02T00:00:00.000
5,antioquia,5887,YARUMAL,BOMBA LA ESTACION,TERPEL,TRONCAL NORTE VIA A AL COSTA SECTOR LA ESTACION,BIODIESEL EXTRA,8448,1,2018-05-02T00:00:00.000
76,valle del cauca,76520,PALMIRA,EDS TERPEL SAN AGUSTIN,TERPEL,VIA RECTA CALI-PALMIRA KILOMETRO 12 CORREGIMIENTO PALMASECA,GASOLINA CORRIENTE OXIGENADA,8690,1,2018-05-02T00:00:00.000
5,antioquia,5660,SAN LUIS,ESTACION DE SERVICIO ESTRELLA DE BELEN,TEXACO,VEREDA CUBA (PARAJE BELEN),BIODIESEL EXTRA,8389,1,2018-05-02T00:00:00.000
76,valle del cauca,76001,SANTIAGO DE CALI,ESTACION DE SERVICIO SERVITECA LA 44,BIOMAX,CARRERA 44 No. 16-05,GASOLINA EXTRA OXIGENADA,11670,1,2018-05-02T00:00:00.000
76,valle del cauca,76892,YUMBO,ESTACION DE SERVICIO TERMINAL LOGISTICO,MOBIL,LOTE 1 KILOMETRO 6 VIA CALI - YUMBO,GASOLINA CORRIENTE OXIGENADA,8790,1,2018-05-02T00:00:00.000
76,valle del cauca,76001,SANTIAGO DE CALI,ESTACION DE SERVICIOS LAS CEIBAS CALI SAS,PETROMIL,Calle 70 No. 11-124,GASOLINA EXTRA OXIGENADA,11620,1,2018-05-02T00:00:00.000
76,valle del cauca,76122,CAICEDONIA,ESTACION DE SERVICIO EL CINCEL,TERPEL,Calle 13 No 16 -31,BIODIESEL EXTRA,8830,1,2018-05-02T00:00:00.000
76,valle del cauca,76109,BUENAVENTURA,ESTACION DE SERVICIO DISTRACOM BONAIRE,TEXACO,DIAGONAL 20 No. 60-67,GASOLINA CORRIENTE OXIGENADA,8900,1,2018-05-02T00:00:00.000
5,antioquia,5360,ITAGUI,EDS  TERPEL LA CEIBA,TERPEL,CALLE 31 No. 50A-32,GASOLINA EXTRA OXIGENADA,11070,1,2018-05-02T00:00:00.000
5,antioquia,5318,GUARNE,ESTACION DE SERVICIO AUTOMOTRIZ EL GRAN CHAPARRAL,TERPEL,AUTOPISTA MEDELLIN - BOGOTA KILOMETRO 30,GASOLINA CORRIENTE OXIGENADA,8800,1,2018-05-02T00:00:00.000
5,antioquia,5045,APARTADO,ESTACION DE SERVICIO SOLMARAL,TERPEL,CARRERA 100 No. 104 C - 62   66,GASOLINA EXTRA OXIGENADA,11845,1,2018-05-02T00:00:00.000
76,valle del cauca,76001,SANTIAGO DE CALI,ESTACION DE SERVICIO TERPEL TERMINAL CALI,TERPEL,CALLE 30 N No. 2 B - 140  160,BIODIESEL EXTRA,8220,1,2018-05-02T00:00:00.000
5,antioquia,5360,ITAGUI,ESTACION DE SERVICIOS LA SANTA MARIA,MOBIL,CARRERA 50A No. 38-49,BIODIESEL EXTRA,8350,1,2018-05-02T00:00:00.000
76,valle del cauca,76520,PALMIRA,CERON ZAPATA Y CIA LTDA,MOBIL,Calle 42 No 31 - 71,BIODIESEL EXTRA,8950,1,2018-05-02T00:00:00.000
5,antioquia,5819,TOLEDO,ESTACION DE SERVICIO LOS TAHAMIES,ZEUSS,VEREDA LA MATANZA,BIODIESEL EXTRA,8790,1,2018-05-02T00:00:00.000
76,valle del cauca,76248,EL CERRITO,ESTACION DE SERVICIO EL PARAISO,TERPEL,Variante Carretera Central,GASOLINA CORRIENTE OXIGENADA,8990,1,2018-05-02T00:00:00.000
76,valle del cauca,76001,SANTIAGO DE CALI,SERVICENTRO ESSO #10 EL TRONCAL,MOBIL,CRA 8 no 35-55 SERVICENTRO ESSO,BIODIESEL EXTRA,8416,1,2018-05-02T00:00:00.000
5,antioquia,5038,ANGOSTURA,ESTACION DE SERVICIO INVERSIONES LA LETICIA,ZEUSS,CORREGIMIENTO LLANOS DE CUIVA,BIODIESEL EXTRA,8249,1,2018-05-02T00:00:00.000
5,antioquia,5649,SAN CARLOS,ESTACION DE SERVICIO DE GASOLINA SAN CARLOS,ZEUSS,SALIDA A GRANADA CALLE 19,GASOLINA CORRIENTE OXIGENADA,9435,1,2018-05-02T00:00:00.000
5,antioquia,5895,ZARAGOZA,ESTACION EL CARMEN ZARAGOZA,TERPEL,Vereda Quebradona,GASOLINA CORRIENTE OXIGENADA,8850,1,2018-05-02T00:00:00.000
5,antioquia,5686,SANTA ROSA DE OSOS,ESTACION DE SERVICIO BRISAS DEL NORTE EN SANTA ROSA DE OSOS,TERPEL,KILOMETRO 72 VIA YARUMAL VEREDA LA CIRCASIA,GASOLINA CORRIENTE OXIGENADA,9070,1,2018-05-02T00:00:00.000
5,antioquia,5615,CANON DE RIO CLARO,ESTACION DE SERVICIO INVERSIONES TUCAN ORIENTE,TERPEL,CALLE 38 NO 55 A-85,BIODIESEL EXTRA,8470,1,2018-05-02T00:00:00.000
76,valle del cauca,76364,JAMUNDI,EDS TERPEL BONANZA,TERPEL,CALLE 11A N° 52 SUR-40 VIA PANAMERICANA,GASOLINA CORRIENTE OXIGENADA,8900,1,2018-05-02T00:00:00.000
76,valle del cauca,76400,LA UNION,GASOLINERA LAS LAJAS,BIOMAX,CALLE 14 No. 8-49,BIODIESEL EXTRA,8220,1,2018-05-02T00:00:00.000
5,antioquia,5001,MEDELLIN,ESTACION DE SERVICIO INVERSIONES GR SAS,ZEUSS,Carrera 28 No. 59 -7,BIODIESEL EXTRA,8417,1,2018-05-02T00:00:00.000
5,antioquia,5318,GUARNE,ESTACION DE SERVICIO AUTOMOTRIZ EL GRAN CHAPARRAL,TERPEL,AUTOPISTA MEDELLIN - BOGOTA KILOMETRO 30,BIODIESEL EXTRA,8140,1,2018-05-02T00:00:00.000
76,valle del cauca,76001,SANTIAGO DE CALI,ESTACION DE SERVICIO AUTOMOTRIZ COMBUSCOL SAN FERNANDO,TEXACO,Calle 5 Nro. 25 - 20,GASOLINA CORRIENTE OXIGENADA,9090,1,2018-05-02T00:00:00.000
76,valle del cauca,76147,CARTAGO,ESTACION DE SERVICIO POPULAR SA,MOBIL,Carrera 9 No. 9-23,BIODIESEL EXTRA,9139,1,2018-05-02T00:00:00.000
76,valle del cauca,76130,CANDELARIA,ESTACION DE SERVICIO VILLAGORGONA,TERPEL,CARRERA 1 CALLE 6,GASOLINA CORRIENTE OXIGENADA,8710,1,2018-05-02T00:00:00.000
5,antioquia,5042,SANTA FE DE ANTIOQUIA,ESTACION DE SERVICIO TERPEL SANTA FE DE ANTIOQUIA,TERPEL,PARAJE EL PASO REAL SANTAFE DE ANTIOQUIA,BIODIESEL EXTRA,8450,1,2018-05-02T00:00:00.000
76,valle del cauca,76001,SANTIAGO DE CALI,ESTACION DE SERVICIO TERPEL QUINTA NORTE,TERPEL,CARRERA 5N No. 48-39 Y 48N-27,BIODIESEL EXTRA,8340,1,2018-05-02T00:00:00.000
76,valle del cauca,76001,SANTIAGO DE CALI,ESTACION DE SERVICIO COMBUSCOL LA PRIMERA,TEXACO,CARRERA 1 No. 39-30,GASOLINA EXTRA OXIGENADA,11990,1,2018-05-02T00:00:00.000
5,antioquia,5045,APARTADO,ESTACION DE SERVICIO SOLMARAL,TERPEL,CARRERA 100 No. 104 C - 62   66,BIODIESEL EXTRA,8583,1,2018-05-02T00:00:00.000
76,valle del cauca,76109,BUENAVENTURA,COMBUSTIBLES DEL PACIFICO,PETROMIL,KILOMETRO 17 CARRETERA CABAL POMBO,BIODIESEL EXTRA,8990,1,2018-05-02T00:00:00.000
5,antioquia,5686,SANTA ROSA DE OSOS,ESTACION DEL RIO,ZEUSS,AVENIDA 38 No. 27-449,BIODIESEL EXTRA,8465,1,2018-05-02T00:00:00.000
76,valle del cauca,76892,YUMBO,ESTACION DE SERVICIO TEXACO 30 YUMBO,TEXACO,CALLE 15 No. 11F-147,GASOLINA CORRIENTE OXIGENADA,8690,1,2018-05-02T00:00:00.000
76,valle del cauca,76126,CALIMA (DARIEN),ESTACION DE SERVICIO CENTRO DE SERVICIOS LA FONTANA SAS,PETROMIL,CARRERA 7 CALLE 17 ESQUINA,BIODIESEL EXTRA,8400,1,2018-05-02T00:00:00.000
5,antioquia,5607,EL RETIRO,ESTACION TEXACO CALIFORNIA,TEXACO,KILOMETRO 0 MAS 40 DON DIEGO,GASOLINA CORRIENTE OXIGENADA,9170,1,2018-05-02T00:00:00.000
76,valle del cauca,76001,SANTIAGO DE CALI,EDS PORVENIR AV SIMON BOLIVAR,MOBIL,CALLE 36 No. 39 A - 66,GASOLINA CORRIENTE OXIGENADA,8750,1,2018-05-02T00:00:00.000
76,valle del cauca,76036,ANDALUCIA,ESTACION LOS ALPES SA,MOBIL,CARRETERA CENTRAL VIA TULUA - ANDALUCIA KILOMETRO 4,BIODIESEL EXTRA,8050,1,2018-05-02T00:00:00.000
5,antioquia,5368,JERICO,EDS PUENTE IGLESIAS,TEXACO,VEREDA PUENTE IGLESIAS,GASOLINA CORRIENTE OXIGENADA,9428,1,2018-05-02T00:00:00.000
76,valle del cauca,76109,BUENAVENTURA,ESTACION DE SERVICIO DISTRACOM BONAIRE,TEXACO,DIAGONAL 20 No. 60-67,BIODIESEL EXTRA,8218,1,2018-05-02T00:00:00.000
5,antioquia,5001,MEDELLIN,ESSO INDUSTRIALES,MOBIL,CARRERA 48 No. 16A-35,BIODIESEL EXTRA,8560,1,2018-05-02T00:00:00.000
5,antioquia,5001,MEDELLIN,BREASCOL EDS TERPEL TERMINAL,TERPEL,CARRERA 64A No 78 - 55,BIODIESEL EXTRA,8450,1,2018-05-02T00:00:00.000
5,antioquia,5212,COPACABANA,ESTACION MOBIL TOLU,MOBIL,CALLE 59 No. 23A-195 AUTOPISTA NORTE,GASOLINA EXTRA OXIGENADA,12385,1,2018-05-02T00:00:00.000
76,valle del cauca,76001,SANTIAGO DE CALI,ESTACION DE SERVICIO TERPEL QUINTA NORTE,TERPEL,CARRERA 5N No. 48-39 Y 48N-27,GASOLINA EXTRA OXIGENADA,11230,1,2018-05-02T00:00:00.000
5,antioquia,5266,ENVIGADO,ESTACION DE SERVICIOS PREMIUM LA SEBASTIANA,TEXACO,CARRERA 27 No. 36 SUR-199,BIODIESEL EXTRA,8680,1,2018-05-02T00:00:00.000
76,valle del cauca,76109,BUENAVENTURA,ESTACION DE SERVICIOS EL OASIS II SAS,MOBIL,CALLE 19 No 80 A - 97,GASOLINA CORRIENTE OXIGENADA,8800,1,2018-05-02T00:00:00.000
76,valle del cauca,76520,PALMIRA,ESTACION DE SERVICIO COODETRANS LA MARIA,TERPEL,CRA 32 No. 19-72,BIODIESEL EXTRA,8340,1,2018-05-02T00:00:00.000
76,valle del cauca,76001,SANTIAGO DE CALI,ESTACION DE SERVICIO SERVICENTRO GORDITO,TERPEL,CARRERA 23  41 59,GASOLINA CORRIENTE OXIGENADA,8887,1,2018-05-02T00:00:00.000
76,valle del cauca,76892,YUMBO,ESTACION DE SERVICIO MOBIL ARROYOHONDO,MOBIL,CALLE 15 No. 23-10,GASOLINA CORRIENTE OXIGENADA,9069,1,2018-05-02T00:00:00.000
5,antioquia,5690,SANTO DOMINGO,ESTACION DE SERVICIO GASOLINERA SOFIA No1,TERPEL,VEREDA LA ESPERANZA  PARAJE SOFIA,BIODIESEL EXTRA,8600,1,2018-05-02T00:00:00.000
5,antioquia,5591,PUERTO TRIUNFO,ESTACION DE SERVICIO PUERTO TRIUNFO,TERPEL,VEREDA SANTIAGO BERRIO,GASOLINA CORRIENTE OXIGENADA,9038,1,2018-05-02T00:00:00.000
5,antioquia,5679,SANTA BARBARA,BOMBA TERPEL LOS ALMENDROS,TERPEL,Troncal principal 15 22,GASOLINA CORRIENTE OXIGENADA,9050,1,2018-05-02T00:00:00.000
76,valle del cauca,76001,SANTIAGO DE CALI,ESTACION DE SERVICIO HORIZONTE SAS,TERPEL,AVENIDA 3N No. 59-46,GASOLINA CORRIENTE OXIGENADA,8590,1,2018-05-02T00:00:00.000
5,antioquia,5318,GUARNE,ESTACION DE SERVICIO TEXACO VIRGEN DE LA SIERRA,TEXACO,AUTOPISTA MEDELLIN BOGOTA KILOMETRO 16 MAS 800,GASOLINA EXTRA OXIGENADA,11290,1,2018-05-02T00:00:00.000
5,antioquia,5001,MEDELLIN,EDS ESSO SANTA MARTA,MOBIL,Calle 45A No 60 - 13,BIODIESEL EXTRA,8450,1,2018-05-02T00:00:00.000
5,antioquia,5266,ENVIGADO,ESTACION DE SERVICIO EL ESCOBERO,TERPEL,Calle 37 sur No. 28 C-30,BIODIESEL EXTRA,8590,1,2018-05-02T00:00:00.000
5,antioquia,5001,MEDELLIN,ESTACION DE TERPEL SERVICIO TERPEL LA AMERICA,TERPEL,CALLE 44 No. 86A-55,GASOLINA CORRIENTE OXIGENADA,8670,1,2018-05-02T00:00:00.000
76,valle del cauca,76001,SANTIAGO DE CALI,GREEN EDS GRANADA,ESSO,AVENIDA 8 N NO 15 AN - 06,BIODIESEL EXTRA,9370,1,2018-05-02T00:00:00.000
5,antioquia,5040,ANORI,BOMBA DE GASOLINA LOS ANGELES,TERPEL,Carrera 35 No 26-339,GASOLINA CORRIENTE OXIGENADA,9741,1,2018-05-02T00:00:00.000
5,antioquia,5120,CACERES,ESTACION DE SERVICIO EL LAGO,TERPEL,JARDIN CACERES,BIODIESEL EXTRA,8292,1,2018-05-02T00:00:00.000
5,antioquia,5001,MEDELLIN,EDS MOBIL SUR,MOBIL,CARRERA 51 No. 32-40,GASOLINA CORRIENTE OXIGENADA,8580,1,2018-05-02T00:00:00.000
76,valle del cauca,76890,YOTOCO,ESTACION DE SERVICIO SANTA LAURA,TERPEL,Corregimiento de Puente Tierra Lote Centro Poblado,GASOLINA EXTRA OXIGENADA,11550,1,2018-05-02T00:00:00.000
5,antioquia,5591,PUERTO TRIUNFO,ESTACION DE SERVICIO LAS PALMERAS Y CIA LIMITADA,TERPEL,KILOMETRO 176 AUTOPISTA MEDELLIN - BOGOTA,BIODIESEL EXTRA,8510,1,2018-05-02T00:00:00.000
76,valle del cauca,76109,BUENAVENTURA,ESTACION DE SERVICIOS FLUVIAL Y-O COMERCIALIZADOR INDUSTRIAL COMBUSTIBLES BENITEZ 2,TEXACO,CALLE 2 SUR 8B No. 20-22  BARRIO MURO YUSTI PUEBLO NUEVO,GASOLINA CORRIENTE OXIGENADA,8860,1,2018-05-02T00:00:00.000
5,antioquia,5001,MEDELLIN,ESTACION DE SERVICIO DELFINES,TEXACO,Calle 6 sur No 52 - 65,BIODIESEL EXTRA,8462,1,2018-05-02T00:00:00.000
76,valle del cauca,76001,SANTIAGO DE CALI,SERVICENTRO RIO PANCE SAS,MOBIL,CALLE 25 No. 127-100,GASOLINA EXTRA OXIGENADA,12180,1,2018-05-02T00:00:00.000
5,antioquia,5091,BETANIA,SERVICENTRO GIRORU,TERPEL,CALLE 20 No. 17¿24,GASOLINA CORRIENTE OXIGENADA,9780,1,2018-05-02T00:00:00.000
5,antioquia,5856,VALPARAISO,SERVICENTRO VALPARAISO,TERPEL,CALLE 9 AYACUCHO No. 14-17,BIODIESEL EXTRA,8760,1,2018-05-02T00:00:00.000
5,antioquia,5809,TITIRIBI,ESTACION DE SERVICIO LOS PRIMOS,ZEUSS,SECTOR LA NUEVA OLA,GASOLINA CORRIENTE OXIGENADA,9377,1,2018-05-02T00:00:00.000
5,antioquia,5001,MEDELLIN,EDS AUTOMOTRIZ INVERSIONES ACEVEDO Y CIA,MOBIL,Calle 39D No 73-26,GASOLINA EXTRA OXIGENADA,11700,1,2018-05-02T00:00:00.000
5,antioquia,5001,MEDELLIN,EDS TERPEL TANQUIADERO,TERPEL,DIAGONAL 74B No. 32-15,BIODIESEL EXTRA,8430,1,2018-05-02T00:00:00.000
76,valle del cauca,76109,BUENAVENTURA,ESTACION DE SERVICIO DISTRACOM EL PINAL,MOBIL,AVENIDA SIMON BOLIVAR CALLE 6 No. 22D-45,BIODIESEL EXTRA,8304,1,2018-05-02T00:00:00.000
76,valle del cauca,76834,TULUA,ESTACION DE SERVICIO EL TERMINAL,MOBIL,Carrera 20 No. 27 A 28,BIODIESEL EXTRA,8505,1,2018-05-02T00:00:00.000
5,antioquia,5631,SABANETA,ESTACION DE SERVICIO TERPEL SABANETA,TERPEL,CARRERA 43A No. 61 SUR-114,GASOLINA CORRIENTE OXIGENADA,8700,1,2018-05-02T00:00:00.000
76,valle del cauca,76001,SANTIAGO DE CALI,ESTACION DE SERVICIO SIMON BOLIVAR CON CALLE 25,TERPEL,CALLE 25 DIAGONAL G No. 65-35,GASOLINA CORRIENTE OXIGENADA,8960,1,2018-05-02T00:00:00.000
5,antioquia,5697,SANTUARIO,ESTACION PREMIUM LA MARIA,TEXACO,CALLE 45 CARRERA 51-31,GASOLINA CORRIENTE OXIGENADA,8970,1,2018-05-02T00:00:00.000
76,valle del cauca,76001,SANTIAGO DE CALI,SERVICENTRO ESSO PANAMERICANA,MOBIL,Calle 34 No. 3-33,BIODIESEL EXTRA,8370,1,2018-05-02T00:00:00.000
76,valle del cauca,76111,GUADALAJARA DE BUGA,ESTACION DE SERVICIO ESSO LA REYNA,MOBIL,Calle 2 No.8-40,GASOLINA CORRIENTE OXIGENADA,9196,1,2018-05-02T00:00:00.000
5,antioquia,5266,ENVIGADO,ESTACION DE SERVICIO AUTOMOTRIZ CEDI VEGAS,MOBIL,CARRERA 43 SUR NO.48-127,GASOLINA EXTRA OXIGENADA,11450,1,2018-05-02T00:00:00.000
5,antioquia,5001,MEDELLIN,ESTACION DE SERVICIO TERPEL LA MOTA,TERPEL,CALLE 2A No. 75B-25,GASOLINA EXTRA OXIGENADA,11070,1,2018-05-02T00:00:00.000
5,antioquia,5360,ITAGUI,ESTACION DE SERVICIO EL VENADO ITAGUI,ZEUSS,CARRERA 43 No. 50-69,GASOLINA CORRIENTE OXIGENADA,8850,1,2018-05-02T00:00:00.000
76,valle del cauca,76001,SANTIAGO DE CALI,ESTACION DE SERVICIO LA NUEVA AUTOPISTA,TEXACO,Diagonal 23 No. 18 E - 120,GASOLINA CORRIENTE OXIGENADA,9080,1,2018-05-02T00:00:00.000
76,valle del cauca,76001,SANTIAGO DE CALI,SERVICENTRO ESSO NO 12 LA FLORESTA,MOBIL,CARRERA 15 No. 33H-44,GASOLINA EXTRA OXIGENADA,11910,1,2018-05-02T00:00:00.000
76,valle del cauca,76147,CARTAGO,EDS DISTRIBUCIONES LA 20 CARTAGO,TERPEL,Carrera 4 No. 19-83,GASOLINA EXTRA OXIGENADA,11160,1,2018-05-02T00:00:00.000
76,valle del cauca,76364,JAMUNDI,EDS TERPEL BONANZA,TERPEL,CALLE 11A N° 52 SUR-40 VIA PANAMERICANA,GASOLINA EXTRA OXIGENADA,11320,1,2018-05-02T00:00:00.000
5,antioquia,5686,SANTA ROSA DE OSOS,ESTACION DE SERVICIO EL PORTAL JB,TEXACO,avenida 38 N°28-77,GASOLINA CORRIENTE OXIGENADA,9150,1,2018-05-02T00:00:00.000
76,valle del cauca,76001,SANTIAGO DE CALI,EDS EL INGENIO,TERPEL,CALLE 25 No. 85C-42,GASOLINA CORRIENTE OXIGENADA,9010,1,2018-05-02T00:00:00.000
76,valle del cauca,76001,SANTIAGO DE CALI,ESTACION DE SERVICIO COMBUSCOL CAÑAS GORDAS,TEXACO,AV CANAS GORDAS NO. 122-30,GASOLINA EXTRA OXIGENADA,12090,1,2018-05-02T00:00:00.000
76,valle del cauca,76001,SANTIAGO DE CALI,ESTACION DE SERVICIO AUTOMOTRIZ ESTACION CORDOBA,TERPEL,Carrera 46 No.48-25,BIODIESEL EXTRA,8553,1,2018-05-02T00:00:00.000
5,antioquia,5615,CANON DE RIO CLARO,ESTACION DE SERVICIO TERPEL RIONEGRO,TERPEL,CARRERA 50 No. 44B-15,BIODIESEL EXTRA,8490,1,2018-05-02T00:00:00.000
5,antioquia,5088,BELLO,ESTACION DE SERVICIO EL PUENTE ESTACION DE SERVICIOS,ZEUSS,Calle 63 No 59 - 60,BIODIESEL EXTRA,8556,1,2018-05-02T00:00:00.000
5,antioquia,5001,MEDELLIN,EDS ESSO SANTA MARTA,MOBIL,Calle 45A No 60 - 13,GASOLINA CORRIENTE OXIGENADA,8790,1,2018-05-02T00:00:00.000
76,valle del cauca,76109,BUENAVENTURA,EDS COMBUSTIBLE MURO YUSTY SAS,PETROMIL,CALLE 3 SUR No. 8-32 BARRIO MURO YUSTY,GASOLINA CORRIENTE OXIGENADA,9300,1,2018-05-02T00:00:00.000
76,valle del cauca,76109,BUENAVENTURA,ESTACION DE SERVICIO SERVICENTRO DEL 14 LTDA,MOBIL,CALLE 6A No. 39-11,GASOLINA CORRIENTE OXIGENADA,8860,1,2018-05-02T00:00:00.000
5,antioquia,5001,MEDELLIN,ESTACION DE SERVICIO TERPEL CAMPO VALDES,TERPEL,CARRERA 49 No. 84-61,GASOLINA EXTRA OXIGENADA,11980,1,2018-05-03T00:00:00.000
5,antioquia,5756,SONSON,ESTACION DE SERVICIO EL MARMOL,TERPEL,LA DANTA SALIDA A SAN MIGUEL,BIODIESEL EXTRA,9110,1,2018-05-03T00:00:00.000
5,antioquia,5051,ARBOLETES,ESTACION DE SERVICIO DISTRACOM ARBOLETES,TEXACO,CARRERA 17 No. 26-25,BIODIESEL EXTRA,8830,1,2018-05-03T00:00:00.000
76,valle del cauca,76001,SANTIAGO DE CALI,MOBIL BELALCAZAR,MOBIL,Carrera 1 No.43-20,GASOLINA EXTRA OXIGENADA,11890,1,2018-05-03T00:00:00.000
5,antioquia,5001,MEDELLIN,ESTACION DE SERVICIO AUTOMOTRIZ SANTA MARIA DE LOS ANGELES,ESSO,CARRERA 43A No. 17SUR-35,GASOLINA EXTRA OXIGENADA,12090,1,2018-05-03T00:00:00.000
76,valle del cauca,76892,YUMBO,SS EL PORTAL DE DAPA MARTIGONZA,PETROMIL,CALLE 10  No. 29 B-51,GASOLINA CORRIENTE OXIGENADA,8580,1,2018-05-03T00:00:00.000
76,valle del cauca,76001,SANTIAGO DE CALI,ESTACION DE SERVICIO EL OBRERO OP SAS,TEXACO,CARRERA 9 No. 20-25,GASOLINA CORRIENTE OXIGENADA,8900,1,2018-05-03T00:00:00.000
5,antioquia,5579,PUERTO BERRIO,SERVICENTRO DALLAS,BIOMAX,CALLE 43 No. 24-45 BARRIO LA MALENA,GASOLINA CORRIENTE OXIGENADA,8920,1,2018-05-03T00:00:00.000
5,antioquia,5615,CANON DE RIO CLARO,TERPEL LA CAPILLA,TERPEL,CALLE 47 No. 52-63,GASOLINA EXTRA OXIGENADA,11710,1,2018-05-03T00:00:00.000
5,antioquia,5147,CAREPA,ESTACION DE SERVICIO DISTRACOM CASA VERDE,MOBIL,VEREDA CASA VERDE,GASOLINA CORRIENTE OXIGENADA,9190,1,2018-05-03T00:00:00.000
5,antioquia,5001,MEDELLIN,ESTACION DE SERVICIO NUTIBARA,MOBIL,TRANSVERSAL 39B No. 79-41,BIODIESEL EXTRA,8500,1,2018-05-03T00:00:00.000
76,valle del cauca,76520,PALMIRA,ESTACION DE SERVICIO PLAZA CAMPESTRE,TEXACO,CALLE 44 No. 13-45,GASOLINA CORRIENTE OXIGENADA,9050,1,2018-05-03T00:00:00.000
5,antioquia,5172,CHIGORODO,EDS LA CURVA,ZEUSS,CALLE 95 No. 84-25,GASOLINA CORRIENTE OXIGENADA,9199,1,2018-05-03T00:00:00.000
5,antioquia,5364,JARDIN,ESTACION DE SERVICIO EL PRADO,TERPEL,CARRERA 6 No. 5-30,BIODIESEL EXTRA,8770,1,2018-05-03T00:00:00.000
76,valle del cauca,76736,SEVILLA,ESTACION DE SERVICIO FERNANDEZ,MOBIL,"Carrera.49 No 53-00,",GASOLINA CORRIENTE OXIGENADA,9250,1,2018-05-03T00:00:00.000
76,valle del cauca,76306,GINEBRA,EDS TERPEL SABALETAS,TERPEL,CORREGIMIENTO SABALETAS SOBRE VIA PANAMERICANA,GASOLINA EXTRA OXIGENADA,11060,1,2018-05-03T00:00:00.000
5,antioquia,5001,MEDELLIN,AUTOCENTRO LA PALMA 2,TERPEL,CALLE 28 No 80A-32,GASOLINA EXTRA OXIGENADA,11790,1,2018-05-03T00:00:00.000
76,valle del cauca,76001,SANTIAGO DE CALI,ESTACION DE SERVICIO EL CAMBIO  SAS,MOBIL,CALLE 9 No. 41-50,GASOLINA EXTRA OXIGENADA,11990,1,2018-05-03T00:00:00.000
76,valle del cauca,76001,SANTIAGO DE CALI,ESTACION DE SERVICIO SERVICENTRO PORTADA AL MAR,MOBIL,AVENIDA 4 OESTE No. 7-10,GASOLINA CORRIENTE OXIGENADA,9150,1,2018-05-03T00:00:00.000
5,antioquia,5264,ENTRERRIOS,SERVICENTRO LAS VEGAS DE ENTRERRIOS,TERPEL,Carrera 12 No 12 - 50,GASOLINA CORRIENTE OXIGENADA,9050,1,2018-05-03T00:00:00.000
76,valle del cauca,76001,SANTIAGO DE CALI,ESTACION DE SERVICIO AVENIDA SUR,TERPEL,Carrera  70  No. 3 B 14,GASOLINA EXTRA OXIGENADA,11300,1,2018-05-03T00:00:00.000
5,antioquia,5088,BELLO,ESTACION DE SERVICIO AUTOMOTRIZ EXITO BELLO,MOBIL,DIAGONAL 51 # 35 - 120,GASOLINA CORRIENTE OXIGENADA,8960,1,2018-05-03T00:00:00.000
5,antioquia,5088,BELLO,ESTACION DE SERVICIO PORTAL DEL NORTE,MOBIL,DIAGONAL 50A No. 42B-255,GASOLINA CORRIENTE OXIGENADA,8650,1,2018-05-03T00:00:00.000
5,antioquia,5615,CANON DE RIO CLARO,ESTACION DE SERVICIO CRUCERO DEL OESTE ASOCIADOS SAS,MOBIL,VEREDA EL PONTEZUELA,GASOLINA CORRIENTE OXIGENADA,9130,1,2018-05-03T00:00:00.000
76,valle del cauca,76563,PRADERA,ESTACION DE SERVICIO SANTA ROSA R2,BIOMAX,KILOMETRO 4 VIA A CANDELARIA PRADERA CORREGIMIENTO LA TUPIA DE PRADERA,BIODIESEL EXTRA,8620,1,2018-05-03T00:00:00.000
76,valle del cauca,76001,SANTIAGO DE CALI,ESTACION DE SERVICIO TERPEL BELALCAZAR,TERPEL,CARRERA 17B No. 23-31,GASOLINA EXTRA OXIGENADA,11230,1,2018-05-03T00:00:00.000
5,antioquia,5001,MEDELLIN,ESTACION DE SERVICIO AUTOMOTRIZ EL CHAGUALO,ZEUSS,CALLE 60 # 56A -37,BIODIESEL EXTRA,8490,1,2018-05-03T00:00:00.000
5,antioquia,5615,CANON DE RIO CLARO,ESTACION DE SERVICIO AUTOMOTRIZ COMBUSCOL JMC,TEXACO,K1 Glorieta Aeropuerto,GASOLINA CORRIENTE OXIGENADA,9170,1,2018-05-03T00:00:00.000
76,valle del cauca,76111,GUADALAJARA DE BUGA,ESTACION DE SERVICIO BUGA NORTE SCA,TERPEL,CARRETERA CENTRAL SALIDA NORTE,GASOLINA EXTRA OXIGENADA,11100,1,2018-05-03T00:00:00.000
76,valle del cauca,76520,PALMIRA,ESTACION DE SERVICIO AUTOMOTRIZ INCOMSA,TEXACO,CALLE 30 No. 15-21,BIODIESEL EXTRA,8440,1,2018-05-03T00:00:00.000
76,valle del cauca,76001,SANTIAGO DE CALI,ESTACION DE SERVICIO TERPEL TEQUENDAMA,TERPEL,CALLE 9 ENTRE CARRERA 43 Y 44 No. 43 - 09,GASOLINA CORRIENTE OXIGENADA,8730,1,2018-05-03T00:00:00.000
5,antioquia,5034,ANDES,SERVICENTRO TERPEL LA POSESION,TERPEL,TRONCAL DEL CAFE VEREDA 17 LAS COLONIAS PREDIO 6,BIODIESEL EXTRA,8690,1,2018-05-03T00:00:00.000
5,antioquia,5001,MEDELLIN,ESTACION DE SERVICIO TERPEL EL ENCIERRO,TERPEL,CARRERA 43A No. 24 - 30,BIODIESEL EXTRA,8880,1,2018-05-03T00:00:00.000
76,valle del cauca,76122,CAICEDONIA,ESTACION DE SERVICIO COOTRACAICE,BIOMAX,CARRERA 14 No. 12-52,GASOLINA CORRIENTE OXIGENADA,9242,1,2018-05-03T00:00:00.000
5,antioquia,5129,CALDAS,ZEUSS LA 50 CALDAS,ZEUSS,CARRERA 50 No. 122 SUR-37,BIODIESEL EXTRA,8290,1,2018-05-03T00:00:00.000
76,valle del cauca,76111,GUADALAJARA DE BUGA,ESTACION DE SERVICIO BOMBEROS VOLUNTARIOS BUGA,TERPEL,Calle 2 Sur No 10-72,GASOLINA EXTRA OXIGENADA,11500,1,2018-05-03T00:00:00.000
5,antioquia,5154,CAUCASIA,ESTACION DE SERVICIO KENNEDY CAUCASIA,TEXACO,CARRERA 8  No. 22 - 28,BIODIESEL EXTRA,8655,1,2018-05-03T00:00:00.000
5,antioquia,5631,SABANETA,ESTACION DE SERVICIO AUTOMOTRIZ COMBUSCOL SANTRA,TEXACO,CARRERA 49 SUR No. 52-300,GASOLINA EXTRA OXIGENADA,11990,1,2018-05-03T00:00:00.000
5,antioquia,5308,GIRARDOTA,ESTACION DE SERVICIO DISTRACOM EL TRAPICHE,MOBIL,PARAJE SAN ANDRES,GASOLINA CORRIENTE OXIGENADA,8720,1,2018-05-03T00:00:00.000
5,antioquia,5631,SABANETA,EDS COMDECOM SANTA MARIA,TEXACO,CRA 48 AV LAS VEGAS ENTRE CL 72 SUR Y CL 73 SUR,BIODIESEL EXTRA,8500,1,2018-05-03T00:00:00.000
76,valle del cauca,76364,JAMUNDI,SERVICENTRO ESSO BOLIVAR,MOBIL,Carrera 10  No. 14-16,BIODIESEL EXTRA,8440,1,2018-05-03T00:00:00.000
76,valle del cauca,76834,TULUA,ESTACION DE SERVICIO LA RIBERA,TERPEL,CARRERA 40 CALLE 25 ESQUINA,GASOLINA CORRIENTE OXIGENADA,9049,1,2018-05-03T00:00:00.000
5,antioquia,5001,MEDELLIN,ESTACION DE SERVICIO TERPEL EL ENCIERRO,TERPEL,CARRERA 43A No. 24 - 30,GASOLINA EXTRA OXIGENADA,12090,1,2018-05-03T00:00:00.000
76,valle del cauca,76892,YUMBO,EDS TERPEL AMERICAS YUMBO,TERPEL,CALLE 10 No. 19A-81,GASOLINA EXTRA OXIGENADA,11280,1,2018-05-03T00:00:00.000
76,valle del cauca,76001,SANTIAGO DE CALI,ESTACION DE SERVICIO LA TERCERA CON CALLE 34 ESQUINA,TERPEL,AVENIDA 3 CON CALLE 34 ESQUINA,BIODIESEL EXTRA,8240,1,2018-05-03T00:00:00.000
76,valle del cauca,76001,SANTIAGO DE CALI,ESTACION DE SERVICIO LOS GUADUALES,TEXACO,CALLE 70  No. 8N-50,GASOLINA CORRIENTE OXIGENADA,8750,1,2018-05-03T00:00:00.000
76,valle del cauca,76001,SANTIAGO DE CALI,ESTACION DE SERVICIO DECEPAZ,TERPEL,CARRERA 23 No. 103-12,GASOLINA CORRIENTE OXIGENADA,9170,1,2018-05-03T00:00:00.000
5,antioquia,5088,BELLO,EDS ESTRELLA RENACIMIENTO,TEXACO,CARRERA 50 No. 35 - 96,GASOLINA EXTRA OXIGENADA,12091,1,2018-05-03T00:00:00.000
5,antioquia,5585,PUERTO NARE,AUTO SERVICIO NARE,TERPEL,CARRERA 2 No.. 44-38,BIODIESEL EXTRA,8270,1,2018-05-03T00:00:00.000
5,antioquia,5615,CANON DE RIO CLARO,ESTACION DE SERVICIO DEALER 1,MOBIL,VARIANTE BELEN,GASOLINA EXTRA OXIGENADA,11800,1,2018-05-03T00:00:00.000
76,valle del cauca,76834,TULUA,ESTACION DE SERVICIO EL DIVINO NIÑO JESUS,ESSO,CALLE 48 NO. 27A-13,GASOLINA CORRIENTE OXIGENADA,9080,1,2018-05-03T00:00:00.000
76,valle del cauca,76111,GUADALAJARA DE BUGA,ESSO STAMBUL,MOBIL,Calle 1 No.10-35,GASOLINA CORRIENTE OXIGENADA,9150,1,2018-05-03T00:00:00.000
5,antioquia,5264,ENTRERRIOS,ESTACION DE SERVICIO DISTRACOM LOS SAUCES,TEXACO,CARRERA 13  No. 1 MANZANA 041,BIODIESEL EXTRA,8450,1,2018-05-03T00:00:00.000
76,valle del cauca,76892,YUMBO,SS EL PORTAL DE DAPA MARTIGONZA,PETROMIL,CALLE 10  No. 29 B-51,GASOLINA EXTRA OXIGENADA,11520,1,2018-05-03T00:00:00.000
5,antioquia,5021,ALEJANDRIA,EDS ESTACION DE SERVICIO ALEJANDRIA,ZEUSS,CALLE 17 No.. 21-59,BIODIESEL EXTRA,8900,1,2018-05-03T00:00:00.000
5,antioquia,5001,MEDELLIN,ESTACION DE SERVICIO NUTIBARA,MOBIL,TRANSVERSAL 39B No. 79-41,GASOLINA EXTRA OXIGENADA,11970,1,2018-05-03T00:00:00.000
5,antioquia,5376,LA CEJA,ESTACION DE SERVICIOS LOS TAMBOS,TEXACO,CALLE 20 No. 28-03 05,GASOLINA EXTRA OXIGENADA,9080,1,2018-05-03T00:00:00.000
5,antioquia,5604,REMEDIOS,ESTACION  DE SERVICIO  Y SERVICTECA ANGOLA,MOBIL,CRA 15 3A 250,GASOLINA CORRIENTE OXIGENADA,9100,1,2018-05-03T00:00:00.000
76,valle del cauca,76364,JAMUNDI,EDS BRISAS DEL LAGO,PETROMIL,CALLE 12 SUR No. 10A-77,GASOLINA CORRIENTE OXIGENADA,9020,1,2018-05-03T00:00:00.000
76,valle del cauca,76001,SANTIAGO DE CALI,ESTACION DE SERVICIOS TEXACO NO 6,TEXACO,Avenida 4 Oeste No. 7-180,GASOLINA EXTRA OXIGENADA,12100,1,2018-05-03T00:00:00.000
5,antioquia,5001,MEDELLIN,ESTACION DE SERVICIO DISTRACOM PEDREGAL,MOBIL,Carrera 64 C No.89 A-30,GASOLINA CORRIENTE OXIGENADA,8600,1,2018-05-03T00:00:00.000
5,antioquia,5604,REMEDIOS,ESTACION DE SERVICIO AMARU,ZEUSS,CIRCULAR 8 No. 17- 08 14,BIODIESEL EXTRA,8480,1,2018-05-03T00:00:00.000
5,antioquia,5284,FRONTINO,COOPERATIVA DE TRANSPORTADORES DE FRONTINO,TERPEL,Carrera 30 No. 20-85,BIODIESEL EXTRA,8688,1,2018-05-03T00:00:00.000
5,antioquia,5425,MACEO,ESTACION DE GASOLINA Y LUBRICANTES LA FLORESTA,ZEUSS,CORREGIMIENTO LA FLORESTA,BIODIESEL EXTRA,8650,1,2018-05-03T00:00:00.000
5,antioquia,5360,ITAGUI,ZEUSS DOÑA MARIA,ZEUSS,CARRERA 52 No. 63-04,GASOLINA EXTRA OXIGENADA,11690,1,2018-05-03T00:00:00.000
5,antioquia,5615,CANON DE RIO CLARO,ESTACION DE SERVICIO CUATRO ESQUINAS,ZEUSS,Diagonal 43 No.45-275,GASOLINA EXTRA OXIGENADA,11800,1,2018-05-03T00:00:00.000
76,valle del cauca,76364,JAMUNDI,ESTACION DE SERVICIO MOBIL SAN JORGE,MOBIL,CARRERA 10 No. 16 - 36,BIODIESEL EXTRA,8440,1,2018-05-03T00:00:00.000
5,antioquia,5001,MEDELLIN,ZEUSS FERROCARRIL,ZEUSS,CARRERA 54 No. 36-20,GASOLINA CORRIENTE OXIGENADA,8610,1,2018-05-03T00:00:00.000
5,antioquia,5604,REMEDIOS,ESTACION DE SERVICIO AMARU,ZEUSS,CIRCULAR 8 No. 17- 08 14,GASOLINA CORRIENTE OXIGENADA,9070,1,2018-05-03T00:00:00.000
76,valle del cauca,76520,PALMIRA,ESTACION DE SERVICIO AUTOMOTRIZ SERVICENTRO LA NORTE PALMIRA,MOBIL,CARRERA 28 No. 39-20,BIODIESEL EXTRA,8440,1,2018-05-03T00:00:00.000
76,valle del cauca,76001,SANTIAGO DE CALI,ESTACION DE SERVICIO MOBIL PASOANCHO,MOBIL,CALLE 13 No. 52-92,BIODIESEL EXTRA,9230,1,2018-05-03T00:00:00.000
5,antioquia,5088,BELLO,EDS PUERTO BELLO,MOBIL,CARRERA 50 No. 43-69,BIODIESEL EXTRA,8785,1,2018-05-03T00:00:00.000
76,valle del cauca,76001,SANTIAGO DE CALI,ESTACION DE SERVICIO DISTRIBUIDORA DE COMBUSTIBLES SAN MARINO,MOBIL,Calle 70 No.7 D Bis-70,GASOLINA EXTRA OXIGENADA,11890,1,2018-05-03T00:00:00.000
76,valle del cauca,76001,SANTIAGO DE CALI,ESTACION DE SERVICIO CIUDAD MODELO,TERPEL,CARRERA 39 No. 32A-10,GASOLINA CORRIENTE OXIGENADA,8780,1,2018-05-03T00:00:00.000
5,antioquia,5615,CANON DE RIO CLARO,ESTACION DE SERVICIOS TUR,TERPEL,KILOMETRO 4 VEREDA BARRO BLANCO VIA AL AEROPUERTO JMC,GASOLINA CORRIENTE OXIGENADA,9144,1,2018-05-03T00:00:00.000
5,antioquia,5308,GIRARDOTA,ESTACION DE SERVICIO DISTRACOM EL TRAPICHE,MOBIL,PARAJE SAN ANDRES,BIODIESEL EXTRA,8380,1,2018-05-03T00:00:00.000
76,valle del cauca,76520,PALMIRA,ESTACION DE SERVICIO LA 42,TERPEL,CALLE 42 No. 34B-63,BIODIESEL EXTRA,8250,1,2018-05-03T00:00:00.000
5,antioquia,5001,MEDELLIN,ESTACION DE SERVICIO TERPEL EL ENCIERRO,TERPEL,CARRERA 43A No. 24 - 30,GASOLINA CORRIENTE OXIGENADA,9370,1,2018-05-03T00:00:00.000
5,antioquia,5001,MEDELLIN,AUTOCENTRO LA PALMA 2,TERPEL,CALLE 28 No 80A-32,GASOLINA CORRIENTE OXIGENADA,8910,1,2018-05-03T00:00:00.000
76,valle del cauca,76001,SANTIAGO DE CALI,PWR SERVICE,BIOMAX,Calle 5 No. 86 A - 08,GASOLINA EXTRA OXIGENADA,8550,1,2018-05-03T00:00:00.000
76,valle del cauca,76890,YOTOCO,ESTACION DE SERVICIO TERPEL EL SAMAN MEDIA CANOA,TERPEL,KILOMETRO 7 VIA BUGA - BUENAVENTURA,GASOLINA CORRIENTE OXIGENADA,8742,1,2018-05-03T00:00:00.000
5,antioquia,5660,SAN LUIS,ESTACION DE SERVICIO LOS ARAGONES,ZEUSS,AUTOPISTA MEDELLIN - BOGOTA KILOMETRO 110 VEREDA LA PALESTINA,GASOLINA CORRIENTE OXIGENADA,9060,1,2018-05-03T00:00:00.000
76,valle del cauca,76670,SAN PEDRO,ESSO SAN PEDRO,MOBIL,KILOMETRO 14 AUTOPISTA BUGA - TULUA,GASOLINA EXTRA OXIGENADA,8750,1,2018-05-03T00:00:00.000
76,valle del cauca,76520,PALMIRA,ESTACION DE SERVICIO SOLO PORTI,BIOMAX,VIA SN SN No. 3131 CORREGIMIENTO DE TIENDA NUEVA DE PALMIRA,GASOLINA CORRIENTE OXIGENADA,9000,1,2018-05-03T00:00:00.000
5,antioquia,5034,ANDES,SERVICENTRO TERPEL LA POSESION,TERPEL,TRONCAL DEL CAFE VEREDA 17 LAS COLONIAS PREDIO 6,GASOLINA CORRIENTE OXIGENADA,9499,1,2018-05-03T00:00:00.000
5,antioquia,5308,GIRARDOTA,ESTACION DE SERVICIO ESSO COCOROLLO,MOBIL,Autopista Norte Km. 20 vía Girardota,GASOLINA EXTRA OXIGENADA,10980,1,2018-05-03T00:00:00.000
5,antioquia,5266,ENVIGADO,TERPEL PALMITAS,TERPEL,Variante Las Palmas - Aeropuerto,GASOLINA CORRIENTE OXIGENADA,11720,1,2018-05-03T00:00:00.000
5,antioquia,5001,MEDELLIN,ESTACION DE SERVICIO TERPEL CAMPO VALDES,TERPEL,CARRERA 49 No. 84-61,GASOLINA CORRIENTE OXIGENADA,8990,1,2018-05-03T00:00:00.000
76,valle del cauca,76001,SANTIAGO DE CALI,SERVICIOS LA 23 ALONSO GOMEZ MARTINEZ,TERPEL,CALLE 23 No. 16-40,GASOLINA CORRIENTE OXIGENADA,8980,1,2018-05-03T00:00:00.000
5,antioquia,5425,MACEO,ESTACION DE GASOLINA Y LUBRICANTES LA FLORESTA,ZEUSS,CORREGIMIENTO LA FLORESTA,GASOLINA CORRIENTE OXIGENADA,9390,1,2018-05-03T00:00:00.000
5,antioquia,5660,SAN LUIS,ESTACION DE SERVICIO AUTOMOTRIZ LA TROJA,TERPEL,Km. 135 Autopista Medellín- Bogotá,BIODIESEL EXTRA,8342,1,2018-05-03T00:00:00.000
5,antioquia,5318,GUARNE,ESTACION DE SERVICIO PREMIUM EL RETORNO,TEXACO,VEREDA ROMERAL LOCALIDAD 318 RETORNO No. 5,GASOLINA CORRIENTE OXIGENADA,8690,1,2018-05-03T00:00:00.000
5,antioquia,5604,REMEDIOS,EDS EL RIO,ZEUSS,VEREDA EL RIO,GASOLINA CORRIENTE OXIGENADA,9617,1,2018-05-03T00:00:00.000
5,antioquia,5001,MEDELLIN,ESTACION DE SERVICIO ESTRELLA DE OCCIDENTE,TEXACO,CALLE 58C N 132  79,BIODIESEL EXTRA,8840,1,2018-05-03T00:00:00.000
5,antioquia,5615,CANON DE RIO CLARO,ESTACION DE SERVICIO AUTOMOTRIZ COMBUSCOL JMC,TEXACO,K1 Glorieta Aeropuerto,BIODIESEL EXTRA,8660,1,2018-05-03T00:00:00.000
5,antioquia,5360,ITAGUI,ESTACION DE SERVICIO TEXACO COLTEJER,TEXACO,CARRERA 52 No. 60-110,GASOLINA EXTRA OXIGENADA,11660,1,2018-05-03T00:00:00.000
5,antioquia,5237,DON MATIAS,ESTACION DE SERVICIO DISTRACOM VILLA MARIA,TEXACO,CALLE 28 No. 7-29-45-63,GASOLINA CORRIENTE OXIGENADA,9010,1,2018-05-03T00:00:00.000
5,antioquia,5088,BELLO,ESTACION DE SERVICIO SAN FELIX,ZEUSS,CORREGIMIENTO SAN FELIX. KILOMETRO 8 VIA MEDELLIN - SAN PEDRO,GASOLINA CORRIENTE OXIGENADA,9140,1,2018-05-03T00:00:00.000
5,antioquia,5045,APARTADO,ESTACIÓN DE SERVICIO TER DEX EL REPOSO,TERPEL,ZUNGO CARRETERA KILOMETRO 8,GASOLINA CORRIENTE OXIGENADA,9150,1,2018-05-03T00:00:00.000
5,antioquia,5088,BELLO,ESTACION DE SERVICIO MOBIL LOS ANGELES,MOBIL,Calle 20E No. 45-39,BIODIESEL EXTRA,8330,1,2018-05-03T00:00:00.000
5,antioquia,5120,CACERES,ESTACION DE SERVICIO RIO MAN,PETROMIL,VEREDA RIO MAN CORREGIMIENTO GUARUMO,GASOLINA CORRIENTE OXIGENADA,9060,1,2018-05-03T00:00:00.000
5,antioquia,5604,REMEDIOS,EDS EL RIO,ZEUSS,VEREDA EL RIO,BIODIESEL EXTRA,8908,1,2018-05-03T00:00:00.000
76,valle del cauca,76111,GUADALAJARA DE BUGA,ESTACION DE SERVICIO BUGA NORTE SCA,TERPEL,CARRETERA CENTRAL SALIDA NORTE,GASOLINA CORRIENTE OXIGENADA,8870,1,2018-05-03T00:00:00.000
5,antioquia,5308,GIRARDOTA,ESTACION DE SERVICIO EXITO LA SIERRA,MOBIL,VEREDA SAN ESTEBAN BELLO - HATILLO KILOMETRO 11 80 METROS,BIODIESEL EXTRA,8350,1,2018-05-03T00:00:00.000
76,valle del cauca,76122,CAICEDONIA,ESTACION DE SERVICIO COOTRACAICE,BIOMAX,CARRERA 14 No. 12-52,BIODIESEL EXTRA,8832,1,2018-05-03T00:00:00.000
76,valle del cauca,76001,SANTIAGO DE CALI,ESTACION DE SERVICIO TERPEL EDS LA 44,TERPEL,CALLE 44 No. 1D-51,GASOLINA CORRIENTE OXIGENADA,8630,1,2018-05-03T00:00:00.000
5,antioquia,5585,PUERTO NARE,AUTO SERVICIO NARE,TERPEL,CARRERA 2 No.. 44-38,GASOLINA CORRIENTE OXIGENADA,9000,1,2018-05-03T00:00:00.000
5,antioquia,5034,ANDES,SERVICENTRO COOTRASANDINA,TERPEL,Avenida Medellín No 53-08,BIODIESEL EXTRA,8830,1,2018-05-03T00:00:00.000
76,valle del cauca,76563,PRADERA,ESTACION DE SERVICIO SANTA ROSA R2,BIOMAX,KILOMETRO 4 VIA A CANDELARIA PRADERA CORREGIMIENTO LA TUPIA DE PRADERA,GASOLINA CORRIENTE OXIGENADA,8890,1,2018-05-03T00:00:00.000
5,antioquia,5264,ENTRERRIOS,ESTACION DE SERVICIO DISTRACOM LOS SAUCES,TEXACO,CARRERA 13  No. 1 MANZANA 041,GASOLINA CORRIENTE OXIGENADA,9040,1,2018-05-03T00:00:00.000
5,antioquia,5088,BELLO,EDS PUERTO BELLO,MOBIL,CARRERA 50 No. 43-69,GASOLINA EXTRA OXIGENADA,12175,1,2018-05-03T00:00:00.000
76,valle del cauca,76001,SANTIAGO DE CALI,ESTACION DE SERVICIO EL DIAMANTE,TERPEL,Carrera 29 No. 39A-35,BIODIESEL EXTRA,8188,1,2018-05-03T00:00:00.000
76,valle del cauca,76001,SANTIAGO DE CALI,ESTACION DE SERVICIO TERPEL TEQUENDAMA,TERPEL,CALLE 9 ENTRE CARRERA 43 Y 44 No. 43 - 09,GASOLINA EXTRA OXIGENADA,11300,1,2018-05-03T00:00:00.000
76,valle del cauca,76001,SANTIAGO DE CALI,SERVICIOS LA 23 ALONSO GOMEZ MARTINEZ,TERPEL,CALLE 23 No. 16-40,BIODIESEL EXTRA,8460,1,2018-05-03T00:00:00.000
5,antioquia,5615,CANON DE RIO CLARO,ESTACION DE SERVICIO DEALER 1,MOBIL,VARIANTE BELEN,GASOLINA CORRIENTE OXIGENADA,9132,1,2018-05-03T00:00:00.000
5,antioquia,5001,MEDELLIN,ESTACION DE SERVICIO COORDINADORA DE TANQUES,TERPEL,CALLE 80 No. 65-145,BIODIESEL EXTRA,8030,1,2018-05-03T00:00:00.000
5,antioquia,5321,GUATAPE,ESTACION DE SERVICIO GUATAPE R Y R,TERPEL,CALLE 32 CARRERA 28-71,GASOLINA CORRIENTE OXIGENADA,9173,1,2018-05-03T00:00:00.000
5,antioquia,5697,SANTUARIO,ESTACION DE SERVICIO ALTO BONITO,TERPEL,VEREDA VALLE MARIA,GASOLINA CORRIENTE OXIGENADA,8980,1,2018-05-03T00:00:00.000
76,valle del cauca,76001,SANTIAGO DE CALI,SERVICIOS LA 23 ALONSO GOMEZ MARTINEZ,TERPEL,CALLE 23 No. 16-40,GASOLINA EXTRA OXIGENADA,10980,1,2018-05-03T00:00:00.000
76,valle del cauca,76736,SEVILLA,ESTACION DE SERVICIO SERVICENTRO ESSO MIRAVALLE,MOBIL,Calle 46 No 51- 73,BIODIESEL EXTRA,8900,1,2018-05-03T00:00:00.000
76,valle del cauca,76892,YUMBO,SS EL PORTAL DE DAPA MARTIGONZA,PETROMIL,CALLE 10  No. 29 B-51,BIODIESEL EXTRA,8300,1,2018-05-03T00:00:00.000
5,antioquia,5541,EL PEÑOL,ESTACION DE SERVICIOS EL OASIS,TERPEL,Calle 10 No 11-30,BIODIESEL EXTRA,8707,1,2018-05-03T00:00:00.000
5,antioquia,5658,SAN JOSE DE LA MONTAÑA,ESTACION DE SERVICIO  JMP,ZEUSS,Carrera 20 No.21-30,GASOLINA CORRIENTE OXIGENADA,9483,1,2018-05-03T00:00:00.000
76,valle del cauca,76001,SANTIAGO DE CALI,ESTACION DE SERVICIO DISTRIBUIDORA DE COMBUSTIBLES SAN MARINO,MOBIL,Calle 70 No.7 D Bis-70,BIODIESEL EXTRA,8540,1,2018-05-03T00:00:00.000
5,antioquia,5604,REMEDIOS,ESTACION  DE SERVICIO  Y SERVICTECA ANGOLA,MOBIL,CRA 15 3A 250,GASOLINA EXTRA OXIGENADA,11340,1,2018-05-03T00:00:00.000
5,antioquia,5659,SAN JUAN DE URABA,ESTACION ORIENTE,TEXACO,CALLE 20 No. 16-58,BIODIESEL EXTRA,8800,1,2018-05-03T00:00:00.000
5,antioquia,5001,MEDELLIN,ESTACION DE SERVICIO LA AGUACATALA,MOBIL,Carrera 48 No 15 sur 30,BIODIESEL EXTRA,9280,1,2018-05-03T00:00:00.000
5,antioquia,5308,GIRARDOTA,ESTACION DE SERVICIO EXITO LA SIERRA,MOBIL,VEREDA SAN ESTEBAN BELLO - HATILLO KILOMETRO 11 80 METROS,GASOLINA EXTRA OXIGENADA,11800,1,2018-05-03T00:00:00.000
5,antioquia,5154,CAUCASIA,DISTRIBUCIONES EL DORADO,MOBIL,CARRERA 20 No. 29-45,GASOLINA CORRIENTE OXIGENADA,9230,1,2018-05-03T00:00:00.000
76,valle del cauca,76001,SANTIAGO DE CALI,EDS TEXACO IMBANACO No 17,TEXACO,CALLE 5 No. 38D-154,GASOLINA EXTRA OXIGENADA,9087,1,2018-05-03T00:00:00.000
76,valle del cauca,76020,ALCALA,EDS FENIX,MOBIL,VEREDA SAN FELIPE,GASOLINA CORRIENTE OXIGENADA,9115,1,2018-05-03T00:00:00.000
76,valle del cauca,76001,SANTIAGO DE CALI,EDS PANCE - GASO,ESSO,CALLE 36 No. 127A-21 (KILOMETRO 7 VIA JAMUNDI),BIODIESEL EXTRA,8340,1,2018-05-03T00:00:00.000
5,antioquia,5001,MEDELLIN,ESTACION DE SERVICIO DISTRACOM SAN CRISTOBAL,MOBIL,CALLE 64 No. 127-75  KILOMETRO 5 CARRETERA AL MAR,BIODIESEL EXTRA,8320,1,2018-05-03T00:00:00.000
5,antioquia,5237,DON MATIAS,ESTACION DE SERVICIO PORTAL DEL NORTE,ZEUSS,CARRETERA TRONCAL DEL NORTE KILOMETRO 1 5 VIA DON MATIAS SANTA ROSA DE OSOS,BIODIESEL EXTRA,8418,1,2018-05-03T00:00:00.000
5,antioquia,5001,MEDELLIN,BOMBA LA V,ZEUSS,CARRERA 15 No. 50-75,BIODIESEL EXTRA,8472,1,2018-05-03T00:00:00.000
76,valle del cauca,76834,TULUA,ESTACION DE SERVICIO TEXACO 26 TULUA,TEXACO,CALLE 27 No. 30-01,GASOLINA CORRIENTE OXIGENADA,9170,1,2018-05-03T00:00:00.000
5,antioquia,5315,GUADALUPE,ESTACION DE SERVICIO ECOMSERVICIOS EAT,ZEUSS,VEREDA PUENTE ACACIAS,GASOLINA CORRIENTE OXIGENADA,9460,1,2018-05-03T00:00:00.000
5,antioquia,5038,ANGOSTURA,ESTACION DE SERVICIO A.C LLANOS DE CUIVA,ZEUSS,KILOMETRO 94 VIA LA COSTA(VIA AL MAR),BIODIESEL EXTRA,8237,1,2018-05-03T00:00:00.000
76,valle del cauca,76892,YUMBO,ESTACION DE SERVICIO TRANSCARGA R G,PETROBRAS,Carrera 25 No. 12-40 Parcelación La Y,BIODIESEL EXTRA,8553,1,2018-05-03T00:00:00.000
5,antioquia,5490,NECOCLI,ESTACION DE SERVICIOS MARIANZA,PETROMIL,PARCELA VEINTISEIS CORREGIMIENTO EL TOTUMO,BIODIESEL EXTRA,8250,1,2018-05-03T00:00:00.000
76,valle del cauca,76890,YOTOCO,ESTACION DE SERVICIO TERPEL EL SAMAN MEDIA CANOA,TERPEL,KILOMETRO 7 VIA BUGA - BUENAVENTURA,GASOLINA EXTRA OXIGENADA,11100,1,2018-05-03T00:00:00.000
5,antioquia,5837,TURBO,SERVICENTRO CASANOVA,TERPEL,SECTOR CASANOVA KILOMETRO 2 VIA TURBO-APARTADO,GASOLINA CORRIENTE OXIGENADA,9170,1,2018-05-03T00:00:00.000
5,antioquia,5148,EL CARMEN DE VIBORAL,ESTACION DE SERVICIO DISTRACOM EL PORTICO,MOBIL,CARRERA 31 No. 44-130,BIODIESEL EXTRA,8330,1,2018-05-03T00:00:00.000
76,valle del cauca,76001,SANTIAGO DE CALI,PWR SERVICE,BIOMAX,Calle 5 No. 86 A - 08,BIODIESEL EXTRA,11300,1,2018-05-03T00:00:00.000
5,antioquia,5318,GUARNE,ESTACION DE SERVICIO PREMIUM EL RETORNO,TEXACO,VEREDA ROMERAL LOCALIDAD 318 RETORNO No. 5,BIODIESEL EXTRA,8050,1,2018-05-03T00:00:00.000
76,valle del cauca,76364,JAMUNDI,SERVICENTRO ESSO BOLIVAR,MOBIL,Carrera 10  No. 14-16,GASOLINA EXTRA OXIGENADA,11850,1,2018-05-03T00:00:00.000
76,valle del cauca,76001,SANTIAGO DE CALI,ESTACION DE SERVICIOS TEXACO NO 6,TEXACO,Avenida 4 Oeste No. 7-180,BIODIESEL EXTRA,8545,1,2018-05-03T00:00:00.000
76,valle del cauca,76892,YUMBO,TRANSPORTE PORTILLA COMBUSTIBLES,PETROMIL,CARRERA 25 A No. 12 -170,BIODIESEL EXTRA,7749,1,2018-05-03T00:00:00.000
5,antioquia,5088,BELLO,ESTACION DE SERVICIO PORTAL DEL NORTE,MOBIL,DIAGONAL 50A No. 42B-255,GASOLINA EXTRA OXIGENADA,11590,1,2018-05-03T00:00:00.000
76,valle del cauca,76834,TULUA,ESTACION DE SERVICIO TEXACO 26 TULUA,TEXACO,CALLE 27 No. 30-01,GASOLINA EXTRA OXIGENADA,11840,1,2018-05-03T00:00:00.000
5,antioquia,5376,LA CEJA,ESTACION DE SERVICIOS LOS TAMBOS,TEXACO,CALLE 20 No. 28-03 05,GASOLINA CORRIENTE OXIGENADA,11350,1,2018-05-03T00:00:00.000
5,antioquia,5615,CANON DE RIO CLARO,ZEUSS JOSE MARIA CORDOVA,ZEUSS,GLORIETA AEROPUERTO JOSE MARIA CORDOBA,GASOLINA CORRIENTE OXIGENADA,9180,1,2018-05-03T00:00:00.000
5,antioquia,5686,SANTA ROSA DE OSOS,ESTACION DE SERVICIO DISTRACOM SANTA MARIA DEL CAMINO,TEXACO,VEREDA SAN JUAN KILOMETRO 6 VIA QUE CONDUCE DE MEDELLIN A SANTA ROSA,BIODIESEL EXTRA,8270,1,2018-05-03T00:00:00.000
5,antioquia,5148,EL CARMEN DE VIBORAL,ESTACION DE SERVICIO DISTRACOM EL PORTICO,MOBIL,CARRERA 31 No. 44-130,GASOLINA CORRIENTE OXIGENADA,9000,1,2018-05-03T00:00:00.000
5,antioquia,5615,CANON DE RIO CLARO,TERPEL LA CAPILLA,TERPEL,CALLE 47 No. 52-63,GASOLINA CORRIENTE OXIGENADA,9150,1,2018-05-03T00:00:00.000
5,antioquia,5088,BELLO,EDS NAVARRA,TERPEL,DIAGONAL 52 No 20-100 AUTOPISTA NORTE,GASOLINA CORRIENTE OXIGENADA,9130,1,2018-05-03T00:00:00.000
5,antioquia,5051,ARBOLETES,ESTACION DE SERVICIO EL PUENTE,ESSO,CALLE 26 No. 29-30,GASOLINA EXTRA OXIGENADA,11500,1,2018-05-03T00:00:00.000
5,antioquia,5615,CANON DE RIO CLARO,ESTACION DE SERVICIO CRUCERO DEL OESTE ASOCIADOS SAS,MOBIL,VEREDA EL PONTEZUELA,GASOLINA EXTRA OXIGENADA,11680,1,2018-05-03T00:00:00.000
5,antioquia,5308,GIRARDOTA,ESTACION DE SERVICIO ESSO COCOROLLO,MOBIL,Autopista Norte Km. 20 vía Girardota,GASOLINA CORRIENTE OXIGENADA,8760,1,2018-05-03T00:00:00.000
76,valle del cauca,76001,SANTIAGO DE CALI,COMERCIALIZADORA MARTINEZ ACOSTA MONTOYA SAS,TERPEL,CALLE 54 No. 42B-04,BIODIESEL EXTRA,8350,1,2018-05-03T00:00:00.000
76,valle del cauca,76520,PALMIRA,CAUCASECO SA,ESSO,TEXACO KILOMETRO 1 RECTA CALI PALMIRA,GASOLINA EXTRA OXIGENADA,11590,1,2018-05-03T00:00:00.000
5,antioquia,5079,BARBOSA,ESTACION DE GASOLINA BARBOSA,ZEUSS,Carrera 17 # 8-60,GASOLINA CORRIENTE OXIGENADA,9083,1,2018-05-03T00:00:00.000
76,valle del cauca,76892,YUMBO,EDS TERPEL AMERICAS YUMBO,TERPEL,CALLE 10 No. 19A-81,GASOLINA CORRIENTE OXIGENADA,8690,1,2018-05-03T00:00:00.000
5,antioquia,5364,JARDIN,ESTACION DE SERVICIO EL PRADO,TERPEL,CARRERA 6 No. 5-30,GASOLINA CORRIENTE OXIGENADA,9390,1,2018-05-03T00:00:00.000
5,antioquia,5615,CANON DE RIO CLARO,ZEUSS JOSE MARIA CORDOVA,ZEUSS,GLORIETA AEROPUERTO JOSE MARIA CORDOBA,GASOLINA EXTRA OXIGENADA,11800,1,2018-05-03T00:00:00.000
5,antioquia,5237,DON MATIAS,ESTACION DE SERVICIO PORTAL DEL NORTE,ZEUSS,CARRETERA TRONCAL DEL NORTE KILOMETRO 1 5 VIA DON MATIAS SANTA ROSA DE OSOS,GASOLINA CORRIENTE OXIGENADA,8993,1,2018-05-03T00:00:00.000
5,antioquia,5604,REMEDIOS,ESTACION  DE SERVICIO  Y SERVICTECA ANGOLA,MOBIL,CRA 15 3A 250,BIODIESEL EXTRA,8810,1,2018-05-03T00:00:00.000
5,antioquia,5490,NECOCLI,ESTACION DE SERVICIOS MARIANZA,PETROMIL,PARCELA VEINTISEIS CORREGIMIENTO EL TOTUMO,GASOLINA CORRIENTE OXIGENADA,9070,1,2018-05-03T00:00:00.000
5,antioquia,5266,ENVIGADO,ESTACION DE SERVICIO EXITO ENVIGADO,MOBIL,CARRERA 48 No. 34 SUR-29,GASOLINA EXTRA OXIGENADA,11790,1,2018-05-03T00:00:00.000
76,valle del cauca,76001,SANTIAGO DE CALI,ESTACION DE SERVICIO AVENIDA SUR,TERPEL,Carrera  70  No. 3 B 14,BIODIESEL EXTRA,8440,1,2018-05-03T00:00:00.000
5,antioquia,5234,DABEIBA,ESTACION DE SERVICIOS SEBASMAR,ZEUSS,CARRERA 10 No. 8-87,BIODIESEL EXTRA,8600,1,2018-05-03T00:00:00.000
5,antioquia,5001,MEDELLIN,ESTACION DE SERVICIO ALTAVISTA,TERPEL,CALLE 18D No. 89-11 (110),GASOLINA CORRIENTE OXIGENADA,8800,1,2018-05-03T00:00:00.000
76,valle del cauca,76001,SANTIAGO DE CALI,ESTACION DE SERVICIO SUCRE,TEXACO,Calle 15 No. 13A - 05,GASOLINA CORRIENTE OXIGENADA,9058,1,2018-05-03T00:00:00.000
5,antioquia,5697,SANTUARIO,ESTACION DE SERVICIO ALTO BONITO,TERPEL,VEREDA VALLE MARIA,BIODIESEL EXTRA,8130,1,2018-05-03T00:00:00.000
5,antioquia,5380,LA ESTRELLA,MOBIL COCOROLLO EL ALTICO,ESSO,CARRERA 48 N 100B SUR - 151,GASOLINA CORRIENTE OXIGENADA,8668,1,2018-05-03T00:00:00.000
76,valle del cauca,76001,SANTIAGO DE CALI,ESTACION DE SERVICIO VALLE DE LILI CON CRA 98,TERPEL,CARRERA 98 No. 16-50,GASOLINA CORRIENTE OXIGENADA,8990,1,2018-05-03T00:00:00.000
76,valle del cauca,76001,SANTIAGO DE CALI,ESTACION DE SERVICIO TERPEL EDS LA 44,TERPEL,CALLE 44 No. 1D-51,BIODIESEL EXTRA,8390,1,2018-05-03T00:00:00.000
5,antioquia,5001,MEDELLIN,ESTACION DE SERVICIO SERVAS LTDA,TEXACO,CALLE  44   80 60,GASOLINA EXTRA OXIGENADA,11240,1,2018-05-03T00:00:00.000
5,antioquia,5001,MEDELLIN,EDS TERPEL LA 30,TERPEL,Carrera 65 # 30 - 40,BIODIESEL EXTRA,8470,1,2018-05-03T00:00:00.000
5,antioquia,5631,SABANETA,ESTACION DE SERVICIO AUTOMOTRIZ COMBUSCOL SANTRA,TEXACO,CARRERA 49 SUR No. 52-300,BIODIESEL EXTRA,8440,1,2018-05-03T00:00:00.000
5,antioquia,5264,ENTRERRIOS,SERVICENTRO LAS VEGAS DE ENTRERRIOS,TERPEL,Carrera 12 No 12 - 50,BIODIESEL EXTRA,8460,1,2018-05-03T00:00:00.000
5,antioquia,5579,PUERTO BERRIO,ESTACION DE SERVICIO LAS FLORES,BIOMAX,KILOMETRO 6 VIA A MEDELLIN,GASOLINA CORRIENTE OXIGENADA,8920,1,2018-05-03T00:00:00.000
76,valle del cauca,76670,SAN PEDRO,ESSO SAN PEDRO,MOBIL,KILOMETRO 14 AUTOPISTA BUGA - TULUA,BIODIESEL EXTRA,8020,1,2018-05-03T00:00:00.000
76,valle del cauca,76834,TULUA,ESTACION DE SERVICIO EL PRADO,TERPEL,CARRERA 20 No. 25-41,BIODIESEL EXTRA,8503,1,2018-05-03T00:00:00.000
5,antioquia,5001,MEDELLIN,ESTACION DE SERVICIO MOBIL LAS MARGARITAS,MOBIL,Carrera 64 C No 67 - 348,GASOLINA EXTRA OXIGENADA,11850,1,2018-05-03T00:00:00.000
76,valle del cauca,76364,JAMUNDI,SERVICENTRO ESSO BOLIVAR,MOBIL,Carrera 10  No. 14-16,GASOLINA CORRIENTE OXIGENADA,8990,1,2018-05-03T00:00:00.000
76,valle del cauca,76001,SANTIAGO DE CALI,EDS  VILLA SAN MARCOS,TEXACO,Transversal 103 No. 89-24,BIODIESEL EXTRA,8570,1,2018-05-03T00:00:00.000
76,valle del cauca,76130,CANDELARIA,EDS TERPEL SAN ANTONIO,TERPEL,LOTE 1A CORREGIMIENTO EL BOLO,BIODIESEL EXTRA,8050,1,2018-05-03T00:00:00.000
5,antioquia,5615,CANON DE RIO CLARO,TERPEL LA CAPILLA,TERPEL,CALLE 47 No. 52-63,BIODIESEL EXTRA,8460,1,2018-05-03T00:00:00.000
5,antioquia,5088,BELLO,ESTACION DE SERVICIO SAN FELIX,ZEUSS,CORREGIMIENTO SAN FELIX. KILOMETRO 8 VIA MEDELLIN - SAN PEDRO,BIODIESEL EXTRA,8485,1,2018-05-03T00:00:00.000
5,antioquia,5318,GUARNE,ESTACION DE SERVICIO PREMIUM EL RETORNO,TEXACO,VEREDA ROMERAL LOCALIDAD 318 RETORNO No. 5,GASOLINA EXTRA OXIGENADA,11430,1,2018-05-03T00:00:00.000
5,antioquia,5088,BELLO,EDS NAVARRA,TERPEL,DIAGONAL 52 No 20-100 AUTOPISTA NORTE,BIODIESEL EXTRA,8520,1,2018-05-03T00:00:00.000
76,valle del cauca,76041,ANSERMANUEVO,ESTACION DE SERVICIO CHOCO,BIOMAX,CARRERA 4 No. 1A-78,BIODIESEL EXTRA,8240,1,2018-05-03T00:00:00.000
5,antioquia,5690,SANTO DOMINGO,EDS COMDECOM PESCAITO,TEXACO,KM 17 VIA BARBOSA-PUERTO BERRIO,GASOLINA CORRIENTE OXIGENADA,9310,1,2018-05-03T00:00:00.000
76,valle del cauca,76001,SANTIAGO DE CALI,ESTACION DE SERVICIO SUCRE,TEXACO,Calle 15 No. 13A - 05,BIODIESEL EXTRA,8468,1,2018-05-03T00:00:00.000
5,antioquia,5686,SANTA ROSA DE OSOS,ESTACION DE SERVICIO DISTRACOM SANTA MARIA DEL CAMINO,TEXACO,VEREDA SAN JUAN KILOMETRO 6 VIA QUE CONDUCE DE MEDELLIN A SANTA ROSA,GASOLINA CORRIENTE OXIGENADA,9090,1,2018-05-03T00:00:00.000
5,antioquia,5266,ENVIGADO,TERPEL PALMITAS,TERPEL,Variante Las Palmas - Aeropuerto,BIODIESEL EXTRA,8540,1,2018-05-03T00:00:00.000
5,antioquia,5690,SANTO DOMINGO,EDS COMDECOM PESCAITO,TEXACO,KM 17 VIA BARBOSA-PUERTO BERRIO,BIODIESEL EXTRA,8840,1,2018-05-03T00:00:00.000
5,antioquia,5579,PUERTO BERRIO,ESTACION DE SERVICIO LAS FLORES,BIOMAX,KILOMETRO 6 VIA A MEDELLIN,BIODIESEL EXTRA,8090,1,2018-05-03T00:00:00.000
76,valle del cauca,76834,TULUA,ESTACION DE SERVICIO EL PRADO,TERPEL,CARRERA 20 No. 25-41,GASOLINA CORRIENTE OXIGENADA,9190,1,2018-05-03T00:00:00.000
5,antioquia,5541,EL PEÑOL,EDS LA CATEDRAL,ZEUSS,CARRERA 22  G No. 6-06,GASOLINA EXTRA OXIGENADA,11670,1,2018-05-03T00:00:00.000
5,antioquia,5001,MEDELLIN,ESTACION DE SERVICIO AUTOMOTRIZ COMBUSCOL LA 70,TEXACO,cra70#44-23,BIODIESEL EXTRA,8570,1,2018-05-03T00:00:00.000
5,antioquia,5264,ENTRERRIOS,SERVICENTRO LAS VEGAS DE ENTRERRIOS,TERPEL,Carrera 12 No 12 - 50,GASOLINA EXTRA OXIGENADA,11250,1,2018-05-03T00:00:00.000
5,antioquia,5001,MEDELLIN,ESTACION DE SERVICIO MOBIL LAS MARGARITAS,MOBIL,Carrera 64 C No 67 - 348,GASOLINA CORRIENTE OXIGENADA,8980,1,2018-05-03T00:00:00.000
76,valle del cauca,76036,ANDALUCIA,ESTACION DE SERVICIO TERPEL ANDALUCIA 2,TERPEL,CARRERA 14 No. 1-62,GASOLINA CORRIENTE OXIGENADA,8742,1,2018-05-03T00:00:00.000
76,valle del cauca,76001,SANTIAGO DE CALI,ESTACION DE SERVICIO TERPEL TEQUENDAMA,TERPEL,CALLE 9 ENTRE CARRERA 43 Y 44 No. 43 - 09,BIODIESEL EXTRA,8490,1,2018-05-03T00:00:00.000
76,valle del cauca,76233,DAGUA,LFVRT EST- DE SERVICIO BRISAS DEL QUEREMAL,TERPEL,CALLE 14 CARRERA 8 ESQUINA CENTRO POBLADO DEL QUEREMEL,GASOLINA CORRIENTE OXIGENADA,9380,1,2018-05-03T00:00:00.000
5,antioquia,5147,CAREPA,ESTACION DE SERVICIO DISTRACOM CASA VERDE,MOBIL,VEREDA CASA VERDE,BIODIESEL EXTRA,8510,1,2018-05-03T00:00:00.000
5,antioquia,5001,MEDELLIN,BOMBA LA V,ZEUSS,CARRERA 15 No. 50-75,GASOLINA CORRIENTE OXIGENADA,8879,1,2018-05-03T00:00:00.000
76,valle del cauca,76001,SANTIAGO DE CALI,ESTACION DE SERVICIO SERVICENTRO PORTADA AL MAR,MOBIL,AVENIDA 4 OESTE No. 7-10,BIODIESEL EXTRA,8550,1,2018-05-03T00:00:00.000
5,antioquia,5051,ARBOLETES,ESTACION DE SERVICIO EL PUENTE,ESSO,CALLE 26 No. 29-30,BIODIESEL EXTRA,8830,1,2018-05-03T00:00:00.000
5,antioquia,5234,DABEIBA,ESTACION DE SERVICIOS SEBASMAR,ZEUSS,CARRERA 10 No. 8-87,GASOLINA CORRIENTE OXIGENADA,9188,1,2018-05-03T00:00:00.000
5,antioquia,5604,REMEDIOS,ESTACION DE SERVICIO AMARU,ZEUSS,CIRCULAR 8 No. 17- 08 14,GASOLINA EXTRA OXIGENADA,11590,1,2018-05-03T00:00:00.000
5,antioquia,5147,CAREPA,ZEUSS LAS PLAYAS,ZEUSS,Carrera 80 No. 76-47,BIODIESEL EXTRA,8150,1,2018-05-03T00:00:00.000
76,valle del cauca,76895,ZARZAL,ESTACION  Y ALMACEN DE REPUESTOS EL TRIANGULO,TERPEL,Calle 5 No. 10-61,GASOLINA CORRIENTE OXIGENADA,8990,1,2018-05-03T00:00:00.000
5,antioquia,5001,MEDELLIN,ESTACION DE SERVICIO ESTRELLA DE OCCIDENTE,TEXACO,CALLE 58C N 132  79,GASOLINA EXTRA OXIGENADA,12090,1,2018-05-03T00:00:00.000
5,antioquia,5212,COPACABANA,EDS NUEVA COPACABANA,ZEUSS,CALLE 59 No.42-211,BIODIESEL EXTRA,8360,1,2018-05-03T00:00:00.000
76,valle del cauca,76001,SANTIAGO DE CALI,EDS INVERSIONES TERPEL JUNIN,TERPEL,DIAGONAL 23 No. 12-25,GASOLINA EXTRA OXIGENADA,11290,1,2018-05-03T00:00:00.000
76,valle del cauca,76001,SANTIAGO DE CALI,ESTACION DE SERVICIO EL LIDO,ESSO,CALLE 5 No. 44-24,BIODIESEL EXTRA,8530,1,2018-05-03T00:00:00.000
76,valle del cauca,76736,SEVILLA,ESTACION DE SERVICIO FERNANDEZ,MOBIL,"Carrera.49 No 53-00,",BIODIESEL EXTRA,8950,1,2018-05-03T00:00:00.000
76,valle del cauca,76616,RIOFRIO,ESTACION DE SERVICIO PIEDRAPINTADA,TERPEL,Carrera 8 Calle 5 esquina,GASOLINA CORRIENTE OXIGENADA,9190,1,2018-05-03T00:00:00.000
76,valle del cauca,76520,PALMIRA,ESTACION DE SERVICIO AUTOMOTRIZ SERVICENTRO LA NORTE PALMIRA,MOBIL,CARRERA 28 No. 39-20,GASOLINA EXTRA OXIGENADA,11900,1,2018-05-03T00:00:00.000
76,valle del cauca,76563,PRADERA,DISTRIBUIDORA DE COMBUSTIBLES EL CASTILLO,PETROMIL,CALLE 7 NO. 3-49,GASOLINA CORRIENTE OXIGENADA,9060,1,2018-05-03T00:00:00.000
76,valle del cauca,76001,SANTIAGO DE CALI,EDS TEXACO IMBANACO No 17,TEXACO,CALLE 5 No. 38D-154,BIODIESEL EXTRA,8470,1,2018-05-03T00:00:00.000
5,antioquia,5088,BELLO,ESTACION DE SERVICIO PORTAL DE NIQUIA,TERPEL,Avenida38 No 51 - 183,GASOLINA EXTRA OXIGENADA,11580,1,2018-05-03T00:00:00.000
5,antioquia,5360,ITAGUI,ESTACION DE SERVICIO TEXACO COLTEJER,TEXACO,CARRERA 52 No. 60-110,BIODIESEL EXTRA,8290,1,2018-05-03T00:00:00.000
76,valle del cauca,76111,GUADALAJARA DE BUGA,ESTACION DE SERVICIO BOMBEROS VOLUNTARIOS BUGA,TERPEL,Calle 2 Sur No 10-72,GASOLINA CORRIENTE OXIGENADA,9240,1,2018-05-03T00:00:00.000
5,antioquia,5308,GIRARDOTA,ESTACION DE SERVICIO EXITO LA SIERRA,MOBIL,VEREDA SAN ESTEBAN BELLO - HATILLO KILOMETRO 11 80 METROS,GASOLINA CORRIENTE OXIGENADA,8960,1,2018-05-03T00:00:00.000
76,valle del cauca,76364,JAMUNDI,ESTACION DE SERVICIO MOBIL SAN JORGE,MOBIL,CARRERA 10 No. 16 - 36,GASOLINA EXTRA OXIGENADA,11850,1,2018-05-03T00:00:00.000
76,valle del cauca,76520,PALMIRA,ESTACION DE SERVICIO AUTOMOTRIZ LAS VICTORIAS,TERPEL,CARRERA 32 No. 15-05,GASOLINA CORRIENTE OXIGENADA,8939,1,2018-05-03T00:00:00.000
5,antioquia,5376,LA CEJA,SERVITECA LA CEJA,ZEUSS,Carrera 20 No 26 -45,GASOLINA EXTRA OXIGENADA,11380,1,2018-05-03T00:00:00.000
5,antioquia,5088,BELLO,EDS PUERTO BELLO,MOBIL,CARRERA 50 No. 43-69,GASOLINA CORRIENTE OXIGENADA,9165,1,2018-05-03T00:00:00.000
5,antioquia,5001,MEDELLIN,ESTACION DE SERVICIO NUTIBARA,MOBIL,TRANSVERSAL 39B No. 79-41,GASOLINA CORRIENTE OXIGENADA,8990,1,2018-05-03T00:00:00.000
76,valle del cauca,76001,SANTIAGO DE CALI,ESTACION DE SERVICIO DISTRIBUIDORA DE COMBUSTIBLES SAN MARINO,MOBIL,Calle 70 No.7 D Bis-70,GASOLINA CORRIENTE OXIGENADA,9152,1,2018-05-03T00:00:00.000
76,valle del cauca,76001,SANTIAGO DE CALI,ESTACION DE SERVICIO BRETANA,TERPEL,CALLE 10 No. 15-53,GASOLINA EXTRA OXIGENADA,11680,1,2018-05-03T00:00:00.000
76,valle del cauca,76001,SANTIAGO DE CALI,TEXACO No 2,TEXACO,AVENIDA 3 N No. 23B-60,GASOLINA CORRIENTE OXIGENADA,8690,1,2018-05-03T00:00:00.000
5,antioquia,5425,MACEO,ESTACION DE GASOLINA Y LUBRICANTES LA FLORESTA,ZEUSS,CORREGIMIENTO LA FLORESTA,GASOLINA EXTRA OXIGENADA,11800,1,2018-05-03T00:00:00.000
76,valle del cauca,76130,CANDELARIA,EDS TERPEL SAN ANTONIO,TERPEL,LOTE 1A CORREGIMIENTO EL BOLO,GASOLINA EXTRA OXIGENADA,11050,1,2018-05-03T00:00:00.000
76,valle del cauca,76111,GUADALAJARA DE BUGA,ESSO STAMBUL,MOBIL,Calle 1 No.10-35,BIODIESEL EXTRA,8620,1,2018-05-03T00:00:00.000
76,valle del cauca,76100,BOLIVAR,ESTACION DE SERVICIO BOLIVAR 2,BIOMAX,KILOMETRO 2 SALIDA A ROLDANILLO,GASOLINA CORRIENTE OXIGENADA,9140,1,2018-05-03T00:00:00.000
5,antioquia,5390,LA PINTADA,SERVICENTRO EL CRUCERO LA PINTADA,TERPEL,Avenida 30 No 29-16,BIODIESEL EXTRA,8040,1,2018-05-03T00:00:00.000
5,antioquia,5088,BELLO,EDS ESTRELLA RENACIMIENTO,TEXACO,CARRERA 50 No. 35 - 96,GASOLINA CORRIENTE OXIGENADA,9247,1,2018-05-03T00:00:00.000
76,valle del cauca,76520,PALMIRA,ESTACION DE SERVICIO LA 42,TERPEL,CALLE 42 No. 34B-63,GASOLINA EXTRA OXIGENADA,10540,1,2018-05-03T00:00:00.000
5,antioquia,5197,COCORNA,ESTACION DE SERVICO LA MANOSA,ZEUSS,KILOMETRO 89 AUTOPISTA MEDELLIN - BOGOTA  VEREDA SAN LORENZO,GASOLINA CORRIENTE OXIGENADA,8945,1,2018-05-03T00:00:00.000
5,antioquia,5001,MEDELLIN,ESTACION DE SERVICIO DISTRACOM SAN CRISTOBAL,MOBIL,CALLE 64 No. 127-75  KILOMETRO 5 CARRETERA AL MAR,GASOLINA EXTRA OXIGENADA,11680,1,2018-05-03T00:00:00.000
5,antioquia,5001,MEDELLIN,ESTACION DE SERVICIO AUTOMOTRIZ SANTA MARIA DE LOS ANGELES,ESSO,CARRERA 43A No. 17SUR-35,BIODIESEL EXTRA,9280,1,2018-05-03T00:00:00.000
76,valle del cauca,76736,SEVILLA,ESTACION DE SERVICIO SERVICENTRO ESSO MIRAVALLE,MOBIL,Calle 46 No 51- 73,GASOLINA CORRIENTE OXIGENADA,9260,1,2018-05-03T00:00:00.000
76,valle del cauca,76616,RIOFRIO,ESTACION DE SERVICIO PIEDRAPINTADA,TERPEL,Carrera 8 Calle 5 esquina,BIODIESEL EXTRA,8490,1,2018-05-03T00:00:00.000
5,antioquia,5129,CALDAS,ZEUSS LOS LAGOS,ZEUSS,KILOMETRO 15 VIA CALDAS - LA PINTADA,GASOLINA CORRIENTE OXIGENADA,9160,1,2018-05-03T00:00:00.000
5,antioquia,5001,MEDELLIN,SERVICENTRO ESSO ESTADIO,MOBIL,Carrera 70 No. 49 B -28,GASOLINA EXTRA OXIGENADA,11860,1,2018-05-03T00:00:00.000
76,valle del cauca,76001,SANTIAGO DE CALI,ESTACION DE SERVICIO DECEPAZ,TERPEL,CARRERA 23 No. 103-12,BIODIESEL EXTRA,8580,1,2018-05-03T00:00:00.000
76,valle del cauca,76020,ALCALA,EDS FENIX,MOBIL,VEREDA SAN FELIPE,BIODIESEL EXTRA,8110,1,2018-05-03T00:00:00.000
5,antioquia,5001,MEDELLIN,ZEUSS FERROCARRIL,ZEUSS,CARRERA 54 No. 36-20,BIODIESEL EXTRA,8430,1,2018-05-03T00:00:00.000
5,antioquia,5001,MEDELLIN,ESTACION DE SERVICIO TECNICENTRO LOS COLORES,MOBIL,Calle 53 No 72 - 7,GASOLINA EXTRA OXIGENADA,11990,1,2018-05-03T00:00:00.000
76,valle del cauca,76001,SANTIAGO DE CALI,ESTACION DE SERVICIO AUTOMOTRIZ EL PODEROSO,TERPEL,CARRERA 26P DIAGONAL 28C 37-45,GASOLINA CORRIENTE OXIGENADA,9268,1,2018-05-03T00:00:00.000
76,valle del cauca,76233,DAGUA,LFVRT EST- DE SERVICIO BRISAS DEL QUEREMAL,TERPEL,CALLE 14 CARRERA 8 ESQUINA CENTRO POBLADO DEL QUEREMEL,BIODIESEL EXTRA,8840,1,2018-05-03T00:00:00.000
76,valle del cauca,76563,PRADERA,DISTRIBUIDORA DE COMBUSTIBLES EL CASTILLO,PETROMIL,CALLE 7 NO. 3-49,BIODIESEL EXTRA,8490,1,2018-05-03T00:00:00.000
76,valle del cauca,76001,SANTIAGO DE CALI,ESTACION DE SERVICIO EL CAMBIO  SAS,MOBIL,CALLE 9 No. 41-50,GASOLINA CORRIENTE OXIGENADA,8960,1,2018-05-03T00:00:00.000
5,antioquia,5001,MEDELLIN,ESTACION DE SERVICIO COOTRASANA,TERPEL,CARRERA 72 No. 41SUR-159 SAN ANTONIO DE PRADO,BIODIESEL EXTRA,8260,1,2018-05-03T00:00:00.000
76,valle del cauca,76001,SANTIAGO DE CALI,ESTACION DE SERVICIO TERPEL BELALCAZAR,TERPEL,CARRERA 17B No. 23-31,BIODIESEL EXTRA,8290,1,2018-05-03T00:00:00.000
5,antioquia,5579,PUERTO BERRIO,ESTACION DE SERVICIO DISTRACOM LA MAGDALENA,BIOMAX,CARRERA 7 NO. 43-29,GASOLINA CORRIENTE OXIGENADA,8860,1,2018-05-03T00:00:00.000
5,antioquia,5890,YOLOMBO,ESTACION DE SERVICIO LA MARQUESA,ZEUSS,Calle 12 No.14-10,BIODIESEL EXTRA,8360,1,2018-05-03T00:00:00.000
76,valle del cauca,76001,SANTIAGO DE CALI,ESTACION DE SERVICIO MOBIL CAPRI,MOBIL,Cl 5 Nº 77  59,BIODIESEL EXTRA,8560,1,2018-05-03T00:00:00.000
76,valle del cauca,76001,SANTIAGO DE CALI,EDS LA 70,TERPEL,Calle 70 No. 26-20,BIODIESEL EXTRA,8260,1,2018-05-03T00:00:00.000
5,antioquia,5088,BELLO,EDS LA GRANJA,TEXACO,VEREDA CUARTAS,BIODIESEL EXTRA,8690,1,2018-05-03T00:00:00.000
5,antioquia,5045,APARTADO,ESTACIÓN DE SERVICIO TER DEX EL REPOSO,TERPEL,ZUNGO CARRETERA KILOMETRO 8,BIODIESEL EXTRA,8585,1,2018-05-03T00:00:00.000
5,antioquia,5129,CALDAS,ZEUSS LA 50 CALDAS,ZEUSS,CARRERA 50 No. 122 SUR-37,GASOLINA EXTRA OXIGENADA,11550,1,2018-05-03T00:00:00.000
5,antioquia,5034,ANDES,SERVICENTRO COOTRASANDINA,TERPEL,Avenida Medellín No 53-08,GASOLINA CORRIENTE OXIGENADA,9780,1,2018-05-03T00:00:00.000
76,valle del cauca,76001,SANTIAGO DE CALI,ESTACION DE SERVICIO EL OBRERO OP SAS,TEXACO,CARRERA 9 No. 20-25,BIODIESEL EXTRA,8400,1,2018-05-03T00:00:00.000
76,valle del cauca,76020,ALCALA,ESTACION DE SERVICIO COOETRANSALCA,PETROMIL,CALLE 6 Nº 6-09 Salida a Pereira,GASOLINA CORRIENTE OXIGENADA,9204,1,2018-05-03T00:00:00.000
5,antioquia,5264,ENTRERRIOS,ESTACION DE SERVICIO DISTRACOM LOS SAUCES,TEXACO,CARRERA 13  No. 1 MANZANA 041,GASOLINA EXTRA OXIGENADA,11250,1,2018-05-03T00:00:00.000
5,antioquia,5376,LA CEJA,SERVITECA LA CEJA,ZEUSS,Carrera 20 No 26 -45,BIODIESEL EXTRA,8580,1,2018-05-03T00:00:00.000
76,valle del cauca,76001,SANTIAGO DE CALI,ESTACION DE SERVICIO BRETANA,TERPEL,CALLE 10 No. 15-53,BIODIESEL EXTRA,8460,1,2018-05-03T00:00:00.000
5,antioquia,5088,BELLO,EDS NAVARRA,TERPEL,DIAGONAL 52 No 20-100 AUTOPISTA NORTE,GASOLINA EXTRA OXIGENADA,11790,1,2018-05-03T00:00:00.000
5,antioquia,5154,CAUCASIA,DISTRIBUCIONES EL DORADO,MOBIL,CARRERA 20 No. 29-45,BIODIESEL EXTRA,8500,1,2018-05-03T00:00:00.000
76,valle del cauca,76001,SANTIAGO DE CALI,TEXACO No 2,TEXACO,AVENIDA 3 N No. 23B-60,BIODIESEL EXTRA,8450,1,2018-05-03T00:00:00.000
5,antioquia,5360,ITAGUI,ESTACION DE SERVICIO TEXACO DITAIRES,TEXACO,CALLE 36 No. 59-68,BIODIESEL EXTRA,8460,1,2018-05-03T00:00:00.000
5,antioquia,5001,MEDELLIN,ESTACION DE SERVICIO TERPEL CAMPO VALDES,TERPEL,CARRERA 49 No. 84-61,BIODIESEL EXTRA,8450,1,2018-05-03T00:00:00.000
76,valle del cauca,76001,SANTIAGO DE CALI,EDS INVERSIONES TERPEL JUNIN,TERPEL,DIAGONAL 23 No. 12-25,BIODIESEL EXTRA,8460,1,2018-05-03T00:00:00.000
76,valle del cauca,76001,SANTIAGO DE CALI,ESTACION DE SERVICIO CHIPICHAPE CON CALLE 40 N,TERPEL,CALLE 40N No. 6A-45,GASOLINA CORRIENTE OXIGENADA,8770,1,2018-05-03T00:00:00.000
76,valle del cauca,76520,PALMIRA,CAUCASECO SA,ESSO,TEXACO KILOMETRO 1 RECTA CALI PALMIRA,GASOLINA CORRIENTE OXIGENADA,9070,1,2018-05-03T00:00:00.000
5,antioquia,5380,LA ESTRELLA,MOBIL COCOROLLO EL ALTICO,ESSO,CARRERA 48 N 100B SUR - 151,GASOLINA EXTRA OXIGENADA,11278,1,2018-05-03T00:00:00.000
76,valle del cauca,76036,ANDALUCIA,ESTACION DE SERVICIO TERPEL ANDALUCIA 2,TERPEL,CARRERA 14 No. 1-62,BIODIESEL EXTRA,8026,1,2018-05-03T00:00:00.000
5,antioquia,5854,VALDIVIA,ESTACION DE SERVICIOS LAS MARGARITAS,TERPEL,KILOMETRO 14 VIA A MEDELLIN,GASOLINA CORRIENTE OXIGENADA,9324,1,2018-05-03T00:00:00.000
76,valle del cauca,76001,SANTIAGO DE CALI,EDS  VILLA SAN MARCOS,TEXACO,Transversal 103 No. 89-24,GASOLINA CORRIENTE OXIGENADA,8499,1,2018-05-03T00:00:00.000
76,valle del cauca,76001,SANTIAGO DE CALI,ESTACION DE SERVICIO AVENIDA SUR,TERPEL,Carrera  70  No. 3 B 14,GASOLINA CORRIENTE OXIGENADA,9030,1,2018-05-03T00:00:00.000
5,antioquia,5001,MEDELLIN,ESTACION DE SERVICIO MOBIL LAS MARGARITAS,MOBIL,Carrera 64 C No 67 - 348,BIODIESEL EXTRA,8460,1,2018-05-03T00:00:00.000
76,valle del cauca,76001,SANTIAGO DE CALI,EDS PANCE - GASO,ESSO,CALLE 36 No. 127A-21 (KILOMETRO 7 VIA JAMUNDI),GASOLINA CORRIENTE OXIGENADA,8890,1,2018-05-03T00:00:00.000
76,valle del cauca,76001,SANTIAGO DE CALI,ESTACION DE SERVICIO LA TERCERA CON CALLE 34 ESQUINA,TERPEL,AVENIDA 3 CON CALLE 34 ESQUINA,GASOLINA EXTRA OXIGENADA,9990,1,2018-05-03T00:00:00.000
5,antioquia,5321,GUATAPE,ESTACION DE SERVICIO GUATAPE R Y R,TERPEL,CALLE 32 CARRERA 28-71,BIODIESEL EXTRA,8575,1,2018-05-03T00:00:00.000
5,antioquia,5380,LA ESTRELLA,EDS COMDECOM PUERTO ESTRELLA,TEXACO,CALLE 77 No. 54-51,GASOLINA EXTRA OXIGENADA,11620,1,2018-05-03T00:00:00.000
5,antioquia,5376,LA CEJA,SERVITECA LA CEJA,ZEUSS,Carrera 20 No 26 -45,GASOLINA CORRIENTE OXIGENADA,9060,1,2018-05-03T00:00:00.000
76,valle del cauca,76520,PALMIRA,ESTACION DE SERVICIO LA 42,TERPEL,CALLE 42 No. 34B-63,GASOLINA CORRIENTE OXIGENADA,8680,1,2018-05-03T00:00:00.000
76,valle del cauca,76520,PALMIRA,ESTACION DE SERVICIO EL CENTRO PALMIRA,TEXACO,CALLE 29 No. 32-15,BIODIESEL EXTRA,8440,1,2018-05-03T00:00:00.000
5,antioquia,5001,MEDELLIN,EDS TERPEL LA 30,TERPEL,Carrera 65 # 30 - 40,GASOLINA EXTRA OXIGENADA,11590,1,2018-05-03T00:00:00.000
5,antioquia,5237,DON MATIAS,ESTACION DE SERVICIO PORTAL DEL NORTE,ZEUSS,CARRETERA TRONCAL DEL NORTE KILOMETRO 1 5 VIA DON MATIAS SANTA ROSA DE OSOS,GASOLINA EXTRA OXIGENADA,11450,1,2018-05-03T00:00:00.000
76,valle del cauca,76001,SANTIAGO DE CALI,ESTACION DE SERVICIO MOBIL PASOANCHO,MOBIL,CALLE 13 No. 52-92,GASOLINA CORRIENTE OXIGENADA,8580,1,2018-05-03T00:00:00.000
5,antioquia,5660,SAN LUIS,ESTACION DE SERVICIO AUTOMOTRIZ LA TROJA,TERPEL,Km. 135 Autopista Medellín- Bogotá,GASOLINA CORRIENTE OXIGENADA,9182,1,2018-05-03T00:00:00.000
5,antioquia,5154,CAUCASIA,ESTACION DE SERVICIO KENNEDY CAUCASIA,TEXACO,CARRERA 8  No. 22 - 28,GASOLINA EXTRA OXIGENADA,12025,1,2018-05-03T00:00:00.000
76,valle del cauca,76100,BOLIVAR,ESTACION DE SERVICIO BOLIVAR 2,BIOMAX,KILOMETRO 2 SALIDA A ROLDANILLO,BIODIESEL EXTRA,8490,1,2018-05-03T00:00:00.000
76,valle del cauca,76001,SANTIAGO DE CALI,EDS TERPEL LOS ANDES,TERPEL,CALLE 52 No. 1-25,GASOLINA EXTRA OXIGENADA,11230,1,2018-05-03T00:00:00.000
76,valle del cauca,76001,SANTIAGO DE CALI,EDS SARATOGA,MOBIL,AVENIDA 6 OESTE No. 37-120-130,GASOLINA CORRIENTE OXIGENADA,9208,1,2018-05-03T00:00:00.000
5,antioquia,5674,SAN VICENTE,ESTACION DE SERVICIO SAN VICENTE ZAPATA,ZEUSS,CALLE 35 No. 35-120,GASOLINA CORRIENTE OXIGENADA,9160,1,2018-05-03T00:00:00.000
5,antioquia,5615,CANON DE RIO CLARO,ESTACION DE SERVICIO CUATRO ESQUINAS,ZEUSS,Diagonal 43 No.45-275,GASOLINA CORRIENTE OXIGENADA,9100,1,2018-05-03T00:00:00.000
5,antioquia,5051,ARBOLETES,ESTACION DE SERVICIO DISTRACOM ARBOLETES,TEXACO,CARRERA 17 No. 26-25,GASOLINA CORRIENTE OXIGENADA,9420,1,2018-05-03T00:00:00.000
5,antioquia,5001,MEDELLIN,ESTACION DE SERVICIO COOTRASANA,TERPEL,CARRERA 72 No. 41SUR-159 SAN ANTONIO DE PRADO,GASOLINA EXTRA OXIGENADA,11170,1,2018-05-03T00:00:00.000
76,valle del cauca,76834,TULUA,ESSO EL PEDREGAL,MOBIL,Carrera 27 A No.40-390,BIODIESEL EXTRA,8420,1,2018-05-03T00:00:00.000
5,antioquia,5736,SEGOVIA,ESTACION DE SERVICIO EL OASIS,TERPEL,Calle 47 No. 54C-51,GASOLINA CORRIENTE OXIGENADA,9180,1,2018-05-03T00:00:00.000
5,antioquia,5380,LA ESTRELLA,MOBIL COCOROLLO EL ALTICO,ESSO,CARRERA 48 N 100B SUR - 151,BIODIESEL EXTRA,8089,1,2018-05-03T00:00:00.000
76,valle del cauca,76890,YOTOCO,ESTACION DE SERVICIO TERPEL EL SAMAN MEDIA CANOA,TERPEL,KILOMETRO 7 VIA BUGA - BUENAVENTURA,BIODIESEL EXTRA,8026,1,2018-05-03T00:00:00.000
5,antioquia,5001,MEDELLIN,891 SAS,TERPEL,CALLE 10 No. 65-179,BIODIESEL EXTRA,8400,1,2018-05-03T00:00:00.000
76,valle del cauca,76001,SANTIAGO DE CALI,ESTACION DE SERVICIO MOBIL CAPRI,MOBIL,Cl 5 Nº 77  59,GASOLINA CORRIENTE OXIGENADA,8890,1,2018-05-03T00:00:00.000
5,antioquia,5541,EL PEÑOL,EDS LA CATEDRAL,ZEUSS,CARRERA 22  G No. 6-06,GASOLINA CORRIENTE OXIGENADA,9247,1,2018-05-03T00:00:00.000
5,antioquia,5390,LA PINTADA,SERVICENTRO EL CRUCERO LA PINTADA,TERPEL,Avenida 30 No 29-16,GASOLINA CORRIENTE OXIGENADA,8950,1,2018-05-03T00:00:00.000
5,antioquia,5266,ENVIGADO,ESTACION DE SERVICIO LAS VEGAS ENVIGADO,TERPEL,CALLE 25 SUR No. 48-210,GASOLINA CORRIENTE OXIGENADA,8870,1,2018-05-03T00:00:00.000
76,valle del cauca,76520,PALMIRA,ESTACION DE SERVICIOS PARAISO,TERPEL,TRANSVERSAL 30 No. 1-229,GASOLINA EXTRA OXIGENADA,11750,1,2018-05-03T00:00:00.000
76,valle del cauca,76001,SANTIAGO DE CALI,ESTACION DE SERVICIO VALLE DE LILI CON CRA 98,TERPEL,CARRERA 98 No. 16-50,BIODIESEL EXTRA,8490,1,2018-05-03T00:00:00.000
76,valle del cauca,76001,SANTIAGO DE CALI,ESTACION DE SERVICIOS TEXACO NO 6,TEXACO,Avenida 4 Oeste No. 7-180,GASOLINA CORRIENTE OXIGENADA,9150,1,2018-05-03T00:00:00.000
76,valle del cauca,76869,VIJES,TERPEL VIJES,TERPEL,PARAJE SAN ISIDRO VIA PANORAMA,BIODIESEL EXTRA,8073,1,2018-05-03T00:00:00.000
5,antioquia,5266,ENVIGADO,TERPEL PALMITAS,TERPEL,Variante Las Palmas - Aeropuerto,GASOLINA EXTRA OXIGENADA,9050,1,2018-05-03T00:00:00.000
5,antioquia,5579,PUERTO BERRIO,SERVICENTRO DALLAS,BIOMAX,CALLE 43 No. 24-45 BARRIO LA MALENA,GASOLINA EXTRA OXIGENADA,10900,1,2018-05-03T00:00:00.000
5,antioquia,5001,MEDELLIN,ESTACION DE SERVICIO COOTRASANA,TERPEL,CARRERA 72 No. 41SUR-159 SAN ANTONIO DE PRADO,GASOLINA CORRIENTE OXIGENADA,8590,1,2018-05-03T00:00:00.000
76,valle del cauca,76001,SANTIAGO DE CALI,ESTACION DE SERVICIO AUTOMOTRIZ EL PODEROSO,TERPEL,CARRERA 26P DIAGONAL 28C 37-45,BIODIESEL EXTRA,8587,1,2018-05-03T00:00:00.000
76,valle del cauca,76001,SANTIAGO DE CALI,ESTACION DE SERVICIO MOBIL CAPRI,MOBIL,Cl 5 Nº 77  59,GASOLINA EXTRA OXIGENADA,11990,1,2018-05-03T00:00:00.000
5,antioquia,5154,CAUCASIA,DISTRIBUCIONES EL DORADO,MOBIL,CARRERA 20 No. 29-45,GASOLINA EXTRA OXIGENADA,11990,1,2018-05-03T00:00:00.000
76,valle del cauca,76520,PALMIRA,ESTACION DE SERVICIO PLAZA CAMPESTRE,TEXACO,CALLE 44 No. 13-45,BIODIESEL EXTRA,8440,1,2018-05-03T00:00:00.000
5,antioquia,5145,CARAMANTA,ESTACION DE SERVICIO NUEVA CARAMANTA,TERPEL,CARRERA 17 NO 18 - 57,GASOLINA CORRIENTE OXIGENADA,9430,1,2018-05-03T00:00:00.000
5,antioquia,5266,ENVIGADO,ESTACION DE SERVICIO TEXACO ESTRELLA DE ORIENTE,TEXACO,Km 14 Vte Las Palmas,GASOLINA CORRIENTE OXIGENADA,9389,1,2018-05-03T00:00:00.000
5,antioquia,5088,BELLO,ESTACION DE SERVICIO PORTAL DE NIQUIA,TERPEL,Avenida38 No 51 - 183,GASOLINA CORRIENTE OXIGENADA,8880,1,2018-05-03T00:00:00.000
5,antioquia,5001,MEDELLIN,ESTACION DE SERVICIO AUTOMOTRIZ EL CHAGUALO,ZEUSS,CALLE 60 # 56A -37,GASOLINA EXTRA OXIGENADA,11700,1,2018-05-03T00:00:00.000
5,antioquia,5129,CALDAS,ZEUSS LOS LAGOS,ZEUSS,KILOMETRO 15 VIA CALDAS - LA PINTADA,BIODIESEL EXTRA,8400,1,2018-05-03T00:00:00.000
76,valle del cauca,76001,SANTIAGO DE CALI,ESTACION DE SERVICIO LA TERCERA CON CALLE 34 ESQUINA,TERPEL,AVENIDA 3 CON CALLE 34 ESQUINA,GASOLINA CORRIENTE OXIGENADA,8770,1,2018-05-03T00:00:00.000
5,antioquia,5001,MEDELLIN,EDS TERPEL LA 30,TERPEL,Carrera 65 # 30 - 40,GASOLINA CORRIENTE OXIGENADA,8890,1,2018-05-03T00:00:00.000
5,antioquia,5360,ITAGUI,EDS TERPEL SAN FRANCISCO,TERPEL,CRA 64 No. 34 - 355,GASOLINA CORRIENTE OXIGENADA,8810,1,2018-05-03T00:00:00.000
5,antioquia,5145,CARAMANTA,ESTACION DE SERVICIO NUEVA CARAMANTA,TERPEL,CARRERA 17 NO 18 - 57,BIODIESEL EXTRA,8680,1,2018-05-03T00:00:00.000
5,antioquia,5001,MEDELLIN,ESTACION DE SERVICIO PARQUE SAN CRISTOBAL,TERPEL,CALLE 61 No. 129 A-31,BIODIESEL EXTRA,8450,1,2018-05-03T00:00:00.000
76,valle del cauca,76520,PALMIRA,ESTACION DE SERVICIO LA CEIBA LLANO GRANDE SAS,TEXACO,CALLE 31 No. 35-34,GASOLINA CORRIENTE OXIGENADA,9035,1,2018-05-03T00:00:00.000
5,antioquia,5380,LA ESTRELLA,EDS COMDECOM PUERTO ESTRELLA,TEXACO,CALLE 77 No. 54-51,GASOLINA CORRIENTE OXIGENADA,9140,1,2018-05-03T00:00:00.000
5,antioquia,5001,MEDELLIN,ESTACION DE SERVICIO RAPIDO OCHOA,ZEUSS,TV  78  No 65 - 218,BIODIESEL EXTRA,8372,1,2018-05-03T00:00:00.000
76,valle del cauca,76001,SANTIAGO DE CALI,EDS LA 70,TERPEL,Calle 70 No. 26-20,GASOLINA CORRIENTE OXIGENADA,8695,1,2018-05-03T00:00:00.000
76,valle del cauca,76001,SANTIAGO DE CALI,ESTACION DE SERVICIO EL LIDO,ESSO,CALLE 5 No. 44-24,GASOLINA EXTRA OXIGENADA,11690,1,2018-05-03T00:00:00.000
5,antioquia,5107,BRICEÑO,COOTRABRI - COOPERATIVA MULTIACTIVA DE TRANSPORTADORES DE BRICEÑO,ZEUSS,VIA LAS AURAS,GASOLINA CORRIENTE OXIGENADA,9300,1,2018-05-03T00:00:00.000
5,antioquia,5266,ENVIGADO,ESTACION DE SERVICIO EXITO ENVIGADO,MOBIL,CARRERA 48 No. 34 SUR-29,GASOLINA CORRIENTE OXIGENADA,8960,1,2018-05-03T00:00:00.000
76,valle del cauca,76001,SANTIAGO DE CALI,ESTACION DE SERVICIO BRETANA,TERPEL,CALLE 10 No. 15-53,GASOLINA CORRIENTE OXIGENADA,8980,1,2018-05-03T00:00:00.000
5,antioquia,5001,MEDELLIN,ESTACION DE SERVICIO ESTRELLA DE OCCIDENTE,TEXACO,CALLE 58C N 132  79,GASOLINA CORRIENTE OXIGENADA,9390,1,2018-05-03T00:00:00.000
5,antioquia,5088,BELLO,EDS ESTRELLA RENACIMIENTO,TEXACO,CARRERA 50 No. 35 - 96,BIODIESEL EXTRA,8675,1,2018-05-03T00:00:00.000
5,antioquia,5001,MEDELLIN,COORDINADORA MERCANTIL SUCURSAL MEDELLIN,MOBIL,"Calle 30 A No 53 - 16,",BIODIESEL EXTRA,7470,1,2018-05-03T00:00:00.000
5,antioquia,5001,MEDELLIN,ESTACION DE SERVICIO TECNICENTRO LOS COLORES,MOBIL,Calle 53 No 72 - 7,GASOLINA CORRIENTE OXIGENADA,9080,1,2018-05-03T00:00:00.000
76,valle del cauca,76520,PALMIRA,ESTACION DE SERVICIO EL CENTRO PALMIRA,TEXACO,CALLE 29 No. 32-15,GASOLINA CORRIENTE OXIGENADA,9050,1,2018-05-03T00:00:00.000
5,antioquia,5660,SAN LUIS,ESTACION DE SERVICIO LOS ARAGONES,ZEUSS,AUTOPISTA MEDELLIN - BOGOTA KILOMETRO 110 VEREDA LA PALESTINA,GASOLINA EXTRA OXIGENADA,12055,1,2018-05-03T00:00:00.000
5,antioquia,5890,YOLOMBO,ESTACION DE SERVICIO LA MARQUESA,ZEUSS,Calle 12 No.14-10,GASOLINA CORRIENTE OXIGENADA,8990,1,2018-05-03T00:00:00.000
76,valle del cauca,76111,GUADALAJARA DE BUGA,ESSO STAMBUL,MOBIL,Calle 1 No.10-35,GASOLINA EXTRA OXIGENADA,11930,1,2018-05-03T00:00:00.000
5,antioquia,5380,LA ESTRELLA,EDS COMDECOM PUERTO ESTRELLA,TEXACO,CALLE 77 No. 54-51,BIODIESEL EXTRA,8780,1,2018-05-03T00:00:00.000
5,antioquia,5360,ITAGUI,ESTACION DE SERVICIO TEXACO COLTEJER,TEXACO,CARRERA 52 No. 60-110,GASOLINA CORRIENTE OXIGENADA,8790,1,2018-05-03T00:00:00.000
76,valle del cauca,76001,SANTIAGO DE CALI,ESTACION DE SERVICIO MOBIL PASOANCHO,MOBIL,CALLE 13 No. 52-92,GASOLINA EXTRA OXIGENADA,11640,1,2018-05-03T00:00:00.000
76,valle del cauca,76892,YUMBO,ESTACION DE SERVICIOS TERPEL YUMBO,TERPEL,CALLE 16 No. 4-40,BIODIESEL EXTRA,8190,1,2018-05-03T00:00:00.000
5,antioquia,5001,MEDELLIN,SERVICENTRO ESSO ESTADIO,MOBIL,Carrera 70 No. 49 B -28,GASOLINA CORRIENTE OXIGENADA,8930,1,2018-05-03T00:00:00.000
5,antioquia,5038,ANGOSTURA,ESTACION DE SERVICIO A.C LLANOS DE CUIVA,ZEUSS,KILOMETRO 94 VIA LA COSTA(VIA AL MAR),GASOLINA CORRIENTE OXIGENADA,9089,1,2018-05-03T00:00:00.000
5,antioquia,5541,EL PEÑOL,EDS LA CATEDRAL,ZEUSS,CARRERA 22  G No. 6-06,BIODIESEL EXTRA,8709,1,2018-05-03T00:00:00.000
76,valle del cauca,76520,PALMIRA,ESTACION DE SERVICIOS PARAISO,TERPEL,TRANSVERSAL 30 No. 1-229,BIODIESEL EXTRA,8450,1,2018-05-03T00:00:00.000
5,antioquia,5154,CAUCASIA,ESTACION DE SERVICIO KENNEDY CAUCASIA,TEXACO,CARRERA 8  No. 22 - 28,GASOLINA CORRIENTE OXIGENADA,9422,1,2018-05-03T00:00:00.000
76,valle del cauca,76001,SANTIAGO DE CALI,ESTACION DE SERVICIO TERPEL EDS LA 44,TERPEL,CALLE 44 No. 1D-51,GASOLINA EXTRA OXIGENADA,11270,1,2018-05-03T00:00:00.000
5,antioquia,5425,MACEO,ESTACION DE SERVICIO DISTRACOM MACEO,ZEUSS,CALLE 27 No 31-37,GASOLINA CORRIENTE OXIGENADA,9140,1,2018-05-03T00:00:00.000
76,valle del cauca,76306,GINEBRA,EDS TERPEL SABALETAS,TERPEL,CORREGIMIENTO SABALETAS SOBRE VIA PANAMERICANA,GASOLINA CORRIENTE OXIGENADA,8730,1,2018-05-03T00:00:00.000
5,antioquia,5093,BETULIA,EDS SERVICENTRO LA PERSEVERANCIA,ZEUSS,CALLE 11 B NO. 11-104,GASOLINA CORRIENTE OXIGENADA,10100,1,2018-05-03T00:00:00.000
5,antioquia,5837,TURBO,SERVICENTRO CASANOVA,TERPEL,SECTOR CASANOVA KILOMETRO 2 VIA TURBO-APARTADO,GASOLINA EXTRA OXIGENADA,12050,1,2018-05-03T00:00:00.000
5,antioquia,5088,BELLO,ESTACION DE SERVICIO MOBIL LOS ANGELES,MOBIL,Calle 20E No. 45-39,GASOLINA EXTRA OXIGENADA,11640,1,2018-05-03T00:00:00.000
5,antioquia,5284,FRONTINO,COOPERATIVA DE TRANSPORTADORES DE FRONTINO,TERPEL,Carrera 30 No. 20-85,GASOLINA CORRIENTE OXIGENADA,9456,1,2018-05-03T00:00:00.000
76,valle del cauca,76892,YUMBO,ESTACION DE SERVICIO BIOCAR,BIOMAX,CARRERA 20G No. 14B-171,GASOLINA CORRIENTE OXIGENADA,8728,1,2018-05-03T00:00:00.000
76,valle del cauca,76001,SANTIAGO DE CALI,EDS SARATOGA,MOBIL,AVENIDA 6 OESTE No. 37-120-130,BIODIESEL EXTRA,8622,1,2018-05-03T00:00:00.000
5,antioquia,5697,SANTUARIO,ESTACION DE SERVICIO LA AMISTAD DE EL SANTUARIO,TERPEL,Carrera 53 No 45 B - 40,BIODIESEL EXTRA,8479,1,2018-05-03T00:00:00.000
76,valle del cauca,76892,YUMBO,EDS TERPEL AMERICAS YUMBO,TERPEL,CALLE 10 No. 19A-81,BIODIESEL EXTRA,8169,1,2018-05-03T00:00:00.000
5,antioquia,5837,TURBO,SERVICENTRO CASANOVA,TERPEL,SECTOR CASANOVA KILOMETRO 2 VIA TURBO-APARTADO,BIODIESEL EXTRA,8490,1,2018-05-03T00:00:00.000
5,antioquia,5376,LA CEJA,ESTACION DE SERVICIOS LOS TAMBOS,TEXACO,CALLE 20 No. 28-03 05,BIODIESEL EXTRA,8610,1,2018-05-03T00:00:00.000
5,antioquia,5360,ITAGUI,ESTACION DE SERVICIO TEXACO DITAIRES,TEXACO,CALLE 36 No. 59-68,GASOLINA EXTRA OXIGENADA,11790,1,2018-05-03T00:00:00.000
5,antioquia,5615,CANON DE RIO CLARO,ESTACION DE SERVICIO DEALER 1,MOBIL,VARIANTE BELEN,BIODIESEL EXTRA,8512,1,2018-05-03T00:00:00.000
5,antioquia,5147,CAREPA,ZEUSS LAS PLAYAS,ZEUSS,Carrera 80 No. 76-47,GASOLINA CORRIENTE OXIGENADA,9190,1,2018-05-03T00:00:00.000
76,valle del cauca,76001,SANTIAGO DE CALI,ESTACION DE SERVICIO CIUDAD MODELO,TERPEL,CARRERA 39 No. 32A-10,BIODIESEL EXTRA,8389,1,2018-05-03T00:00:00.000
5,antioquia,5579,PUERTO BERRIO,SERVICENTRO DALLAS,BIOMAX,CALLE 43 No. 24-45 BARRIO LA MALENA,BIODIESEL EXTRA,8090,1,2018-05-03T00:00:00.000
5,antioquia,5021,ALEJANDRIA,EDS ESTACION DE SERVICIO ALEJANDRIA,ZEUSS,CALLE 17 No.. 21-59,GASOLINA CORRIENTE OXIGENADA,9600,1,2018-05-03T00:00:00.000
5,antioquia,5664,SAN PEDRO DE LOS MILAGROS,ESTACION DE SERVICIO SERVICENTRO SAN PEDRO,TERPEL,CARRERA 49 No. 45-20 SAN MATEO LA BOMBA,BIODIESEL EXTRA,8487,1,2018-05-03T00:00:00.000
5,antioquia,5854,VALDIVIA,ESTACION DE SERVICIOS LAS MARGARITAS,TERPEL,KILOMETRO 14 VIA A MEDELLIN,BIODIESEL EXTRA,8267,1,2018-05-03T00:00:00.000
5,antioquia,5001,MEDELLIN,ESTACION DE SERVICIO DISTRACOM PEDREGAL,MOBIL,Carrera 64 C No.89 A-30,GASOLINA EXTRA OXIGENADA,11240,1,2018-05-03T00:00:00.000
5,antioquia,5001,MEDELLIN,ESTACION DE SERVICIO DISTRACOM SAN CRISTOBAL,MOBIL,CALLE 64 No. 127-75  KILOMETRO 5 CARRETERA AL MAR,GASOLINA CORRIENTE OXIGENADA,8920,1,2018-05-03T00:00:00.000
5,antioquia,5079,BARBOSA,ESTACION DE GASOLINA BARBOSA,ZEUSS,Carrera 17 # 8-60,BIODIESEL EXTRA,8490,1,2018-05-03T00:00:00.000
5,antioquia,5615,CANON DE RIO CLARO,ESTACION DE SERVICIOS TUR,TERPEL,KILOMETRO 4 VEREDA BARRO BLANCO VIA AL AEROPUERTO JMC,BIODIESEL EXTRA,8537,1,2018-05-03T00:00:00.000
5,antioquia,5266,ENVIGADO,ESTACION DE SERVICIO TEXACO ESTRELLA DE ORIENTE,TEXACO,Km 14 Vte Las Palmas,BIODIESEL EXTRA,8853,1,2018-05-03T00:00:00.000
76,valle del cauca,76001,SANTIAGO DE CALI,MOBIL BELALCAZAR,MOBIL,Carrera 1 No.43-20,BIODIESEL EXTRA,8540,1,2018-05-03T00:00:00.000
5,antioquia,5308,GIRARDOTA,ESTACION DE SERVICIO ESSO COCOROLLO,MOBIL,Autopista Norte Km. 20 vía Girardota,BIODIESEL EXTRA,8430,1,2018-05-03T00:00:00.000
76,valle del cauca,76364,JAMUNDI,ESTACION DE SERVICIO MOBIL SAN JORGE,MOBIL,CARRERA 10 No. 16 - 36,GASOLINA CORRIENTE OXIGENADA,8990,1,2018-05-03T00:00:00.000
5,antioquia,5756,SONSON,ESTACION DE SERVICIO EL MARMOL,TERPEL,LA DANTA SALIDA A SAN MIGUEL,GASOLINA CORRIENTE OXIGENADA,9450,1,2018-05-03T00:00:00.000
5,antioquia,5107,BRICEÑO,COOTRABRI - COOPERATIVA MULTIACTIVA DE TRANSPORTADORES DE BRICEÑO,ZEUSS,VIA LAS AURAS,BIODIESEL EXTRA,9200,1,2018-05-03T00:00:00.000
76,valle del cauca,76001,SANTIAGO DE CALI,ESTACION DE SERVICIO SUCRE,TEXACO,Calle 15 No. 13A - 05,GASOLINA EXTRA OXIGENADA,10000,1,2018-05-03T00:00:00.000
76,valle del cauca,76364,JAMUNDI,EDS BRISAS DEL LAGO,PETROMIL,CALLE 12 SUR No. 10A-77,BIODIESEL EXTRA,8470,1,2018-05-03T00:00:00.000
5,antioquia,5088,BELLO,EDS LA GRANJA,TEXACO,VEREDA CUARTAS,GASOLINA EXTRA OXIGENADA,11820,1,2018-05-03T00:00:00.000
5,antioquia,5093,BETULIA,EDS SERVICENTRO LA PERSEVERANCIA,ZEUSS,CALLE 11 B NO. 11-104,BIODIESEL EXTRA,8950,1,2018-05-03T00:00:00.000
76,valle del cauca,76520,PALMIRA,ESTACION DE SERVICIO SOLO PORTI,BIOMAX,VIA SN SN No. 3131 CORREGIMIENTO DE TIENDA NUEVA DE PALMIRA,BIODIESEL EXTRA,8450,1,2018-05-03T00:00:00.000
5,antioquia,5660,SAN LUIS,ESTACION DE SERVICIO LOS ARAGONES,ZEUSS,AUTOPISTA MEDELLIN - BOGOTA KILOMETRO 110 VEREDA LA PALESTINA,BIODIESEL EXTRA,8399,1,2018-05-03T00:00:00.000
5,antioquia,5658,SAN JOSE DE LA MONTAÑA,ESTACION DE SERVICIO  JMP,ZEUSS,Carrera 20 No.21-30,BIODIESEL EXTRA,8819,1,2018-05-03T00:00:00.000
5,antioquia,5172,CHIGORODO,EDS LA CURVA,ZEUSS,CALLE 95 No. 84-25,GASOLINA EXTRA OXIGENADA,11600,1,2018-05-03T00:00:00.000
5,antioquia,5001,MEDELLIN,ZEUSS FERROCARRIL,ZEUSS,CARRERA 54 No. 36-20,GASOLINA EXTRA OXIGENADA,11560,1,2018-05-03T00:00:00.000
76,valle del cauca,76834,TULUA,ESTACION DE SERVICIO EL DIVINO NIÑO JESUS,ESSO,CALLE 48 NO. 27A-13,GASOLINA EXTRA OXIGENADA,11850,1,2018-05-03T00:00:00.000
76,valle del cauca,76001,SANTIAGO DE CALI,TEXACO No 2,TEXACO,AVENIDA 3 N No. 23B-60,GASOLINA EXTRA OXIGENADA,11890,1,2018-05-03T00:00:00.000
5,antioquia,5197,COCORNA,ESTACION DE SERVICIOS LUZ,ZEUSS,CALLE 22 No. 23-13 P1,GASOLINA CORRIENTE OXIGENADA,8945,1,2018-05-03T00:00:00.000
76,valle del cauca,76111,GUADALAJARA DE BUGA,ESTACION DE SERVICIO BUGA NORTE SCA,TERPEL,CARRETERA CENTRAL SALIDA NORTE,BIODIESEL EXTRA,8120,1,2018-05-03T00:00:00.000
76,valle del cauca,76834,TULUA,ESSO EL PEDREGAL,MOBIL,Carrera 27 A No.40-390,GASOLINA CORRIENTE OXIGENADA,9080,1,2018-05-03T00:00:00.000
5,antioquia,5034,ANDES,SERVICENTRO COOTRASANDINA,TERPEL,Avenida Medellín No 53-08,GASOLINA EXTRA OXIGENADA,11730,1,2018-05-03T00:00:00.000
5,antioquia,5736,SEGOVIA,ESTACION DE SERVICIO FRAGUA,TERPEL,CARRERA 10 No 10-82,BIODIESEL EXTRA,8800,1,2018-05-03T00:00:00.000
76,valle del cauca,76834,TULUA,ESTACION DE SERVICIO EL DIVINO NIÑO JESUS,ESSO,CALLE 48 NO. 27A-13,BIODIESEL EXTRA,8340,1,2018-05-03T00:00:00.000
5,antioquia,5615,CANON DE RIO CLARO,ESTACION DE SERVICIO CUATRO ESQUINAS,ZEUSS,Diagonal 43 No.45-275,BIODIESEL EXTRA,8500,1,2018-05-03T00:00:00.000
5,antioquia,5001,MEDELLIN,ESTACION DE SERVICIO AUTOMOTRIZ EL CHAGUALO,ZEUSS,CALLE 60 # 56A -37,GASOLINA CORRIENTE OXIGENADA,9080,1,2018-05-03T00:00:00.000
76,valle del cauca,76869,VIJES,TERPEL VIJES,TERPEL,PARAJE SAN ISIDRO VIA PANORAMA,GASOLINA CORRIENTE OXIGENADA,8882,1,2018-05-03T00:00:00.000
5,antioquia,5034,ANDES,SERVICENTRO TERPEL LA POSESION,TERPEL,TRONCAL DEL CAFE VEREDA 17 LAS COLONIAS PREDIO 6,GASOLINA EXTRA OXIGENADA,11720,1,2018-05-03T00:00:00.000
5,antioquia,5088,BELLO,ESTACION DE SERVICIO AUTOMOTRIZ EXITO BELLO,MOBIL,DIAGONAL 51 # 35 - 120,GASOLINA EXTRA OXIGENADA,11790,1,2018-05-03T00:00:00.000
5,antioquia,5001,MEDELLIN,ESTACION DE SERVICIO SERVAS LTDA,TEXACO,CALLE  44   80 60,GASOLINA CORRIENTE OXIGENADA,8980,1,2018-05-03T00:00:00.000
76,valle del cauca,76001,SANTIAGO DE CALI,EDS TERPEL LOS ANDES,TERPEL,CALLE 52 No. 1-25,GASOLINA CORRIENTE OXIGENADA,8660,1,2018-05-03T00:00:00.000
5,antioquia,5615,CANON DE RIO CLARO,ESTACION DE SERVICIO CRUCERO DEL OESTE ASOCIADOS SAS,MOBIL,VEREDA EL PONTEZUELA,BIODIESEL EXTRA,8595,1,2018-05-03T00:00:00.000
5,antioquia,5212,COPACABANA,EDS NUEVA COPACABANA,ZEUSS,CALLE 59 No.42-211,GASOLINA CORRIENTE OXIGENADA,8720,1,2018-05-03T00:00:00.000
5,antioquia,5001,MEDELLIN,AUTOCENTRO LA PALMA 2,TERPEL,CALLE 28 No 80A-32,BIODIESEL EXTRA,8480,1,2018-05-03T00:00:00.000
5,antioquia,5360,ITAGUI,EDS TERPEL SAN FRANCISCO,TERPEL,CRA 64 No. 34 - 355,GASOLINA EXTRA OXIGENADA,11480,1,2018-05-03T00:00:00.000
5,antioquia,5615,CANON DE RIO CLARO,ZEUSS JOSE MARIA CORDOVA,ZEUSS,GLORIETA AEROPUERTO JOSE MARIA CORDOBA,BIODIESEL EXTRA,8640,1,2018-05-03T00:00:00.000
76,valle del cauca,76001,SANTIAGO DE CALI,PWR SERVICE,BIOMAX,Calle 5 No. 86 A - 08,GASOLINA CORRIENTE OXIGENADA,9150,1,2018-05-03T00:00:00.000
76,valle del cauca,76892,YUMBO,ESTACION DE SERVICIO BIOCAR,BIOMAX,CARRERA 20G No. 14B-171,BIODIESEL EXTRA,8145,1,2018-05-03T00:00:00.000
5,antioquia,5679,SANTA BARBARA,CENTRO DE SERVICIOS ESTACION VERSALLES,TERPEL,CARRERA 10 No. 12-115,GASOLINA CORRIENTE OXIGENADA,9010,1,2018-05-03T00:00:00.000
76,valle del cauca,76892,YUMBO,ESTACION DE SERVICIOS TERPEL YUMBO,TERPEL,CALLE 16 No. 4-40,GASOLINA CORRIENTE OXIGENADA,8600,1,2018-05-03T00:00:00.000
5,antioquia,5001,MEDELLIN,ESTACION DE SERVICIO AUTOMOTRIZ COMBUSCOL LA 70,TEXACO,cra70#44-23,GASOLINA CORRIENTE OXIGENADA,11990,1,2018-05-03T00:00:00.000
76,valle del cauca,76001,SANTIAGO DE CALI,COMERCIALIZADORA MARTINEZ ACOSTA MONTOYA SAS,TERPEL,CALLE 54 No. 42B-04,GASOLINA CORRIENTE OXIGENADA,8850,1,2018-05-03T00:00:00.000
76,valle del cauca,76834,TULUA,ESTACION DE SERVICIO LA RIBERA,TERPEL,CARRERA 40 CALLE 25 ESQUINA,BIODIESEL EXTRA,8300,1,2018-05-03T00:00:00.000
76,valle del cauca,76001,SANTIAGO DE CALI,ESTACION DE SERVICIO CHIPICHAPE CON CALLE 40 N,TERPEL,CALLE 40N No. 6A-45,BIODIESEL EXTRA,8410,1,2018-05-03T00:00:00.000
5,antioquia,5664,SAN PEDRO DE LOS MILAGROS,ESTACION DE SERVICIO SERVICENTRO SAN PEDRO,TERPEL,CARRERA 49 No. 45-20 SAN MATEO LA BOMBA,GASOLINA CORRIENTE OXIGENADA,9099,1,2018-05-03T00:00:00.000
76,valle del cauca,76001,SANTIAGO DE CALI,ESTACION DE SERVICIO LOS GUADUALES,TEXACO,CALLE 70  No. 8N-50,BIODIESEL EXTRA,8370,1,2018-05-03T00:00:00.000
5,antioquia,5148,EL CARMEN DE VIBORAL,ESTACION DE SERVICIO DISTRACOM EL PORTICO,MOBIL,CARRERA 31 No. 44-130,GASOLINA EXTRA OXIGENADA,11750,1,2018-05-03T00:00:00.000
5,antioquia,5001,MEDELLIN,ESTACION DE SERVICIO ALTAVISTA,TERPEL,CALLE 18D No. 89-11 (110),BIODIESEL EXTRA,8440,1,2018-05-03T00:00:00.000
76,valle del cauca,76736,SEVILLA,ESTACION DE SERVICIO BOMBEROS,TERPEL,CARRERA 51 N° 47-43,BIODIESEL EXTRA,8900,1,2018-05-03T00:00:00.000
76,valle del cauca,76520,PALMIRA,ESTACION DE SERVICIO AUTOMOTRIZ LAS VICTORIAS,TERPEL,CARRERA 32 No. 15-05,BIODIESEL EXTRA,8312,1,2018-05-03T00:00:00.000
76,valle del cauca,76895,ZARZAL,ESTACION  Y ALMACEN DE REPUESTOS EL TRIANGULO,TERPEL,Calle 5 No. 10-61,BIODIESEL EXTRA,8480,1,2018-05-03T00:00:00.000
5,antioquia,5129,CALDAS,ZEUSS LA 50 CALDAS,ZEUSS,CARRERA 50 No. 122 SUR-37,GASOLINA CORRIENTE OXIGENADA,8750,1,2018-05-03T00:00:00.000
5,antioquia,5237,DON MATIAS,ESTACION DE SERVICIO DISTRACOM VILLA MARIA,TEXACO,CALLE 28 No. 7-29-45-63,GASOLINA EXTRA OXIGENADA,11470,1,2018-05-03T00:00:00.000
76,valle del cauca,76275,FLORIDA,ESTACION DE SERVICIO FLORIDA EU,BIOMAX,CRA 17 N° 6 - 10,GASOLINA CORRIENTE OXIGENADA,8960,1,2018-05-03T00:00:00.000
5,antioquia,5697,SANTUARIO,ESTACION DE SERVICIO LA AMISTAD DE EL SANTUARIO,TERPEL,Carrera 53 No 45 B - 40,GASOLINA CORRIENTE OXIGENADA,8983,1,2018-05-03T00:00:00.000
5,antioquia,5659,SAN JUAN DE URABA,ESTACION ORIENTE,TEXACO,CALLE 20 No. 16-58,GASOLINA CORRIENTE OXIGENADA,9540,1,2018-05-03T00:00:00.000
76,valle del cauca,76109,BUENAVENTURA,ESTACION DE SERVICIO EL MULERO,MOBIL,VIA ALTERNA E INTERNA KILOMETRO 13 BARRIO CARLOS OLMES,BIODIESEL EXTRA,8216,1,2018-05-03T00:00:00.000
5,antioquia,5736,SEGOVIA,ESTACION DE SERVICIO EL OASIS,TERPEL,Calle 47 No. 54C-51,BIODIESEL EXTRA,8570,1,2018-05-03T00:00:00.000
5,antioquia,5660,SAN LUIS,ESTACION DE SERVICIO INVERSIONES AGUDELO SUAREZ,ZEUSS,AUTOPISTA MEDELLIN- BOGOTA KILOMETRO 120 VEREDA EL CRUCE,BIODIESEL EXTRA,8399,1,2018-05-03T00:00:00.000
5,antioquia,5736,SEGOVIA,ESTACION DE SERVICIO EL OASIS,TERPEL,Calle 47 No. 54C-51,GASOLINA EXTRA OXIGENADA,11780,1,2018-05-03T00:00:00.000
5,antioquia,5088,BELLO,ESTACION DE SERVICIO PORTAL DEL NORTE,MOBIL,DIAGONAL 50A No. 42B-255,BIODIESEL EXTRA,8290,1,2018-05-03T00:00:00.000
5,antioquia,5266,ENVIGADO,ESTACION DE SERVICIO TEXACO ESTRELLA DE ORIENTE,TEXACO,Km 14 Vte Las Palmas,GASOLINA EXTRA OXIGENADA,12146,1,2018-05-03T00:00:00.000
5,antioquia,5631,SABANETA,EDS COMDECOM SANTA MARIA,TEXACO,CRA 48 AV LAS VEGAS ENTRE CL 72 SUR Y CL 73 SUR,GASOLINA CORRIENTE OXIGENADA,9140,1,2018-05-03T00:00:00.000
5,antioquia,5001,MEDELLIN,SERVICENTRO ESSO ESTADIO,MOBIL,Carrera 70 No. 49 B -28,BIODIESEL EXTRA,8830,1,2018-05-03T00:00:00.000
5,antioquia,5266,ENVIGADO,ESTACION DE SERVICIO LAS VEGAS ENVIGADO,TERPEL,CALLE 25 SUR No. 48-210,GASOLINA EXTRA OXIGENADA,11300,1,2018-05-03T00:00:00.000
76,valle del cauca,76834,TULUA,ESTACION DE SERVICIO TEXACO 26 TULUA,TEXACO,CALLE 27 No. 30-01,BIODIESEL EXTRA,8485,1,2018-05-03T00:00:00.000
5,antioquia,5101,CIUDAD BOLIVAR,ESTACION DE SERVICIO COTRACIBOL,ZEUSS,Calle 49 No 44-74,BIODIESEL EXTRA,8820,1,2018-05-03T00:00:00.000
5,antioquia,5088,BELLO,ESTACION DE SERVICIO SAN FELIX,ZEUSS,CORREGIMIENTO SAN FELIX. KILOMETRO 8 VIA MEDELLIN - SAN PEDRO,GASOLINA EXTRA OXIGENADA,11647,1,2018-05-03T00:00:00.000
76,valle del cauca,76109,BUENAVENTURA,ESTACION DE SERVICIO EL MULERO,MOBIL,VIA ALTERNA E INTERNA KILOMETRO 13 BARRIO CARLOS OLMES,GASOLINA CORRIENTE OXIGENADA,8990,1,2018-05-03T00:00:00.000
76,valle del cauca,76306,GINEBRA,EDS TERPEL SABALETAS,TERPEL,CORREGIMIENTO SABALETAS SOBRE VIA PANAMERICANA,BIODIESEL EXTRA,8060,1,2018-05-03T00:00:00.000
5,antioquia,5579,PUERTO BERRIO,ESTACION DE SERVICIO DISTRACOM LA MAGDALENA,BIOMAX,CARRERA 7 NO. 43-29,BIODIESEL EXTRA,8090,1,2018-05-03T00:00:00.000
5,antioquia,5212,COPACABANA,EDS NUEVA COPACABANA,ZEUSS,CALLE 59 No.42-211,GASOLINA EXTRA OXIGENADA,11400,1,2018-05-03T00:00:00.000
76,valle del cauca,76736,SEVILLA,ESTACION DE SERVICIO BOMBEROS,TERPEL,CARRERA 51 N° 47-43,GASOLINA CORRIENTE OXIGENADA,9260,1,2018-05-03T00:00:00.000
5,antioquia,5045,APARTADO,ZEUSS APARTADO,ZEUSS,CALLE 100 No. 94A - 92,GASOLINA CORRIENTE OXIGENADA,9240,1,2018-05-03T00:00:00.000
76,valle del cauca,76001,SANTIAGO DE CALI,EDS INVERSIONES TERPEL JUNIN,TERPEL,DIAGONAL 23 No. 12-25,GASOLINA CORRIENTE OXIGENADA,9040,1,2018-05-03T00:00:00.000
5,antioquia,5736,SEGOVIA,ESTACION DE SERVICIO FRAGUA,TERPEL,CARRERA 10 No 10-82,GASOLINA CORRIENTE OXIGENADA,9800,1,2018-05-03T00:00:00.000
5,antioquia,5088,BELLO,EDS LA GRANJA,TEXACO,VEREDA CUARTAS,GASOLINA CORRIENTE OXIGENADA,9190,1,2018-05-03T00:00:00.000
76,valle del cauca,76001,SANTIAGO DE CALI,ESTACION DE SERVICIO SERVICENTRO PORTADA AL MAR,MOBIL,AVENIDA 4 OESTE No. 7-10,GASOLINA EXTRA OXIGENADA,12280,1,2018-05-03T00:00:00.000
5,antioquia,5674,SAN VICENTE,ESTACION DE SERVICIO SAN VICENTE ZAPATA,ZEUSS,CALLE 35 No. 35-120,BIODIESEL EXTRA,8550,1,2018-05-03T00:00:00.000
5,antioquia,5001,MEDELLIN,ESTACION DE SERVICIO PARQUE SAN CRISTOBAL,TERPEL,CALLE 61 No. 129 A-31,GASOLINA CORRIENTE OXIGENADA,9024,1,2018-05-03T00:00:00.000
5,antioquia,5360,ITAGUI,EDS TERPEL SAN FRANCISCO,TERPEL,CRA 64 No. 34 - 355,BIODIESEL EXTRA,8340,1,2018-05-03T00:00:00.000
5,antioquia,5697,SANTUARIO,ESTACION DE SERVICIO ALTO BONITO,TERPEL,VEREDA VALLE MARIA,GASOLINA EXTRA OXIGENADA,12000,1,2018-05-03T00:00:00.000
5,antioquia,5360,ITAGUI,ZEUSS DOÑA MARIA,ZEUSS,CARRERA 52 No. 63-04,GASOLINA CORRIENTE OXIGENADA,8820,1,2018-05-03T00:00:00.000
5,antioquia,5315,GUADALUPE,ESTACION DE SERVICIO ECOMSERVICIOS EAT,ZEUSS,VEREDA PUENTE ACACIAS,BIODIESEL EXTRA,8770,1,2018-05-03T00:00:00.000
76,valle del cauca,76001,SANTIAGO DE CALI,ESTACION DE SERVICIO TERPEL BELALCAZAR,TERPEL,CARRERA 17B No. 23-31,GASOLINA CORRIENTE OXIGENADA,8610,1,2018-05-03T00:00:00.000
5,antioquia,5679,SANTA BARBARA,CENTRO DE SERVICIOS ESTACION VERSALLES,TERPEL,CARRERA 10 No. 12-115,BIODIESEL EXTRA,8372,1,2018-05-03T00:00:00.000
5,antioquia,5197,COCORNA,ESTACION DE SERVICIOS LUZ,ZEUSS,CALLE 22 No. 23-13 P1,BIODIESEL EXTRA,8446,1,2018-05-03T00:00:00.000
76,valle del cauca,76001,SANTIAGO DE CALI,ESTACION DE SERVICIO EL DIAMANTE,TERPEL,Carrera 29 No. 39A-35,GASOLINA CORRIENTE OXIGENADA,9152,1,2018-05-03T00:00:00.000
5,antioquia,5001,MEDELLIN,ESTACION DE SERVICIO AUTOMOTRIZ SANTA MARIA DE LOS ANGELES,ESSO,CARRERA 43A No. 17SUR-35,GASOLINA CORRIENTE OXIGENADA,9250,1,2018-05-03T00:00:00.000
76,valle del cauca,76001,SANTIAGO DE CALI,EDS TEXACO IMBANACO No 17,TEXACO,CALLE 5 No. 38D-154,GASOLINA CORRIENTE OXIGENADA,11910,1,2018-05-03T00:00:00.000
5,antioquia,5120,CACERES,ESTACION DE SERVICIO RIO MAN,PETROMIL,VEREDA RIO MAN CORREGIMIENTO GUARUMO,BIODIESEL EXTRA,7970,1,2018-05-03T00:00:00.000
5,antioquia,5615,CANON DE RIO CLARO,ESTACION DE SERVICIO AUTOMOTRIZ COMBUSCOL JMC,TEXACO,K1 Glorieta Aeropuerto,GASOLINA EXTRA OXIGENADA,11890,1,2018-05-03T00:00:00.000
5,antioquia,5425,MACEO,ESTACION DE SERVICIO DISTRACOM MACEO,ZEUSS,CALLE 27 No 31-37,BIODIESEL EXTRA,8580,1,2018-05-03T00:00:00.000
5,antioquia,5360,ITAGUI,ZEUSS DOÑA MARIA,ZEUSS,CARRERA 52 No. 63-04,BIODIESEL EXTRA,8280,1,2018-05-03T00:00:00.000
76,valle del cauca,76036,ANDALUCIA,ESTACION DE SERVICIO TERPEL ANDALUCIA 2,TERPEL,CARRERA 14 No. 1-62,GASOLINA EXTRA OXIGENADA,11100,1,2018-05-03T00:00:00.000
5,antioquia,5266,ENVIGADO,ESTACION DE SERVICIO LAS VEGAS ENVIGADO,TERPEL,CALLE 25 SUR No. 48-210,BIODIESEL EXTRA,8410,1,2018-05-03T00:00:00.000
76,valle del cauca,76892,YUMBO,ESTACION DE SERVICIO SERVICENTRO SAN CARLOS,BIOMAX,CALLE 16  N  2-60,GASOLINA CORRIENTE OXIGENADA,8759,1,2018-05-03T00:00:00.000
5,antioquia,5001,MEDELLIN,ESTACION DE SERVICIO AUTOMOTRIZ COMBUSCOL LA 70,TEXACO,cra70#44-23,GASOLINA EXTRA OXIGENADA,9060,1,2018-05-03T00:00:00.000
5,antioquia,5045,APARTADO,ZEUSS APARTADO,ZEUSS,CALLE 100 No. 94A - 92,BIODIESEL EXTRA,8580,1,2018-05-03T00:00:00.000
76,valle del cauca,76670,SAN PEDRO,ESSO SAN PEDRO,MOBIL,KILOMETRO 14 AUTOPISTA BUGA - TULUA,GASOLINA CORRIENTE OXIGENADA,8810,1,2018-05-03T00:00:00.000
5,antioquia,5088,BELLO,ESTACION DE SERVICIO MOBIL LOS ANGELES,MOBIL,Calle 20E No. 45-39,GASOLINA CORRIENTE OXIGENADA,8990,1,2018-05-03T00:00:00.000
76,valle del cauca,76892,YUMBO,ESTACION DE SERVICIO SERVICENTRO SAN CARLOS,BIOMAX,CALLE 16  N  2-60,BIODIESEL EXTRA,8319,1,2018-05-03T00:00:00.000
76,valle del cauca,76834,TULUA,ESSO EL PEDREGAL,MOBIL,Carrera 27 A No.40-390,GASOLINA EXTRA OXIGENADA,11870,1,2018-05-03T00:00:00.000
76,valle del cauca,76275,FLORIDA,ESTACION DE SERVICIO FLORIDA EU,BIOMAX,CRA 17 N° 6 - 10,BIODIESEL EXTRA,8550,1,2018-05-03T00:00:00.000
76,valle del cauca,76520,PALMIRA,CAUCASECO SA,ESSO,TEXACO KILOMETRO 1 RECTA CALI PALMIRA,BIODIESEL EXTRA,8494,1,2018-05-03T00:00:00.000
5,antioquia,5101,CIUDAD BOLIVAR,ESTACION DE SERVICIO COTRACIBOL,ZEUSS,Calle 49 No 44-74,GASOLINA CORRIENTE OXIGENADA,9480,1,2018-05-03T00:00:00.000
76,valle del cauca,76001,SANTIAGO DE CALI,EDS TERPEL LOS ANDES,TERPEL,CALLE 52 No. 1-25,BIODIESEL EXTRA,8340,1,2018-05-03T00:00:00.000
5,antioquia,5051,ARBOLETES,ESTACION DE SERVICIO EL PUENTE,ESSO,CALLE 26 No. 29-30,GASOLINA CORRIENTE OXIGENADA,9420,1,2018-05-03T00:00:00.000
5,antioquia,5360,ITAGUI,ESTACION DE SERVICIO TEXACO DITAIRES,TEXACO,CALLE 36 No. 59-68,GASOLINA CORRIENTE OXIGENADA,9090,1,2018-05-03T00:00:00.000
5,antioquia,5088,BELLO,ESTACION DE SERVICIO PORTAL DE NIQUIA,TERPEL,Avenida38 No 51 - 183,BIODIESEL EXTRA,8500,1,2018-05-03T00:00:00.000
76,valle del cauca,76001,SANTIAGO DE CALI,ESTACION DE SERVICIO AUTOMOTRIZ EL PODEROSO,TERPEL,CARRERA 26P DIAGONAL 28C 37-45,GASOLINA EXTRA OXIGENADA,11990,1,2018-05-03T00:00:00.000
5,antioquia,5001,MEDELLIN,ESTACION DE SERVICIO TECNICENTRO LOS COLORES,MOBIL,Calle 53 No 72 - 7,BIODIESEL EXTRA,8460,1,2018-05-03T00:00:00.000
76,valle del cauca,76520,PALMIRA,ESTACION DE SERVICIO AUTOMOTRIZ SERVICENTRO LA NORTE PALMIRA,MOBIL,CARRERA 28 No. 39-20,GASOLINA CORRIENTE OXIGENADA,9050,1,2018-05-03T00:00:00.000
76,valle del cauca,76041,ANSERMANUEVO,ESTACION DE SERVICIO CHOCO,BIOMAX,CARRERA 4 No. 1A-78,GASOLINA CORRIENTE OXIGENADA,8900,1,2018-05-03T00:00:00.000
5,antioquia,5001,MEDELLIN,ESTACION DE SERVICIO LA AGUACATALA,MOBIL,Carrera 48 No 15 sur 30,GASOLINA CORRIENTE OXIGENADA,9220,1,2018-05-03T00:00:00.000
76,valle del cauca,76520,PALMIRA,ESTACION DE SERVICIOS PARAISO,TERPEL,TRANSVERSAL 30 No. 1-229,GASOLINA CORRIENTE OXIGENADA,9080,1,2018-05-03T00:00:00.000
76,valle del cauca,76020,ALCALA,ESTACION DE SERVICIO COOETRANSALCA,PETROMIL,CALLE 6 Nº 6-09 Salida a Pereira,BIODIESEL EXTRA,8394,1,2018-05-03T00:00:00.000
5,antioquia,5001,MEDELLIN,ESTACION DE SERVICIO SERVAS LTDA,TEXACO,CALLE  44   80 60,BIODIESEL EXTRA,8490,1,2018-05-03T00:00:00.000
76,valle del cauca,76520,PALMIRA,ESTACION DE SERVICIO AUTOMOTRIZ INCOMSA,TEXACO,CALLE 30 No. 15-21,GASOLINA CORRIENTE OXIGENADA,9050,1,2018-05-03T00:00:00.000
5,antioquia,5237,DON MATIAS,ESTACION DE SERVICIO DISTRACOM VILLA MARIA,TEXACO,CALLE 28 No. 7-29-45-63,BIODIESEL EXTRA,8380,1,2018-05-03T00:00:00.000
5,antioquia,5001,MEDELLIN,ESTACION DE SERVICIO LA AGUACATALA,MOBIL,Carrera 48 No 15 sur 30,GASOLINA EXTRA OXIGENADA,12070,1,2018-05-03T00:00:00.000
76,valle del cauca,76111,GUADALAJARA DE BUGA,ESTACION DE SERVICIO BOMBEROS VOLUNTARIOS BUGA,TERPEL,Calle 2 Sur No 10-72,BIODIESEL EXTRA,8670,1,2018-05-03T00:00:00.000
76,valle del cauca,76001,SANTIAGO DE CALI,ESTACION DE SERVICIO EL CAMBIO  SAS,MOBIL,CALLE 9 No. 41-50,BIODIESEL EXTRA,8540,1,2018-05-03T00:00:00.000
5,antioquia,5266,ENVIGADO,ESTACION DE SERVICIO EXITO ENVIGADO,MOBIL,CARRERA 48 No. 34 SUR-29,BIODIESEL EXTRA,8980,1,2018-05-03T00:00:00.000
5,antioquia,5172,CHIGORODO,EDS LA CURVA,ZEUSS,CALLE 95 No. 84-25,BIODIESEL EXTRA,8535,1,2018-05-03T00:00:00.000
5,antioquia,5660,SAN LUIS,ESTACION DE SERVICIO INVERSIONES AGUDELO SUAREZ,ZEUSS,AUTOPISTA MEDELLIN- BOGOTA KILOMETRO 120 VEREDA EL CRUCE,GASOLINA CORRIENTE OXIGENADA,9149,1,2018-05-03T00:00:00.000
5,antioquia,5631,SABANETA,EDS COMDECOM SANTA MARIA,TEXACO,CRA 48 AV LAS VEGAS ENTRE CL 72 SUR Y CL 73 SUR,GASOLINA EXTRA OXIGENADA,11620,1,2018-05-03T00:00:00.000
76,valle del cauca,76001,SANTIAGO DE CALI,ESTACION DE SERVICIO EL LIDO,ESSO,CALLE 5 No. 44-24,GASOLINA CORRIENTE OXIGENADA,8980,1,2018-05-03T00:00:00.000
5,antioquia,5197,COCORNA,ESTACION DE SERVICO LA MANOSA,ZEUSS,KILOMETRO 89 AUTOPISTA MEDELLIN - BOGOTA  VEREDA SAN LORENZO,BIODIESEL EXTRA,8446,1,2018-05-03T00:00:00.000
76,valle del cauca,76130,CANDELARIA,EDS TERPEL SAN ANTONIO,TERPEL,LOTE 1A CORREGIMIENTO EL BOLO,GASOLINA CORRIENTE OXIGENADA,8790,1,2018-05-03T00:00:00.000
5,antioquia,5631,SABANETA,ESTACION DE SERVICIO AUTOMOTRIZ COMBUSCOL SANTRA,TEXACO,CARRERA 49 SUR No. 52-300,GASOLINA CORRIENTE OXIGENADA,9050,1,2018-05-03T00:00:00.000
76,valle del cauca,76001,SANTIAGO DE CALI,MOBIL BELALCAZAR,MOBIL,Carrera 1 No.43-20,GASOLINA CORRIENTE OXIGENADA,8950,1,2018-05-03T00:00:00.000
76,valle del cauca,76520,PALMIRA,ESTACION DE SERVICIO LA CEIBA LLANO GRANDE SAS,TEXACO,CALLE 31 No. 35-34,BIODIESEL EXTRA,8577,1,2018-05-03T00:00:00.000
5,antioquia,5541,EL PEÑOL,ESTACION DE SERVICIOS EL OASIS,TERPEL,Calle 10 No 11-30,GASOLINA CORRIENTE OXIGENADA,9230,1,2018-05-03T00:00:00.000
5,antioquia,5001,MEDELLIN,ESTACION DE SERVICIO DISTRACOM PEDREGAL,MOBIL,Carrera 64 C No.89 A-30,BIODIESEL EXTRA,8420,1,2018-05-03T00:00:00.000
5,antioquia,5642,SALGAR,SERVICENTRO  ZEUSS SALGAR,ZEUSS,SECTOR EL PUENTE RESTREPO VEREDA BELLAVISTA,BIODIESEL EXTRA,8767,1,2018-05-04T00:00:00.000
76,valle del cauca,76001,SANTIAGO DE CALI,COMBUSTIBLES LA NAVE,TEXACO,CALLE 1 No. 42-20,BIODIESEL EXTRA,8680,1,2018-05-04T00:00:00.000
76,valle del cauca,76248,EL CERRITO,ESTACION DE SERVICIO SANTA ELENA VALLE SAS,BIOMAX,corregimiento santa elena,BIODIESEL EXTRA,8380,1,2018-05-04T00:00:00.000
5,antioquia,5209,CONCORDIA,ESTACION LA GAVIOTA,ZEUSS,CARRERA 19 NO.15-59,GASOLINA CORRIENTE OXIGENADA,9768,1,2018-05-04T00:00:00.000
5,antioquia,5360,ITAGUI,ESTACION TEXACO #3,TEXACO,CARRERA 42 No. 73A-29,BIODIESEL EXTRA,8080,1,2018-05-04T00:00:00.000
5,antioquia,5045,APARTADO,ESTACION DE SERVICIO TERPEL GALERIA,TERPEL,CALLE 92 No. 102-30,GASOLINA EXTRA OXIGENADA,11950,1,2018-05-04T00:00:00.000
5,antioquia,5250,EL BAGRE,ESTACION DE SERVICIO EL JORDAN,TEXACO,BARRIO COMODATO DE ARRIBA CALLE 33 No. 38-46,GASOLINA CORRIENTE OXIGENADA,9284,1,2018-05-04T00:00:00.000
5,antioquia,5001,MEDELLIN,FLOTA LA MILAGROSA,ZEUSS,CARRERA 31 No. 29-10,BIODIESEL EXTRA,8337,1,2018-05-04T00:00:00.000
5,antioquia,5129,CALDAS,ESTACION DE SERVICIO DISTRACOM LAS VEGAS,MOBIL,CARRERA 45 No. 134 SUR-605,BIODIESEL EXTRA,8400,1,2018-05-04T00:00:00.000
76,valle del cauca,76233,DAGUA,ESTACIÓN DE SERVICIO KM 30,MOBIL,Kilómetro 28 Ayerbe de Dagua,GASOLINA CORRIENTE OXIGENADA,9098,1,2018-05-04T00:00:00.000
76,valle del cauca,76497,OBANDO,ESTACION DE SERVICIO DISTRACOM SANTA LUCIA,MOBIL,CARRERA  5 5 31,BIODIESEL EXTRA,8184,1,2018-05-04T00:00:00.000
76,valle del cauca,76113,BUGALAGRANDE,ESTACION DE SERVICIO DISTRACOM LA URIBE,MOBIL,KILOMETRO 4 MAS 980 VIA BUGALAGRANDE - URIBE DOBLE CALZADA BUGA TULUA,GASOLINA CORRIENTE OXIGENADA,8962,1,2018-05-04T00:00:00.000
5,antioquia,5001,MEDELLIN,ESSO BELEN,MOBIL,Calle 30 A No. 69 C -11,BIODIESEL EXTRA,8570,1,2018-05-04T00:00:00.000
5,antioquia,5001,MEDELLIN,APARCADERO TASSA,ZEUSS,Carrera 51B  No 87 - 29,BIODIESEL EXTRA,8410,1,2018-05-04T00:00:00.000
5,antioquia,5440,MARINILLA,ESTACION DE SERVICIO EL CORDOBES,TEXACO,Calle 22 No 25 - 90,BIODIESEL EXTRA,8450,1,2018-05-04T00:00:00.000
5,antioquia,5001,MEDELLIN,ESTACION DE SERVICIO DISTRACOM SAN MIGUEL,TERPEL,CARRERA 55 No. 53 Sur - 50,GASOLINA EXTRA OXIGENADA,11260,1,2018-05-04T00:00:00.000
5,antioquia,5360,ITAGUI,ESTACION DE SERVICIO LA MONTAÑA,TERPEL,CRA 42 N 72-81,GASOLINA EXTRA OXIGENADA,11130,1,2018-05-04T00:00:00.000
5,antioquia,5360,ITAGUI,ESTACION DE SERVICIO LA MONTAÑA,TERPEL,CRA 42 N 72-81,BIODIESEL EXTRA,8020,1,2018-05-04T00:00:00.000
5,antioquia,5368,JERICO,ESTACION DE SERVICIO DISTRACOM EL PRADO,TEXACO,CALLE 1 No. 12-02 SECTOR  INDUSTRIAL LA BOMBA,BIODIESEL EXTRA,8770,1,2018-05-04T00:00:00.000
76,valle del cauca,76111,GUADALAJARA DE BUGA,ESTACION DE SERVICIO SAN MARTIN LA VARIANTE,MOBIL,CARRERA 8 No. 35 SN - 110 Salida a Tulua,GASOLINA CORRIENTE OXIGENADA,8900,1,2018-05-04T00:00:00.000
76,valle del cauca,76109,BUENAVENTURA,ESTACION DE SERVICIO PARADOR DEL PACIFICO,PETROMIL,KILOMETRO 18 VIA BUENAVENTURA - CALI,GASOLINA CORRIENTE OXIGENADA,8970,1,2018-05-04T00:00:00.000
76,valle del cauca,76113,BUGALAGRANDE,ESTACION DE SERVICIO DISTRACOM LA URIBE,MOBIL,KILOMETRO 4 MAS 980 VIA BUGALAGRANDE - URIBE DOBLE CALZADA BUGA TULUA,BIODIESEL EXTRA,8032,1,2018-05-04T00:00:00.000
76,valle del cauca,76111,GUADALAJARA DE BUGA,ESTACION DE SERVICIO EL RIO BUGA,TEXACO,CALLE 1 No. 11-88,GASOLINA CORRIENTE OXIGENADA,9240,1,2018-05-04T00:00:00.000
5,antioquia,5001,MEDELLIN,ESTACION DE SERVICIO DISTRACOM SAN MIGUEL,TERPEL,CARRERA 55 No. 53 Sur - 50,BIODIESEL EXTRA,8180,1,2018-05-04T00:00:00.000
5,antioquia,5895,ZARAGOZA,DISTRACOM LA PRIMERA ESTRELLA,TEXACO,CARRERA 47 No 30A - 15 BARRIO LA ESMERALDA,BIODIESEL EXTRA,8163,1,2018-05-04T00:00:00.000
5,antioquia,5360,ITAGUI,ESTACION DE SERVICIOS DISTRACOM LA INDEPENDENCIA,MOBIL,CALLE 37B No.43-31,GASOLINA CORRIENTE OXIGENADA,8580,1,2018-05-04T00:00:00.000
5,antioquia,5631,SABANETA,ESTACION DE SERVICIO DISTRACOM MARIA AUXILIADORA,MOBIL,CARRERA 45 No 61 SUR - 53,BIODIESEL EXTRA,8380,1,2018-05-04T00:00:00.000
5,antioquia,5576,PUEBLORRICO,ESTACION TERPEL PUEBLORICO,TERPEL,CALLE 32 No. 26-08,BIODIESEL EXTRA,8686,1,2018-05-04T00:00:00.000
76,valle del cauca,76111,GUADALAJARA DE BUGA,ESTACION DE SERVICIO SAN MARTIN LA VARIANTE,MOBIL,CARRERA 8 No. 35 SN - 110 Salida a Tulua,BIODIESEL EXTRA,8020,1,2018-05-04T00:00:00.000
5,antioquia,5665,SAN PEDRO DE URABA,ESTACION DE SERVICIOS CALEIRA,PROXXON,CARRERA 50 No. 52-83,BIODIESEL EXTRA,9130,1,2018-05-04T00:00:00.000
5,antioquia,5440,MARINILLA,ESTACION DE SERVICIO EL CORDOBES,TEXACO,Calle 22 No 25 - 90,GASOLINA CORRIENTE OXIGENADA,9080,1,2018-05-04T00:00:00.000
76,valle del cauca,76834,TULUA,SERVICENTRO AGUACLARA,TERPEL,TR 12 No 28A 28,GASOLINA CORRIENTE OXIGENADA,9170,1,2018-05-04T00:00:00.000
76,valle del cauca,76001,SANTIAGO DE CALI,ESTACION DE SERVICIO EL CAMPESTRE,TERPEL,CALLE 5 No. 94-64,GASOLINA CORRIENTE OXIGENADA,9090,1,2018-05-04T00:00:00.000
5,antioquia,5107,BRICEÑO,EDS - EL MIRADOR DE BRICEÑO,TEXACO,SECTOR LLANADAS VEREDA EL RESPALDO,GASOLINA CORRIENTE OXIGENADA,8261,1,2018-05-04T00:00:00.000
5,antioquia,5483,NARIÑO,ESTACION DE SERVICIOS EL RECREO NA,ZEUSS,VEREDA EL RECREO KILOMETRO 4 VIA  A LA DORADA,GASOLINA CORRIENTE OXIGENADA,9520,1,2018-05-04T00:00:00.000
5,antioquia,5154,CAUCASIA,ESTACIÓN DE SERVICIO DISTRACOM CARACOLI,TEXACO,CARRERA 3A No. 9A - 34,BIODIESEL EXTRA,8644,1,2018-05-04T00:00:00.000
